record_id,date,time,season,month,day_of_week,temperature,pressure,humidity,wind_speed,weather_condition
3110,2023-05-10,13:00:00,Spring,5,Wednesday,19.55,1011.3,58.46,16.04,RAINY
668,2023-01-28,19:00:00,Winter,1,Saturday,10.76,1018.01,44.55,15.49,Sunny
1373,2023-02-27,04:00:00,Winter,2,Monday,4.44,1009.92,48.83,18.13,Sunny
2039,2023-03-26,22:00:00,Spring,3,sunday,15.48,,68.89,9.68,foggy
785,2023-02-02,16:00:00,Winter,2,Thursday,,,62.1,10.39,windy
3422,2023-05-23,13:00:00,Spring,5,Tuesday,21.48,1024.77,68.61,18.54,stormy
647,2023-01-27,22:00:00,Winter,1,Friday,13.48,1007.99,35.21,10.78,sunny
646,2023-01-27,21:00:00,Winter,1,Friday,9.86,1016.11,54.2,19.34,windy
2573,2023-04-18,04:00:00,Spring,4,Tuesday,15.07,1006.99,40.02,3.65,rainy
461,2023-01-20,04:00:00,Winter,1,Friday,7.36,,46.77,12.56,RAINY
3345,2023-05-20,08:00:00,Spring,5,Saturday,15.85,1009.11,75.7,15.36,WINDY
1381,2023-02-27,12:00:00,Winter,2,Monday,4.27,1007.71,66.3,8.31,
604,2023-01-26,03:00:00,Winter,1,Thursday,2.39,1005.66,70.26,13.63,
1349,2023-02-26,04:00:00,Winter,2,Sunday,8.51,1014.19,33.83,16.82,cloudy
3069,2023-05-08,20:00:00,Spring,5,Monday,17.2,1003.49,57.91,18.16,Windy
3162,2023-05-12,17:00:00,Spring,5,Friday,19.55,1025.9,72.96,9.26,Cloudy
2774,2023-04-26,13:00:00,Spring,4,Wednesday,17.69,1014.31,46.04,15.7,rainy
416,2023-01-18,07:00:00,Winter,1,Wednesday,14.59,,23.17,8.35,
358,2023-01-15,21:00:00,Winter,1,Sunday,6.89,1010.79,59.61,16.89,rainy
1204,2023-02-20,03:00:00,Winter,2,Monday,11.3,1006.57,,10.51,Cludy
2412,2023-04-11,11:00:00,SPRING,4,Tuesday,,1010.66,62.53,11.83,stormy
3391,2023-05-22,06:00:00,Spring,5,Monday,18.25,1014.36,26.71,9.76,FOGGY
1992,2023-03-24,23:00:00,Spring,3,Friday,15.2,1009.32,70.45,, Foggy
340,2023-01-15,03:00:00,Winter,1,Sunday,5.27,1016.13,32.82,13.1,foggy
2120,2023-03-30,07:00:00,SPRING,3,THURSDAY,,1000.59,88.21,3.91,FOGGY
2697,2023-04-23,08:00:00,Spring,4,Sunday,25.9,1020.33,,11.52,rainy
1861,2023-03-19,12:00:00,Spring,3,Sunday,,1035.34,56.37,16.73,Rainy
2133,2023-03-30,20:00:00,SPRING,3,Thursday,23.05,1009.43,41.77,3.34,RAINY
1160,2023-02-18,07:00:00,Winter,2,Saturday,10.62,1003.24,,4.99,RAINY
432,2023-01-18,23:00:00,Winter,1,Wednesday,3.32,1021.69,46.96,16.85,sunny
2805,2023-04-27,20:00:00,Spring,4,Thursday,23.52,1011.98,64.63,9.7,Cloudy
1030,2023-02-12,21:00:00,Winter,2,Sunday,,997.88,48.18,5.76,FOGGY
1856,2023-03-19,07:00:00,Spring,3,Sunday,15.86,1012.92,37.99,18.18,Sunny 
3404,2023-05-22,19:00:00,Spring,5,Monday,12.72,1007.24,92.28,12.82, Foggy
2502,2023-04-15,05:00:00,Spring,4,Saturday,23.99,1006.83,70.01,7.31,Cludy
1232,2023-02-21,07:00:00,Winter,2,Tuesday,10.24,1008.99,48.27,13.43,windy
3166,2023-05-12,21:00:00,Spring,5,Friday,16.0,1012.56,,,Sunny
3410,2023-05-23,01:00:00,Spring,5,Tuesday,15.31,1001.13,80.17,12.64,RAINY
783,2023-02-02,14:00:00,Winter,2,Thursday,8.36,1009.71,53.66,11.77,Stormy
1424,2023-03-01,07:00:00,Spring,3,Wednesday,19.66,1004.62,80.67,15.14,FOGGY
1259,2023-02-22,10:00:00,Winter,2,Wednesday,11.66,1017.31,65.74,26.37,FOGGY
1613,2023-03-09,04:00:00,Spring,3,Thursday,6.74,1015.69,50.91,17.82,Cloudy
2244,2023-04-04,11:00:00,Spring,4,Tuesday,,1023.63,67.26,6.52,Sunny 
1191,2023-02-19,14:00:00,Winter,2,Sunday,1.65,1018.35,65.08,14.31,Foggy
3154,2023-05-12,09:00:00,Spring,5,Friday,10.36,1025.46,56.13,14.93,Rainy
2273,2023-04-05,16:00:00,Spring,4,Wednesday,17.34,1008.38,65.46,9.91,windy
2608,2023-04-19,15:00:00,Spring,4,Wednesday,23.53,1003.0,48.66,18.17, Foggy
842,2023-02-05,01:00:00,Winter,2,Sunday,4.45,1028.63,47.11,13.07,Windy
1929,2023-03-22,08:00:00,Spring,3,Wednesday,16.76,1015.67,74.49,16.01,WINDY
1064,2023-02-14,07:00:00,Winter,2,Tuesday,9.05,1004.27,58.51,18.21,Cludy
2343,2023-04-08,14:00:00,Spring,4,Saturday,22.88,1015.95,32.41,11.7,Cludy
705,2023-01-30,08:00:00,Winter,1,Monday,10.41,1015.95,60.91,0.43,sunny
2850,2023-04-29,17:00:00,Spring,4,Saturday,18.59,1006.57,54.43,10.74,Foggy
2401,2023-04-11,00:00:00,Spring,4,Tuesday,7.01,1023.15,57.85,9.72,stormy
595,2023-01-25,18:00:00,Winter,1,Wednesday,6.2,1002.39,48.8,13.56,SUNNY
232,2023-01-10,15:00:00,Winter,1,Tuesday,13.98,1000.81,46.62,14.26,Stormy
1227,2023-02-21,02:00:00,Winter,2,Tuesday,11.22,1020.43,47.55,,Foggy
734,2023-01-31,13:00:00,Winter,1,tuesday,3.55,1020.64,68.14,20.84,RAINY
304,2023-01-13,15:00:00,Winter,1,Friday,4.41,1020.16,50.58,19.49,Foggy
3125,2023-05-11,04:00 AM,Spring,5,Thursday,,1018.97,52.23,5.05,Foggy
1768,2023-03-15,15:00:00,Spring,3,Wednesday,26.03,996.35,73.09,6.38,Stromy
1774,2023-03-15,21:00:00,Spring,3,Wednesday,10.7,1022.53,65.13,1.7,foggy
615,2023-01-26,14:00:00,Winter,1,Thursday,5.1,1014.92,-15.0,14.83,Rainy 
2017,2023-03-26,00:00:00,Spring,3,Sunday,13.59,1013.72,72.47,17.55,Foggy
3406,,21:00:00,Spring,5,Monday,25.19,1015.67,63.98,16.43,Windy
3129,2023-05-11,08:00:00,Spring,5,Thursday,,1019.71,52.64,11.65,windy
2824,2023-04-28,03:00 PM,Spring,4,Friday,23.89,1027.67,28.43,4.62,windy
2873,2023-04-30,16:00:00,Spring,4,Sunday,14.86,1022.66,42.79,13.08,Foggy
1694,2023-03-12,13:00:00,Spring,3,Sunday,6.91,1003.65,38.55,16.93,
395,2023-01-17,10:00:00,Winter,1,Tuesday,-0.08,1022.32,43.98,,stormy
329,2023-01-14,16:00:00,Winter,1,Saturday,999.0,1017.46,55.16,,Windy
1172,2023-02-18,19:00:00,Winter,2,Saturday,2.81,1018.32,43.06,6.3,foggy
231,2023-01-10,14:00:00,WINTER,1,tuesday,13.37,1004.79,56.99,7.8,windy
700,2023-01-30,03:00:00,Winter,1,Monday,10.87,998.71,49.61,13.81,WINDY
2820,2023-04-28,11:00:00,Spring,4,Friday,27.45,1013.09,61.39,,Stormy
3170,2023-05-13,01:00 AM,Spring,5,Saturday,21.24,,70.58,13.21,STORMY
1859,2023-03-19,10:00:00,Spring,3,Sunday,,1005.61,48.24,13.76,Cludy
1978,2023-03-24,09:00:00,Spring,3,friday,21.86,1019.27,60.03,15.39,
2807,2023-04-27,22:00:00,Spring,4,Thursday,22.3,990.86,95.72,21.01,Stromy
1662,2023-03-11,05:00:00,spring,3,Saturday,13.11,1027.39,63.29,6.38,CLOUDY
1505,2023-03-04,16:00:00,Spring,3,Saturday,28.89,1014.55,52.79,,Windy
53,2023-01-03,04:00:00,Winter,1,Tuesday,,1043.82,63.56,18.81,cloudy
1582,2023-03-07,,Spring,3,Tuesday,15.54,1001.7,47.25,15.71,STORMY
1006,2023-02-11,21:00:00,Winter,2,Saturday,18.85,1001.61,,16.7,STORMY
335,2023-01-14,22:00:00,Winter,1,saturday,,1010.58,49.18,13.02,WINDY
765,2023-02-01,20:00:00,Winter,2,Wednesday,5.22,1014.64,36.97,9.63,Cloudy
460,2023-01-20,03:00:00,Winter,1,Friday,2.28,1013.87,54.5,10.75,Rainy 
810,2023-02-03,17:00:00,Winter,2,Friday,13.04,1002.96,57.77,17.63,Cloudy
1658,2023-03-11,01:00:00,Spring,3,Saturday,15.04,1016.52,31.48,14.74,stormy
3050,2023-05-08,01:00:00,Spring,5,Monday,14.71,1014.39,,12.1,cloudy
86,04/01/2023,13:00:00,Winter,1,Wednesday,3.89,1014.95,58.67,8.96,Windy
515,2023-01-22,10:00:00,Winter,1,Sunday,5.62,1020.0,58.94,,Stromy
691,2023-01-29,18:00:00,Winter,1,Sunday,11.15,,68.43,8.21,Rainy
410,2023-01-18,01:00:00,Winter,1,Wednesday,,1016.39,85.94,5.59,windy
2395,2023-04-10,18:00:00,Spring,4,Monday,9.95,1019.03,38.77,9.97,Rainy 
887,2023-02-06,22:00:00,Winter,2,monday,,1015.51,,20.8,Rainy
115,2023-01-05,18:00:00,Winter,1,Thursday,7.46,1004.72,46.7,4.81,Stormy
3214,2023-05-14,21:00:00,Spring,5,SUNDAY,14.09,1009.32,37.47,1.13,CLOUDY
1734,2023-03-14,05:00:00,Spring,3,Tuesday,19.24,1012.92,68.18,,FOGGY
1642,2023-03-10,09:00:00,Spring,3,friday,17.89,,77.13,, Foggy
1241,2023-02-21,16:00:00,Winter,2,Tuesday,6.41,1004.76,53.15,13.85,stormy
2553,2023-04-17,08:00:00,Spring,4,Monday,18.05,1007.49,50.34,14.42,Rainy
1821,2023-03-17,20:00:00,Spring,3,Friday,14.13,1023.94,84.5,11.77,SUNNY
1958,2023-03-23,13:00:00,Spring,3,Thursday,18.96,1003.8,52.1,,sunny
1795,2023-03-16,18:00:00,Spring,3,Thursday,23.94,1005.28,48.78,7.65,cloudy
1197,2023-02-19,08:00 PM,winter,2,SUNDAY,21.78,1010.56,65.96,8.1,Windy
2333,2023-04-08,04:00:00,Spring,4,Saturday,19.13,1017.85,NA,10.14,Stormy
2927,2023-05-02,22:00:00,Spring,5,Tuesday,20.57,1019.0,43.62,15.73,
759,2023-02-01,14:00:00,Winter,2,Wednesday,10.27,1005.14,55.88,14.68,CLOUDY
543,2023-01-23,14:00:00,Winter,1,Monday,6.83,1016.73,69.81,11.54,WINDY
1109,2023-02-16,04:00:00,Winter,2,Thursday,9.13,1008.51,46.7,16.18,CLOUDY
2718,2023-04-24,05:00:00,Spring,4,Monday,14.44,1017.76,74.48,13.69,Cloudy
2145,2023-03-31,08:00 AM,Spring,3,Friday,18.08,1005.1,21.16,14.59,windy
1279,2023-02-23,06:00:00,Winter,2,Thursday,7.8,1001.77,52.99,15.12,Stromy
1066,2023-02-14,09:00:00,Winter,2,Tuesday,12.99,1010.71,66.39,10.25,RAINY
1035,2023-02-13,02:00:00,Winter,2,Monday,7.72,1015.7,68.37,12.03,windy
633,2023-01-27,08:00:00,Winter,1,Friday,18.28,1003.95,62.1,6.44,SUNNY
2611,2023-04-19,18:00:00,Spring,4,Wednesday,16.41,1008.67,,8.5,Rainy 
3175,2023-05-13,06:00:00,Spring,5,Saturday,25.12,1011.93,34.2,8.86,RAINY
1586,2023-03-08,01:00:00,Spring,3,Wednesday,13.37,1012.09,52.85,11.01,rainy
930,2023-02-08,17:00:00,Winter,2,wednesday,24.22,1031.46,52.28,11.36,windy
1237,2023-02-21,12:00:00,Winter,2,Tuesday,16.74,1021.32,43.9,3.99,cloudy
1876,2023-03-20,03:00:00,Spring,3,Monday,150.0,1013.97,66.3,12.6,STORMY
3370,2023-05-21,09:00:00,Spring,5,Sunday,16.24,1005.03,60.24,13.21,  sunny  
781,2023-02-02,12:00:00,Winter,2,Thursday,5.58,1008.1,62.37,9.85,SUNNY
35,2023-01-02,10:00:00,Winter,1,Monday,4.08,1010.42,67.2,4.61,rainy
1672,2023-03-11,15:00:00,Spring,3,Saturday,18.08,1014.15,47.26,6.45,Windy
292,2023-01-13,03:00:00,WINTER,1,Friday,13.11,1032.52,75.76,15.38,windy
3397,2023-05-22,12:00:00,Spring,5,Monday,21.6,1017.17,45.89,14.57,Cloudy
1371,2023-02-27,02:00:00,Winter,2,Monday,17.8,1016.6,,12.22,Stromy
153,2023-01-07,08:00:00,Winter,1,Saturday,-0.89,1024.97,64.82,11.67,FOGGY
3140,2023/05/11,19:00:00,Spring,5,Thursday,18.04,1012.94,38.18,3.29,Rainy
206,2023-01-09,13:00:00,winter,1,Monday,5.41,1024.27,89.48,9.82,Stormy
1100,2023-02-15,19:00:00,Winter,2,Wednesday,3.5,1005.29,71.2,17.66,CLOUDY
1096,2023-02-15,15:00:00,Winter,2,Wednesday,8.79,1014.41,45.0,13.19,STORMY
697,2023-01-30,00:00:00,Winter,1,Monday,5.56,1010.18,43.45,4.22,SUNNY
297,2023-01-13,08:00:00,Winter,1,Friday,3.05,1020.53,40.26,10.65,Foggy
2071,2023-03-28,06:00:00,spring,3,Tuesday,16.42,1024.0,67.1,5.66,rainy
1248,2023-02-21,23:00:00,Winter,2,Tuesday,8.96,1032.14,23.51,,foggy
2675,2023-04-22,10:00:00,Spring,4,Saturday,24.89,1030.19,62.82,0.51,STORMY
439,2023-01-19,06:00:00,Winter,1,Thursday,4.73,998.35,NA,20.24,CLOUDY
2923,2023-05-02,18:00:00,Spring,5,Tuesday,16.48,1023.46,46.42,22.57,Rainy
2065,2023-03-28,00:00:00,SPRING,3,Tuesday,23.61,1014.83,50.15,13.61,Sunny
550,2023-01-23,21:00:00,Winter,1,Mon,10.13,1013.15,,14.93,Cludy
217,2023-01-10,00:00:00,Winter,1,Tuesday,4.94,1009.9,59.29,14.01,STORMY
802,2023-02-03,,Winter,2,Friday,3.24,1007.58,43.41,16.98,SUNNY
2966,2023-05-04,13:00:00,Spring,5,Thursday,20.11,1004.88,64.35,21.82,
722,2023-01-31,01:00:00,Winter,1,Tuesday,-5.74,1009.0,,20.33,FOGGY
525,2023-01-22,20:00:00,Winter,1,Sunday,11.35,1004.43,31.69,16.91,WINDY
1465,2023-03-03,00:00:00,Spring,3,Friday,6.88,1008.86,50.49,8.21,Stormy
94,2023-01-04,21:00:00,winter,1,WEDNESDAY,15.26,1020.67,87.3,7.4,FOGGY
3061,2023-05-08,12:00:00,Spring,5,Monday,,1013.82,64.74,17.52,windy
1090,2023-02-15,09:00:00,Winter,2,Wednesday,9.14,1010.41,63.87,16.08,windy
1603,2023-03-08,18:00:00,Spring,3,Wednesday,15.81,1014.46,61.59,11.41,SUNNY
205,2023-01-09,12:00:00,Winter,1,monday,9.34,1020.12,56.23,18.39,rainy
3289,2023-05-18,00:00:00,Spring,5,Thursday,13.47,1023.45,29.52,16.71,CLOUDY
3414,2023-05-23,05:00:00,Spring,5,Tuesday,24.71,1011.15,250.0,10.1,Sunny 
1017,2023-02-12,08:00:00,Winter,2,Sunday,3.04,1007.94,57.84,13.78,foggy
445,2023-01-19,12:00:00,Winter,1,Thursday,4.94,1012.7,48.56,7.85,Rainy 
2770,2023-04-26,09:00:00,Spring,4,Wed,15.24,1004.53,37.34,21.37,WINDY
2054,2023-03-27,13:00:00,Spring,3,Monday,,1005.17,47.4,13.44,cloudy
1287,2023-02-23,14:00:00,Winter,2,Thursday,12.54,1013.99,53.14,10.73,WINDY
902,2023-02-07,13:00:00,Winter,2,Tuesday,11.91,1006.67,43.3,18.49,Cloudy
2742,2023-04-25,05:00:00,Spring,4,Tuesday,19.45,1011.64,64.53,5.84,Cludy
3052,2023-05-08,03:00:00,SPRING,5,Monday,25.41,1019.07,67.49,15.53,FOGGY
1225,2023-02-21,00:00:00,Winter,2,Tuesday,-0.44,1004.04,65.06,15.62,Sunny
2316,2023-04-07,11:00:00,Spring,4,Friday,,1024.95,64.17,7.4,Stormy
1288,2023-02-23,15:00:00,Winter,2,Thursday,11.73,1015.6,89.14,6.89,FOGGY
3385,2023-05-22,00:00:00,Spring,5,Monday,13.57,1019.21,39.92,9.8,foggy
443,2023-01-19,10:00:00,Winter,1,Thursday,8.62,1017.41,55.65,22.17,FOGGY
30,2023-01-02,05:00:00,Winter,1,Monday,7.83,1003.65,72.14,16.51,Rainy
733,2023-01-31,12:00:00,Winter,1,Tuesday,15.89,1020.88,68.04,9.27,CLOUDY
2686,2023-04-22,21:00:00,Spring,4,Saturday,22.86,1014.15,,9.65,Sunny 
2764,2023-04-26,03:00:00,Spring,4,Wednesday,19.94,1013.0,67.4,7.53,Stormy
3199,2023-05-14,06:00:00,Spring,5,Sunday,26.41,1010.26,92.55,12.15,Cloudy
864,2023-02-05,23:00:00,Winter,2,Sunday,7.36,1008.52,11.06,24.32,
2008,2023-03-25,15:00:00,Spring,3,Saturday,9.87,1013.66,48.78,21.01,cloudy
3346,2023-05-20,09:00:00,Spring,5,Sat,22.13,1022.81,62.89,,Rainy 
1592,2023-03-08,07:00:00,Spring,3,Wednesday,24.95,1027.3,51.3,1.81,sunny
1376,2023-02-27,07:00:00,Winter,2,Monday,11.52,1017.27,57.48,3.71,Rainy
3116,2023-05-10,19:00:00,Spring,5,Wednesday,10.31,1030.47,40.51,11.03,RAINY
248,2023-01-11,07:00:00,Winter,1,Wednesday,6.9,1013.22,,0.25,STORMY
846,2023/02/05,05:00:00,Winter,2,Sunday,18.83,1022.52,58.19,18.16,Stormy
2132,2023-03-30,19:00:00,Spring,3,Thursday,9.28,1004.56,150.0,13.27,Stormy
2345,2023-04-08,16:00:00,Spring,4,Saturday,7.68,1022.77,49.0,12.94,stormy
3231,2023-05-15,14:00:00,Spring,5,Monday,12.32,1016.24,47.2,3.47,Sunny 
177,2023-01-08,,Winter,1,Sunday,0.22,1017.85,35.79,22.53,STORMY
2540,2023-04-16,19:00:00,Spring,4,Sunday,,1008.02,62.54,19.27,foggy
2719,2023-04-24,06:00:00,Spring,4,Monday,21.44,1017.88,76.29,0.3,RAINY
2059,2023-03-27,18:00:00,Spring,3,Monday,7.78,1008.37,70.84,16.73, Foggy
670,2023-01-28,21:00:00,Winter,1,Saturday,9.75,1000.48,56.43,10.42, Foggy
1817,2023-03-17,16:00:00,Spring,3,Friday,17.26,1007.75,68.11,12.47,sunny
3092,2023-05-09,19:00:00,Spring,5,Tuesday,21.75,999.5,51.21,15.5,stormy
2394,2023-04-10,17:00:00,Spring,4,Monday,15.55,991.04,61.08,6.93,foggy
1462,2023-03-02,21:00:00,Spring,3,Thursday,21.6,1008.64,98.91,6.03,Rainy
1184,2023-02-19,07:00:00,Winter,2,Sunday,,1016.79,,17.75,cloudy
1251,2023-02-22,02:00:00,Winter,2,Wednesday,5.88,1009.37,28.07,,cloudy
57,2023-01-03,08:00:00,Winter,1,Tuesday,5.64,1021.71,55.96,5.53,rainy
1668,2023-03-11,11:00:00,Spring,3,Saturday,19.93,1018.62,58.61,8.01,Rainy
777,2023-02-02,08:00:00,Winter,2,Thursday,4.35,1015.89,35.6,15.43,Rainy
921,2023-02-08,08:00:00,Winter,2,Wednesday,2.4,1009.85,57.68,19.38,Rainy
2544,2023-04-16,23:00:00,Spring,4,Sunday,21.2,1015.85,,,STORMY
764,2023-02-01,19:00:00,Winter,2,Wednesday,6.56,1006.73,81.02,6.86,stormy
2455,2023-04-13,06:00:00,Spring,4,Thursday,18.57,1013.01,38.66,18.65,STORMY
26,2023-01-02,01:00:00,Winter,1,Monday,0.92,1009.63,49.86,7.19,STORMY
288,2023-01-12,23:00:00,Winter,1,Thursday,15.97,1006.22,40.13,,stormy
1902,2023-03-21,05:00:00,Spring,3,Tuesday,19.53,1007.15,41.54,8.18,Windy
2077,2023-03-28,12:00:00,Spring,3,TUESDAY,22.16,1019.38,33.64,23.47,rainy
370,2023-01-16,09:00:00,Winter,1,Monday,7.4,1016.36,41.69,9.38,sunny
1011,2023-02-12,02:00:00,Winter,2,Sunday,,1019.13,30.76,13.8,Cludy
1166,2023-02-18,13:00:00,Winter,2,Saturday,15.41,1010.73,,9.17,
3280,2023-05-17,15:00:00,Spring,5,Wednesday,,1012.51,30.18,14.9,windy
2076,2023-03-28,11:00:00,Spring,3,Tuesday,,1009.16,44.18,12.83,Rainy 
2726,2023-04-24,13:00:00,Spring,4,Monday,,1008.73,32.28,15.29,Rainy 
1368,2023-02-26,23:00:00,Winter,2,Sunday,6.37,1014.0,77.73,14.29,SUNNY
2362,2023-04-09,09:00:00,Spring,4,Sunday,25.17,999.08,43.0,8.68,Rainy
1915,2023-03-21,18:00:00,Spring,3,Tuesday,25.6,995.91,66.4,6.96,cloudy
29,2023-01-02,04:00:00,winter,1,Monday,?,1032.71,52.11,13.81,sunny
620,26-Jan-2023,19:00:00,Winter,1,Thursday,6.85,1024.63,34.92,16.16,Rainy
415,2023-01-18,06:00:00,Winter,1,Wednesday,8.84,1023.54,39.9,18.84,windy
686,2023-01-29,13:00:00,Winter,1,Sunday,10.07,1016.71,55.65,15.35,Stormy
1744,2023-03-14,15:00:00,Spring,3,Tuesday,27.56,,75.24,12.15,Cloudy
2147,2023-03-31,10:00:00,Spring,3,Friday,16.67,1017.45,82.96,0.85,stormy
2361,2023-04-09,08:00:00,Spring,4,Sunday,9.21,1010.99,40.42,12.48,Rainy
1758,2023-03-15,05:00:00,Spring,3,Wednesday,12.22,1015.58,34.54,8.81,Stormy
3252,,11:00:00,Spring,5,tuesday,17.26,1005.91,42.77,9.9,Rainy
1830,2023-03-18,05:00:00,Spring,3,Saturday,13.36,1022.95,,1.14,cloudy
1016,2023-02-12,07:00:00,Winter,2,Sunday,11.75,1015.23,40.74,13.91,STORMY
1055,2023-02-13,22:00:00,Winter,2,Monday,150.0,1009.15,59.87,1.18,RAINY
2640,2023-04-20,23:00:00,Spring,4,Thursday,19.37,1010.87,53.46,20.18,Rainy 
1526,2023-03-05,13:00:00,Spring,3,Sunday,15.06,1014.84,38.0,14.1,RAINY
1523,2023-03-05,10:00:00,Spring,3,Sunday,19.32,1012.68,66.18,12.56,WINDY
1389,2023-02-27,20:00:00,Winter,2,Monday,7.14,1018.11,54.05,3.29,Cludy
698,2023-01-30,01:00:00,Winter,1,Monday,5.72,1014.45,63.93,8.66,Windy
1675,2023-03-11,18:00:00,Spring,3,Saturday,22.99,1022.02,38.05,7.06,WINDY
2928,2023-05-02,23:00:00,Spring,5,Tuesday,23.63,1012.21,85.03,12.26,stormy
2365,2023-04-09,12:00:00,Spring,4,Sunday,,1013.42,70.68,10.79,cloudy
2995,2023-05-05,18:00:00,Spring,5,Friday,19.02,,60.35,25.42,Cloudy
2186,2023-04-02,01:00:00,Spring,4,Sunday,14.24,1025.16,56.97,17.31,
913,2023-02-08,00:00:00,Winter,2,Wednesday,11.91,,61.12,15.3,FOGGY
1935,2023-03-22,14:00:00,Spring,3,Wednesday,,1017.16,58.15,15.69,WINDY
405,2023-01-17,20:00:00,Winter,1,Tuesday,9.49,1006.99,48.6,18.89,Rainy 
1766,2023-03-15,13:00:00,Spring,3,Wednesday,25.68,1017.78,44.33,12.7,sunny
225,2023-01-10,08:00:00,WINTER,1,Tuesday,7.16,1014.17,,7.1,foggy
1154,2023-02-18,01:00:00,Winter,2,Saturday,15.21,1008.9,-15.0,10.14,Stormy
218,2023-01-10,01:00:00,Winter,1,Tuesday,11.29,1029.08,52.35,7.21,Sunny
2490,2023-04-14,17:00:00,Spring,4,Friday,19.96,1004.72,64.76,14.56,  Sunny  
3057,2023-05-08,08:00:00,Spring,5,Monday,14.97,1023.68,34.63,11.45,windy
2089,2023-03-29,00:00:00,Spring,3,Wednesday,,1019.16,87.9,17.73,Stormy
28,2023-01-02,03:00:00,Winter,1,Mon,9.29,1012.4,26.22,11.84,Stormy
1076,2023-02-14,19:00:00,Winter,2,Tuesday,5.88,1002.08,40.39,16.22,rainy
2721,2023-04-24,08:00:00,Spring,4,Monday,,1007.17,47.77,13.46,Stormy
2428,2023-04-12,03:00:00,Spring,4,Wed,11.28,1004.4,39.3,16.07,Windy
935,2023-02-08,22:00:00,Winter,2,Wednesday,5.71,1011.73,49.44,3.91,WINDY
1808,2023-03-17,07:00:00,Spring,3,Friday,18.8,1018.3,39.41,22.13,Sunny
775,2023-02-02,06:00:00,winter,2,Thursday,13.21,1017.67,53.06,15.48,Sunny 
630,2023-01-27,05:00:00,Winter,1,Friday,8.43,995.25,51.55,6.89,Foggy
797,03/02/2023,04:00:00,Winter,2,Friday,4.1,1023.64,37.05,17.36,RAINY
533,2023-01-23,04:00:00,Winter,1,Monday,11.58,1018.75,61.58,12.12,Foggy
1765,2023-03-15,12:00:00,Spring,3,Wednesday,16.65,1012.78,84.3,16.12,Sunny 
635,2023-01-27,10:00:00,Winter,1,Friday,12.88,1020.35,36.31,12.33,Windy
2567,2023-04-17,22:00:00,Spring,4,Monday,21.82,1016.21,48.6,11.25,STORMY
1601,2023-03-08,04:00 PM,Spring,3,Wednesday,19.65,,49.51,-15.03,Cludy
514,2023-01-22,09:00:00,Winter,1,Sunday,4.71,1010.57,34.81,7.08,Stromy
1002,2023-02-11,17:00:00,Winter,2,Saturday,1.17,1017.74,14.43,8.22,windy
2584,2023-04-18,15:00:00,Spring,4,Tuesday,27.48,1011.8,58.0,11.6,Windy
286,2023-01-12,21:00:00,Winter,1,Thursday,6.51,1024.01,52.75,12.75,cloudy
3108,2023-05-10,11:00:00,Spring,5,Wednesday,16.8,1010.81,75.24,21.23,windy
1816,2023-03-17,15:00:00,Spring,3,Friday,27.92,1013.1,60.8,20.16,Rainy
2626,2023-04-20,09:00:00,Spring,4,Thursday,25.71,1023.67,66.67,12.45,Foggy
1367,2023-02-26,22:00:00,Winter,2,Sunday,-1.84,1012.83,59.4,13.5,Cloudy
1037,2023-02-13,04:00:00,Winter,2,Monday,0.41,991.95,60.83,11.43,Rainy 
2464,2023-04-13,15:00:00,Spring,4,Thursday,21.43,1007.87,46.46,15.55,CLOUDY
2674,04-22-2023,09:00:00,Spring,4,Saturday,23.34,1012.29,65.27,5.54,Sunny
3249,2023-05-16,08:00:00,Spring,5,Tuesday,24.5,994.56,73.55,8.73,WINDY
1893,2023-03-20,20:00:00,Spring,3,Monday,23.88,1008.33,38.71,12.18,FOGGY
2877,2023-04-30,20:00:00,Spring,4,Sunday,27.31,1014.0,71.49,9.89,Sunny
2023,2023-03-26,06:00:00,Spring,3,Sunday,20.2,1008.83,39.24,17.08,windy
3418,2023-05-23,09:00:00,Spring,5,Tuesday,18.16,1025.29,81.75,12.45,Rainy 
3172,2023-05-13,03:00:00,SPRING,5,SATURDAY,13.53,0.0,18.09,11.16,stormy
2767,2023-04-26,06:00:00,Spring,4,Wednesday,24.36,1010.38,50.53,14.72,Stormy
266,2023-01-12,01:00:00,Winter,1,Thursday,11.86,990.21,72.23,1.56,Stormy
1769,2023-03-15,16:00:00,Spring,3,Wednesday,11.14,1022.44,65.98,19.53,
2485,2023-04-14,12:00:00,Spring,4,Friday,19.56,1019.87,36.06,0.53,foggy
2709,2023-04-23,20:00:00,Spring,4,Sunday,15.19,1010.99,79.68,10.59,foggy
1968,2023-03-23,23:00:00,Spring,3,Thursday,12.22,1018.8,77.9,23.42, Foggy
1874,2023-03-20,01:00:00,Spring,3,Monday,14.99,1013.01,39.11,300.0,cloudy
145,2023-01-07,,Winter,1,Saturday,9.18,1019.17,32.82,18.86,Windy
3296,2023-05-18,07:00:00,Spring,5,Thursday,,1004.02,50.71,12.97,Rainy
68,2023-01-03,19:00:00,Winter,1,Tuesday,5.8,1014.05,76.62,3.38,Stormy
2978,2023-05-05,01:00:00,Spring,5,Friday,14.55,,58.81,,stormy
1572,2023-03-07,11:00:00,Spring,3,Tuesday,15.03,1008.07,39.4,,WINDY
1458,2023-03-02,17:00:00,Spring,3,Thursday,18.8,1023.9,51.45,,Rainy 
1335,2023-02-25,14:00:00,WINTER,2,Saturday,5.44,1006.59,,16.62,FOGGY
2130,2023-03-30,17:00:00,Spring,3,Thursday,13.36,1023.31,45.49,18.77,RAINY
1909,2023-03-21,12:00:00,Spring,3,Tuesday,22.83,1018.63,82.78,9.49,Stormy
2177,2023-04-01,16:00:00,Spring,4,Saturday,26.72,1018.31,58.07,14.45,Sunny 
994,2023-02-11,09:00:00,Winter,2,Saturday,9.74,1013.69,,13.15,sunny
1990,2023-03-24,21:00:00,Spring,3,Friday,17.79,1030.27,56.37,9.72,windy
2423,2023-04-11,22:00:00,Spring,4,tuesday,17.91,1015.35,62.27,10.19,windy
1751,2023-03-14,22:00:00,Spring,3,Tuesday,21.93,998.78,65.72,10.6,foggy
2947,2023-05-03,18:00:00,spring,5,Wednesday,12.32,1014.85,45.16,18.67,Foggy
556,2023-01-24,03:00:00,Winter,1,Tuesday,6.21,1007.82,66.16,10.91,Sunny 
2858,2023-04-30,01:00:00,Spring,4,Sunday,17.59,1017.51,50.97,14.09,WINDY
520,2023-01-22,15:00:00,Winter,1,Sunday,11.08,1022.63,52.91,9.3,Sunny 
269,2023-01-12,04:00:00,Winter,1,Thursday,8.38,1002.74,69.94,9.04,Stromy
2041,2023-03-27,00:00:00,Spring,3,Monday,17.29,1020.02,66.86,11.87,Stromy
3357,2023-05-20,20:00:00,Spring,5,Saturday,23.12,1020.27,40.04,,Stormy
1365,2023-02-26,20:00:00,Winter,2,Sun,4.86,1010.78,39.46,10.78,Stromy
2201,2023-04-02,16:00:00,Spring,4,Sunday,?,1003.77,62.45,15.81,SUNNY
1033,2023-02-13,00:00:00,Winter,2,Monday,4.32,1026.25,51.35,12.01,windy
2106,2023-03-29,,Spring,3,Wednesday,19.44,1020.55,-15.0,6.79,cloudy
2148,2023-03-31,11:00:00,Spring,3,Friday,14.5,1011.32,76.82,2.18, Foggy
2005,2023-03-25,12:00:00,Spring,3,Saturday,14.34,1007.08,86.81,17.87,STORMY
87,2023/01/04,14:00:00,Winter,1,Wednesday,5.64,1014.86,33.28,3.56,
166,2023-01-07,21:00:00,winter,1,Saturday,5.13,1008.63,,8.74,RAINY
196,2023-01-09,03:00:00,Winter,1,Monday,8.89,1002.32,60.7,15.66,stormy
2744,2023-04-25,07:00:00,Spring,4,Tuesday,27.15,1016.95,40.47,13.49,rainy
3084,2023-05-09,11:00:00,Spring,5,Tuesday,20.53,1018.37,19.66,4.11,Rainy 
2474,2023-04-14,01:00:00,Spring,4,Friday,16.18,1011.27,52.95,7.33,Sunny 
1626,2023-03-09,17:00:00,Spring,3,Thursday,24.14,1003.32,61.58,3.78,Cludy
1058,2023-02-14,01:00:00,Winter,2,Tuesday,9.38,1013.07,31.44,,Foggy
2475,2023-04-14,02:00:00,SPRING,4,Friday,15.78,1010.84,79.19,17.68,
2084,2023-03-28,19:00:00,Spring,3,Tuesday,18.75,1018.7,70.47,14.33,Rainy
2891,2023-05-01,10:00:00,Spring,5,Monday,,1003.86,,,Rainy 
1800,2023-03-16,23:00:00,Spring,3,Thursday,20.25,1012.17,81.63,3.12,  windy  
2704,2023-04-23,03:00 PM,Spring,4,Sunday,17.5,1014.72,48.1,9.97,Rainy
3417,2023-05-23,08:00:00,Spring,5,Tuesday,-80.0,1008.88,81.35,21.28,foggy
3094,2023-05-09,21:00:00,Spring,5,Tuesday,20.69,1005.38,42.33,12.37,Sunny
836,2023-02-04,19:00:00,Winter,2,Saturday,11.53,1011.06,39.6,19.38,Rainy 
1605,2023-03-08,20:00:00,Spring,3,Wednesday,,1024.81,62.37,10.63,Cludy
1606,2023-03-08,21:00:00,Spring,3,Wednesday,12.31,1006.43,74.54,12.83,cloudy
498,2023-01-21,17:00:00,Winter,1,Saturday,4.79,1016.46,67.01,16.53,FOGGY
1894,2023-03-20,09:00 PM,Spring,3,Monday,14.8,1024.87,43.98,-20.0,Cludy
459,,02:00:00,Winter,1,Friday,12.77,1015.3,45.81,14.17,Sunny 
1517,2023-03-05,04:00:00,Spring,3,Sunday,18.9,1010.82,42.46,18.58,foggy
1437,2023-03-01,20:00:00,Spring,3,Wednesday,9.15,1015.93,49.24,13.21,Rainy
1429,2023-03-01,12:00:00,Spring,3,Wednesday,22.28,1016.18,60.92,9.45,stormy
1267,2023-02-22,18:00:00,Winter,2,Wednesday,11.72,1011.36,55.47,21.65,RAINY
1188,2023-02-19,11:00:00,Winter,2,Sunday,3.66,1013.78,71.56,10.46,Sunny 
1164,2023-02-18,11:00:00,Winter,2,Saturday,8.23,1017.99,65.55,24.93,Sunny
1541,2023-03-06,04:00:00,Spring,3,Monday,18.72,1019.97,,2.8,SUNNY
2315,2023-04-07,10:00:00,Spring,4,Friday,13.82,1004.23,96.53,10.49,Stromy
1308,2023-02-24,11:00:00,WINTER,2,Friday,11.0,1020.66,82.11,15.04,WINDY
1979,2023-03-24,10:00:00,Spring,3,Friday,16.94,1017.34,49.93,12.01,
2370,2023-04-09,17:00:00,Spring,4,Sunday,,1025.73,56.81,18.26,RAINY
2602,2023-04-19,09:00:00,Spring,4,Wednesday,15.89,1021.36,56.81,7.5,RAINY
1474,2023-03-03,09:00 AM,Spring,3,Friday,11.0,1000.84,61.76,18.04,
2348,2023-04-08,19:00:00,Spring,4,Saturday,23.14,1019.47,53.21,21.09,Sunny
3131,2023-05-11,10:00:00,Spring,5,Thursday,18.02,1008.8,40.75,8.68,Stormy
2729,2023-04-24,16:00:00,Spring,4,Monday,10.82,1017.4,43.0,11.89,Rainy
2760,2023-04-25,23:00:00,Spring,4,Tuesday,17.43,1016.46,57.46,7.54,Rainy
3380,2023-05-21,19:00:00,Spring,5,Sunday,20.27,1009.01,95.35,8.58,Sunny 
1177,2023-02-19,00:00:00,Winter,2,Sunday,10.89,1011.97,76.1,9.1,Stormy
926,2023-02-08,13:00:00,Winter,2,Wednesday,13.33,1024.62,41.26,6.98,foggy
2696,2023-04-23,07:00:00,Spring,4,Sunday,11.77,999.95,43.88,,Sunny 
2026,2023-03-26,09:00:00,Spring,3,SUNDAY,6.02,1007.57,47.79,-0.75,foggy
1792,2023-03-16,15:00:00,Spring,3,Thursday,14.29,,83.47,11.32,windy
1018,2023-02-12,09:00:00,Winter,2,Sunday,2.05,1021.43,63.58,7.77,Rainy
475,2023-01-20,18:00:00,Winter,1,Friday,6.71,1025.79,,10.23,Stromy
3217,2023-05-15,,Spring,5,Monday,17.05,1015.33,59.91,12.93,Foggy
2992,2023-05-05,15:00:00,Spring,5,Friday,,0.0,56.17,21.26,WINDY
971,2023-02-10,10:00:00,Winter,2,Friday,9.51,1014.4,27.34,6.66,RAINY
862,2023-02-05,09:00 PM,Winter,2,Sunday,11.48,1003.87,53.33,7.17,foggy
2961,2023-05-04,08:00:00,Spring,5,Thursday,20.99,1005.2,66.52,8.84,windy
172,2023-01-08,03:00:00,WINTER,1,Sun,1.89,1018.7,51.4,9.75,CLOUDY
2323,2023-04-07,18:00:00,Spring,4,Friday,18.1,1020.13,44.91,14.02,Windy
1715,2023-03-13,10:00:00,Spring,3,Monday,18.76,1010.66,45.73,17.39,
1275,2023-02-23,02:00:00,Winter,2,Thursday,12.45,1004.03,43.5,12.41,FOGGY
84,04/01/2023,11:00:00,Winter,1,Wednesday,8.38,1007.58,69.63,11.12,rainy
2465,2023-04-13,16:00:00,Spring,4,Thursday,13.71,1009.92,63.34,24.32,Foggy
1954,2023-03-23,09:00:00,Spring,3,Thursday,18.78,1009.81,56.76,12.91,sunny
751,2023-02-01,06:00:00,Winter,2,Wednesday,-1.54,1006.12,48.8,23.33,windy
1046,2023-02-13,13:00:00,WINTER,2,Monday,9.39,1008.93,42.3,8.49,
3255,2023-05-16,14:00:00,Spring,5,Tuesday,9.29,1021.6,49.88,10.48,sunny
3365,2023-05-21,04:00:00,Spring,5,SUNDAY,,1500.0,66.26,,Sunny
2453,2023-04-13,04:00:00,Spring,4,Thursday,7.64,1011.36,46.55,7.79,WINDY
3174,2023-05-13,05:00:00,Spring,5,Saturday,16.23,1013.25,44.75,18.65,CLOUDY
1153,2023-02-18,00:00:00,Winter,2,Saturday,11.43,1006.29,56.02,,Sunny 
649,2023-01-28,00:00:00,Winter,1,Saturday,7.79,1013.46,67.73,1.48,Cludy
916,2023-02-08,03:00:00,Winter,2,Wednesday,6.2,1007.18,60.6,13.87,RAINY
1697,2023-03-12,16:00:00,spring,3,Sunday,21.42,1009.63,69.65,5.21,SUNNY
203,2023-01-09,10:00:00,Winter,1,Monday,14.28,1005.84,52.2,9.36,CLOUDY
3044,2023-05-07,19:00:00,Spring,5,Sunday,7.82,1008.66,26.01,10.02,STORMY
724,2023-01-31,03:00:00,Winter,1,Tuesday,11.84,1014.72,62.62,35.56,Rainy 
707,2023-01-30,10:00:00,Winter,1,Monday,7.74,1026.63,73.7,11.63,sunny
281,2023-01-12,16:00:00,WINTER,1,Thursday,13.53,1022.5,64.58,5.14,Rainy 
1497,2023-03-04,08:00:00,Spring,3,Saturday,25.95,1008.45,43.04,12.25,CLOUDY
317,2023-01-14,04:00:00,Winter,1,Saturday,8.85,1001.69,,6.58,rainy
3339,2023-05-20,02:00:00,SPRING,5,Saturday,22.55,,66.35,11.2,Cludy
978,2023-02-10,17:00:00,Winter,2,Friday,150.0,1007.11,,13.31,CLOUDY
3191,2023-05-13,22:00:00,Spring,5,Saturday,23.8,1023.89,46.2,12.46,Sunny 
2543,2023-04-16,22:00:00,Spring,4,Sunday,12.84,1008.89,81.55,,SUNNY
2408,2023-04-11,07:00:00,Spring,4,Tuesday,13.68,1029.32,85.07,11.42,Cludy
1151,2023-02-17,22:00:00,Winter,2,Friday,6.92,1020.5,79.53,19.87,Cludy
1832,2023-03-18,07:00:00,Spring,3,Saturday,20.37,1018.66,72.67,14.45,STORMY
1986,2023-03-24,17:00:00,Spring,3,Friday,8.14,1015.3,33.34,14.67,foggy
1460,2023-03-02,19:00:00,Spring,3,Thursday,8.48,1024.56,36.58,8.45,Stromy
450,2023-01-19,17:00:00,Winter,1,Thursday,6.4,,71.14,12.13,Sunny
3080,2023-05-09,07:00:00,spring,5,Tue,27.13,1016.34,72.53,10.53,stormy
484,2023-01-21,03:00:00,Winter,1,Saturday,5.67,1012.15,94.67,2.98,windy
834,2023-02-04,17:00:00,Winter,2,Saturday,15.95,1017.59,,-20.0,Stromy
1983,2023-03-24,14:00:00,Spring,3,Friday,19.57,1001.12,64.12,20.08,Rainy 
446,2023-01-19,13:00:00,Winter,1,Thursday,0.97,1012.34,32.43,16.56,Foggy
235,2023-01-10,18:00:00,Winter,1,Tuesday,2.89,1018.67,58.66,8.62,Stromy
1771,2023-03-15,18:00:00,Spring,3,Wednesday,19.71,1022.95,43.31,8.09,CLOUDY
822,2023-02-04,05:00:00,Winter,2,Saturday,0.19,1025.03,50.05,10.73,Rainy
904,2023-02-07,15:00:00,Winter,2,Tuesday,7.1,1016.17,,16.41,windy
1171,2023-02-18,18:00:00,Winter,2,Saturday,6.84,null,77.07,7.8,cloudy
1023,2023-02-12,14:00:00,Winter,2,Sunday,,1009.9,38.52,20.52,Sunny
683,2023-01-29,10:00:00,Winter,1,Sunday,4.29,1009.12,73.46,22.11,Cloudy
3104,2023-05-10,07:00:00,SPRING,5,Wednesday,19.21,1017.83,77.68,11.08,Cloudy
2848,2023-04-29,15:00:00,Spring,4,Saturday,21.03,1010.76,34.29,14.47,RAINY
1889,2023-03-20,04:00 PM,Spring,3,monday,10.37,1003.77,NA,13.59, Foggy
1161,2023-02-18,08:00:00,Winter,2,Saturday,12.07,1014.03,51.62,20.33,Rainy
761,2023-02-01,16:00:00,Winter,2,Wednesday,11.05,1014.26,46.2,13.35,WINDY
2981,2023-05-05,04:00:00,SPRING,5,FRIDAY,21.57,1015.47,57.01,8.33,Rainy
352,2023-01-15,15:00:00,WINTER,1,Sunday,12.98,1006.95,33.67,21.01,stormy
784,2023-02-02,15:00:00,Winter,2,Thursday,,1024.96,55.62,14.66,WINDY
3216,2023-05-14,23:00:00,Spring,5,Sunday,26.2,1008.97,63.0,3.27,Windy
3065,2023-05-08,16:00:00,Spring,5,Monday,22.08,1022.41,35.92,16.28, Foggy
449,2023-01-19,16:00:00,Winter,1,Thursday,7.2,,58.2,7.49,windy
2297,2023-04-06,16:00:00,Spring,4,Thursday,17.14,1012.47,,14.35,SUNNY
168,2023-01-07,23:00:00,Winter,1,Saturday,-5.25,1021.73,73.69,0.44,WINDY
1499,2023-03-04,10:00:00,Spring,3,Saturday,-,1017.15,67.95,13.03,rainy
1555,2023-03-06,18:00:00,Spring,3,Monday,18.06,1003.43,51.02,20.22,foggy
367,,06:00:00,Winter,1,Monday,5.1,1017.71,80.05,14.37,RAINY
2358,2023-04-09,05:00:00,Spring,4,Sunday,8.1,1029.21,67.94,7.02,Cloudy
2078,2023-03-28,13:00:00,Spring,3,Tuesday,14.79,1010.88,41.46,28.19,Cludy
1000,2023-02-11,15:00:00,Winter,2,Saturday,-2.39,1010.44,79.65,14.16,SUNNY
982,2023-02-10,21:00:00,Winter,2,FRIDAY,,1010.31,69.4,14.77,cloudy
23,2023-01-01,22:00:00,Winter,1,Sunday,5.35,1017.11,56.46,17.81,Windy
1233,2023-02-21,08:00:00,Winter,2,Tuesday,1.55,1011.85,71.45,N/A,CLOUDY
813,2023-02-03,20:00:00,Winter,2,Friday,,998.14,,13.79,Cloudy
804,2023-02-03,11:00 AM,Winter,2,Friday,16.34,1025.19,66.03,22.69,RAINY
816,2023-02-03,23:00:00,Winter,2,Friday,6.81,1013.37,41.43,19.04,SUNNY
2840,2023-04-29,07:00:00,Spring,4,Saturday,18.27,1018.02,44.79,13.75,RAINY
523,2023-01-22,18:00:00,Winter,1,Sunday,5.73,1024.62,59.9,13.8,Sunny 
793,2023-02-03,00:00:00,WINTER,2,Friday,7.52,1009.67,40.81,15.65,WINDY
961,2023-02-10,00:00:00,Winter,2,Friday,4.93,1007.32,69.68,3.77,SUNNY
667,2023-01-28,18:00:00,WINTER,1,Saturday,10.32,1002.06,67.72,4.6, Foggy
1502,2023-03-04,13:00:00,Spring,3,Saturday,16.93,1019.7,50.18,2.49,  windy  
1405,2023-02-28,,WINTER,2,Tuesday,7.16,1010.39,60.86,11.08,  windy  
2139,2023-03-31,02:00:00,Spring,3,Friday,20.63,1013.06,69.14,13.09,sunny
3040,2023-05-07,15:00:00,Spring,5,Sunday,18.53,1018.66,45.11,13.02,stormy
1391,2023-02-27,22:00:00,Winter,2,Monday,2.77,1012.79,45.63,,RAINY
1122,2023-02-16,17:00:00,Winter,2,Thursday,7.83,1000.24,61.31,8.53,stormy
2219,2023-04-03,10:00:00,Spring,4,Monday,9.16,1010.59,61.95,10.0,STORMY
1310,2023-02-24,13:00:00,Winter,2,Friday,1.01,1022.62,57.7,17.03,Stromy
2568,2023-04-17,23:00:00,Spring,4,Monday,17.26,1017.04,150.0,,CLOUDY
1019,2023-02-12,10:00:00,Winter,2,Sunday,0.31,1011.84,48.31,12.68,rainy
723,2023-01-31,02:00:00,Winter,1,Tuesday,6.07,1016.06,57.12,0.78,Cloudy
586,2023-01-25,09:00:00,Winter,1,Wednesday,11.49,1016.37,62.38,,WINDY
2777,2023-04-26,16:00:00,Spring,4,Wednesday,,998.0,62.83,8.74,windy
1725,13-Mar-2023,20:00:00,Spring,3,Monday,14.4,1003.99,54.38,3.15,CLOUDY
265,2023-01-12,00:00:00,Winter,1,Thursday,,,63.15,9.78,cloudy
2099,2023-03-29,10:00:00,Spring,3,Wed,25.87,1010.23,42.44,17.37,WINDY
2885,2023-05-01,04:00:00,Spring,5,Monday,25.79,1014.5,64.39,20.22,rainy
621,2023-01-26,20:00:00,Winter,1,Thursday,4.97,1026.76,84.89,7.4,STORMY
3039,2023-05-07,14:00:00,Spring,5,Sunday,23.89,1004.01,65.5,6.3,RAINY
305,2023-01-13,16:00:00,Winter,1,Friday,4.63,1015.23,null,24.87,FOGGY
238,2023-01-10,09:00 PM,Winter,1,Tuesday,7.77,1014.95,51.38,14.11,Windy
208,2023-01-09,15:00:00,Winter,1,Monday,5.9,1010.75,34.83,6.49,foggy
1790,2023-03-16,13:00:00,Spring,3,Thursday,23.84,1006.8,42.18,9.58,SUNNY
2338,2023-04-08,09:00:00,Spring,4,Saturday,21.05,1010.35,59.87,14.88,Rainy 
1344,2023-02-25,23:00:00,Winter,2,Sat,2.52,1012.46,61.47,16.44,CLOUDY
960,2023-02-09,23:00:00,Winter,2,Thursday,14.19,1016.04,40.48,10.14,Stromy
1974,2023-03-24,05:00:00,Spring,3,Friday,12.03,1004.9,25.97,8.71,WINDY
2109,2023-03-29,20:00:00,Spring,3,Wednesday,14.82,1018.93,50.68,12.9,rainy
2595,2023-04-19,02:00:00,Spring,4,Wednesday,,1019.33,52.42,11.12,
2959,2023-05-04,06:00:00,Spring,5,Thursday,20.17,1000.17,33.34,,SUNNY
2424,2023-04-11,23:00:00,Spring,4,Tuesday,30.65,1011.18,51.54,7.22,foggy
183,2023-01-08,14:00:00,Winter,1,Sunday,5.3,1006.77,57.94,6.13,SUNNY
1901,2023-03-21,04:00:00,Spring,3,Tuesday,17.36,1008.93,62.28,6.91,windy
3188,2023-05-13,19:00:00,Spring,5,Saturday,18.73,1009.57,33.5,25.15,RAINY
1487,2023-03-03,22:00:00,Spring,3,Friday,20.46,1019.67,45.98,19.0,WINDY
477,2023-01-20,20:00:00,Winter,1,FRIDAY,7.46,1016.58,31.44,5.24,rainy
1084,2023-02-15,03:00 AM,Winter,2,Wednesday,11.77,1014.6,62.1,8.13,foggy
2802,2023-04-27,17:00:00,Spring,4,Thursday,N/A,1012.63,61.75,8.46,
1476,2023-03-03,11:00:00,Spring,3,Friday,17.65,992.82,52.72,18.36, Foggy
406,2023-01-17,21:00:00,Winter,1,Tuesday,8.57,1001.49,68.79,7.99,Sunny
625,2023-01-27,00:00:00,Winter,1,Friday,6.61,1010.76,66.86,14.04,STORMY
2782,2023-04-26,21:00:00,Spring,4,wednesday,23.3,,,5.48,  Rainy   
3378,,17:00:00,Spring,5,Sunday,12.39,1026.34,51.43,9.16,rainy
1667,2023-03-11,10:00:00,Spring,3,Saturday,14.4,1005.61,36.2,10.71,Windy
2188,04-02-2023,03:00:00,Spring,4,Sunday,8.23,1010.52,68.22,,WINDY
1336,2023-02-25,15:00:00,Winter,2,Saturday,2.73,1016.42,29.47,8.63,Windy
972,2023-02-10,11:00:00,Winter,2,Friday,7.68,1017.29,22.06,11.03,foggy
1530,2023-03-05,17:00:00,Spring,3,SUNDAY,22.11,1006.3,63.28,9.94,Foggy
815,2023-02-03,22:00:00,Winter,2,Friday,3.59,1007.3,72.8,20.62,windy
1067,2023-02-14,10:00:00,Winter,2,Tuesday,7.7,1016.95,59.36,0.03,WINDY
1183,2023-02-19,06:00:00,Winter,2,Sunday,15.96,1013.15,37.17,11.7,WINDY
1418,2023-03-01,01:00:00,Spring,3,Wednesday,9.35,1023.67,92.46,12.28,Rainy
1322,2023-02-25,01:00:00,Winter,2,Saturday,16.09,1016.33,36.75,,Rainy 
661,2023-01-28,12:00:00,Winter,1,Saturday,17.05,1011.26,42.29,8.09, Foggy
1276,2023-02-23,03:00:00,Winter,2,Thursday,13.14,1017.01,58.72,12.47,RAINY
249,2023-01-11,08:00:00,Winter,1,Wednesday,6.76,1007.54,,10.31, Foggy
143,2023-01-06,22:00:00,Winter,1,Fri,-1.35,1010.19,55.28,,WINDY
2816,2023-04-28,07:00:00,Spring,4,Friday,15.23,,54.28,3.8,
897,2023-02-07,08:00:00,WINTER,2,Tuesday,8.36,1002.65,44.56,6.49,stormy
1977,24/03/2023,08:00:00,Spring,3,Friday,23.56,1012.43,56.28,10.33,Stormy
333,2023-01-14,20:00:00,Winter,1,Saturday,1.95,1017.8,77.96,19.31,FOGGY
59,2023-01-03,10:00:00,Winter,1,Tuesday,,1007.79,87.16,15.8,Sunny
2123,2023-03-30,,Spring,3,Thursday,20.86,1007.21,,6.17,Cloudy
2835,2023-04-29,02:00:00,SPRING,4,Saturday,19.15,0.0,105.67,15.09,Cludy
1142,2023-02-17,13:00:00,Winter,2,Friday,11.96,1008.43,67.79,, Foggy
71,03/01/2023,22:00:00,Winter,1,Tuesday,8.57,1018.3,78.79,4.57,SUNNY
1969,2023-03-24,00:00:00,Spring,3,Friday,32.33,1005.78,97.36,9.87,Stormy
964,2023-02-10,03:00:00,Winter,2,Friday,14.48,1004.14,49.52,11.09,WINDY
3048,2023-05-07,23:00:00,Spring,5,Sunday,10.86,1005.74,,18.44,sunny
1415,2023-02-28,22:00:00,Winter,2,Tuesday,,1012.65,75.68,7.97,Windy
2887,2023-05-01,06:00:00,Spring,5,Monday,18.93,1023.37,58.35,3.1,Cloudy
1103,2023-02-15,22:00:00,Winter,2,Wednesday,10.7,1020.01,44.97,11.63,Rainy 
2275,2023-04-05,18:00:00,Spring,4,Wednesday,11.69,1003.16,56.61,9.0,windy
1944,22-Mar-2023,23:00:00,Spring,3,Wednesday,16.55,1016.55,67.24,15.61,RAINY
2391,2023-04-10,14:00:00,Spring,4,Monday,16.41,,63.57,20.34,foggy
1125,2023-02-16,20:00:00,Winter,2,Thursday,3.97,1021.61,22.45,4.83,Stromy
533,2023-01-23,04:00:00,Winter,1,Monday,11.58,1018.75,61.58,12.12,Foggy
1670,2023-03-11,13:00:00,Spring,3,Saturday,18.15,1005.82,45.21,8.7,windy
891,2023-02-07,02:00:00,Winter,2,Tuesday,9.16,1006.95,22.15,19.17,rainy
2618,2023-04-20,01:00:00,Spring,4,Thursday,24.12,1020.59,62.86,,foggy
1531,2023-03-05,18:00:00,Spring,3,Sunday,17.43,1014.18,,13.26,stormy
3248,2023-05-16,07:00:00,Spring,5,Tuesday,15.69,1016.64,51.37,8.46,Sunny
863,2023-02-05,22:00:00,Winter,2,Sunday,6.06,1009.69,47.84,4.47,Stromy
1634,2023-03-10,01:00:00,Spring,3,Friday,25.7,1023.04,44.71,16.92,rainy
178,08/01/2023,09:00:00,Winter,1,Sunday,-2.41,1026.57,58.17,11.42,CLOUDY
3098,2023-05-10,01:00:00,Spring,5,Wednesday,15.27,1012.22,73.43,25.21,Cludy
1778,2023-03-16,01:00:00,Spring,3,Thursday,6.16,1015.83,,12.98,windy
3310,2023-05-18,21:00:00,Spring,5,Thu,7.19,1020.37,65.58,13.54,Rainy 
365,2023-01-16,04:00:00,Winter,1,Monday,11.77,1016.05,74.35,16.04,CLOUDY
1332,2023-02-25,11:00:00,Winter,2,Saturday,8.99,1012.93,47.23,13.31,Sunny
900,2023-02-07,11:00:00,Winter,2,Tuesday,3.13,1021.06,60.04,10.64,SUNNY
2101,2023-03-29,12:00:00,Spring,3,Wednesday,19.17,1022.32,64.38,10.98,Foggy
2900,2023-05-01,19:00:00,Spring,5,Monday,9.82,1033.19,,11.28,Windy
1624,2023-03-09,15:00:00,Spring,3,Thursday,22.79,1018.31,39.61,14.29,Stromy
1513,2023-03-05,00:00:00,Spring,3,Sunday,11.27,1006.11,75.66,18.12,WINDY
2050,2023-03-27,09:00:00,Spring,3,Monday,21.22,1029.62,88.1,12.48,rainy
1464,2023-03-02,23:00:00,spring,3,Thursday,21.06,1005.17,34.28,1.21,SUNNY
1431,2023-03-01,14:00:00,Spring,3,Wednesday,15.83,1026.78,43.49,8.38,Foggy
1589,2023-03-08,04:00:00,spring,3,Wednesday,11.23,1018.88,23.84,10.59,stormy
334,2023-01-14,21:00:00,Winter,1,Saturday,6.93,1024.93,57.23,9.98,rainy
1878,2023-03-20,05:00:00,Spring,3,Monday,14.0,1009.01,81.17,26.43,Sunny
538,2023-01-23,09:00:00,Winter,1,Monday,7.48,,52.36,21.97,Rainy
2949,2023-05-03,20:00:00,Spring,5,Wednesday,25.88,,74.84,-20.0,windy
1379,2023-02-27,10:00:00,Winter,2,Monday,11.19,1015.07,72.93,2.89, Foggy
3097,2023-05-10,00:00:00,Spring,5,Wednesday,16.02,1012.39,50.07,3.56,RAINY
2096,2023-03-29,07:00:00,Spring,3,Wednesday,18.51,1015.45,56.39,19.46,Rainy 
575,2023-01-24,22:00:00,Winter,1,Tuesday,10.09,1024.21,64.76,2.98,windy
1508,2023-03-04,19:00:00,Spring,3,Saturday,8.17,200.0,30.49,9.45,Rainy 
1679,2023-03-11,22:00:00,Spring,3,Saturday,25.17,1015.28,25.55,14.76,Cloudy
2414,2023-04-11,13:00:00,Spring,4,Tuesday,18.96,1025.15,61.3,19.83, Foggy
1581,2023-03-07,20:00:00,Spring,3,Tuesday,24.17,1012.94,49.18,19.84,stormy
16,01-01-2023,15:00:00,Winter,1,Sun,5.6,1011.51,,4.82,RAINY
2822,2023-04-28,13:00:00,Spring,4,Friday,14.78,1007.16,47.14,3.81,Cloudy
3224,2023-05-15,07:00:00,Spring,5,Monday,11.35,NA,49.77,17.96,SUNNY
2277,2023-04-05,20:00:00,Spring,4,Wednesday,13.05,1010.25,,14.69,foggy
82,2023-01-04,09:00:00,Winter,1,Wednesday,2.97,1003.29,72.37,16.75,Foggy
3302,2023-05-18,13:00:00,Spring,5,THURSDAY,NA,,101.45,12.17,rainy
2606,2023-04-19,13:00:00,Spring,4,Wednesday,23.28,1016.18,55.2,11.92,
2516,2023-04-15,19:00:00,Spring,4,Saturday,18.7,1014.91,68.28,22.69,Cludy
199,2023-01-09,06:00:00,Winter,1,Monday,9.36,1002.79,38.78,18.32,WINDY
2880,2023-04-30,23:00:00,spring,4,Sunday,16.45,1019.28,67.66,10.3,sunny
983,2023-02-10,22:00:00,Winter,2,Friday,2.1,,65.07,21.17,Cludy
3235,2023-05-15,18:00:00,Spring,5,Monday,22.83,1018.77,24.73,19.94,Sunny
1216,2023-02-20,15:00:00,Winter,2,Monday,,1006.39,44.69,,Stromy
2187,2023-04-02,02:00:00,Spring,4,Sunday,28.26,1007.45,53.51,10.37,FOGGY
2522,2023-04-16,01:00:00,Spring,4,Sunday,21.0,1014.41,40.47,3.71,Rainy
34,2023-01-02,09:00:00,Winter,1,Monday,,1016.79,41.21,21.3,CLOUDY
1395,2023-02-28,02:00:00,WINTER,2,Tuesday,4.66,1014.55,34.78,12.09,Rainy 
532,2023-01-23,03:00:00,Winter,1,Monday,8.11,1017.38,37.29,18.69,Cloudy
1721,2023-03-13,16:00:00,Spring,3,Monday,18.93,1012.65,44.07,10.87,Windy
2068,2023-03-28,03:00:00,Spring,3,Tuesday,14.25,1019.34,32.85,18.35,rainy
2539,2023-04-16,18:00:00,Spring,4,Sunday,15.72,1001.73,,18.33,Rainy 
409,2023-01-18,00:00:00,Winter,1,Wednesday,4.78,1021.24,49.98,9.58,cloudy
2630,2023-04-20,13:00:00,Spring,4,Thursday,150.0,1023.18,31.6,24.7,Stormy
1402,2023-02-28,09:00:00,Winter,2,Tuesday,10.09,1014.76,35.94,9.73,sunny
1363,2023-02-26,,Winter,2,Sunday,9.6,1001.74,48.37,12.67,windy
1295,2023-02-23,22:00:00,Winter,2,Thursday,,998.18,,12.09,
1345,2023-02-26,00:00:00,Winter,2,Sunday,20.86,995.0,64.13,8.66,sunny
1708,2023-03-13,03:00:00,Spring,3,Monday,17.14,1009.51,61.63,7.5,Rainy
657,2023-01-28,08:00:00,Winter,1,Saturday,10.05,1006.11,76.05,16.19,Foggy
1492,2023-03-04,03:00:00,Spring,3,Saturday,24.84,1014.01,67.77,19.34,foggy
331,2023-01-14,18:00:00,WINTER,1,Saturday,8.28,1017.24,53.94,14.92,Foggy
1110,2023-02-16,05:00:00,Winter,2,Thursday,13.87,1010.82,49.89,15.0,
2888,2023-05-01,07:00:00,Spring,5,Monday,25.26,1005.42,73.8,11.46,Stromy
990,2023-02-11,05:00:00,Winter,2,Saturday,7.54,1011.08,,13.12,SUNNY
473,2023-01-20,16:00:00,Winter,1,Friday,5.63,1012.88,63.19,12.04,CLOUDY
2255,2023-04-04,22:00:00,Spring,4,Tuesday,9.5,1007.12,52.08,16.0,Stromy
939,2023-02-09,02:00:00,Winter,2,Thursday,14.26,1009.41,44.62,0.19,Rainy 
162,2023-01-07,17:00:00,WINTER,1,Saturday,6.77,1010.82,14.55,,sunny
921,2023-02-08,08:00:00,Winter,2,Wednesday,2.4,1009.85,57.68,19.38,Rainy
3090,2023-05-09,17:00:00,Spring,5,Tuesday,15.52,1013.38,46.66,12.89,  Rainy   
2789,2023-04-27,04:00:00,Spring,4,Thursday,11.88,993.18,39.42,18.68,stormy
1715,2023-03-13,10:00:00,Spring,3,Monday,18.76,1010.66,45.73,17.39,
3355,2023-05-20,18:00:00,Spring,5,SATURDAY,7.81,1004.55,57.46,13.98,stormy
494,2023-01-21,13:00:00,Winter,1,Saturday,11.28,1014.56,54.72,9.67,foggy
950,2023-02-09,13:00:00,Winter,2,Thursday,7.18,1014.7,40.1,5.9,
1737,2023-03-14,08:00:00,Spring,3,Tuesday,9.03,1021.67,27.42,17.39,Cludy
3100,2023-05-10,03:00:00,Spring,5,Wednesday,26.92,1011.68,35.09,8.99,Stromy
2931,2023-05-03,,Spring,5,Wednesday,16.93,,49.61,4.2,WINDY
2174,2023-04-01,13:00:00,SPRING,4,Saturday,20.65,1012.04,54.48,17.43,FOGGY
922,2023-02-08,09:00:00,Winter,2,Wednesday,11.02,1006.2,92.28,13.59,SUNNY
244,2023-01-11,03:00:00,Winter,1,Wednesday,12.2,1007.78,,-0.66,Windy
1115,2023-02-16,10:00:00,Winter,2,Thursday,2.21,1002.33,31.73,15.97,cloudy
2063,2023-03-27,22:00:00,SPRING,3,Monday,34.89,1018.41,48.86,5.66,SUNNY
1952,2023-03-23,07:00:00,SPRING,3,Thursday,17.2,1008.56,,22.34,Stromy
3241,2023-05-16,00:00:00,Spring,5,Tuesday,23.45,1021.36,,21.59,cloudy
2882,2023-05-01,01:00 AM,Spring,5,Monday,13.9,1015.69,59.35,14.36,Stromy
2122,2023-03-30,09:00:00,Spring,3,thursday,27.92,1019.06,61.26,6.09,
2801,2023-04-27,16:00:00,Spring,4,Thursday,22.53,1001.39,45.03,11.27,Sunny
241,2023-01-11,00:00:00,Winter,1,Wed,11.21,1023.63,57.95,16.25,
1083,2023-02-15,02:00:00,Winter,2,Wednesday,16.5,1009.79,65.22,,FOGGY
2051,2023-03-27,10:00:00,Spring,3,Monday,-1.18,1022.89,46.89,7.19,Rainy
2371,2023-04-09,18:00:00,Spring,4,Sunday,20.92,1009.52,33.87,13.65,
1683,2023-03-12,02:00:00,Spring,3,Sunday,12.78,1027.27,80.22,6.7,WINDY
2243,2023-04-04,10:00:00,Spring,4,Tuesday,20.67,1024.94,49.13,20.88,Windy
2202,2023-04-02,17:00:00,Spring,4,Sunday,20.0,996.89,42.0,11.82,
2409,2023-04-11,08:00:00,Spring,4,Tuesday,16.51,1007.46,53.98,3.56,Cloudy
991,2023-02-11,06:00:00,winter,2,Saturday,4.34,1028.12,55.74,16.61,CLOUDY
577,2023-01-25,00:00:00,Winter,1,Wednesday,17.98,1037.88,,10.9,Stormy
3093,2023-05-09,20:00:00,Spring,5,Tuesday,21.7,,59.42,10.83,Windy
2775,2023-04-26,14:00:00,Spring,4,Wednesday,11.46,1014.49,63.42,10.81,Rainy
3136,2023-05-11,15:00:00,Spring,5,Thursday,13.7,1007.2,50.14,10.4,sunny
392,2023-01-17,07:00:00,Winter,1,Tuesday,11.68,1010.75,56.0,15.1,rainy
3127,2023-05-11,06:00:00,Spring,5,Thursday,17.31,200.0,54.92,9.34,foggy
56,2023-01-03,07:00:00,Winter,1,Tuesday,19.57,998.06,65.29,2.32,windy
502,2023-01-21,21:00:00,Winter,1,Saturday,-1.47,1014.71,55.02,7.1,WINDY
3054,2023-05-08,05:00 AM,Spring,5,Monday,7.19,1022.85,,9.4,rainy
1762,2023-03-15,09:00:00,SPRING,3,Wednesday,21.99,,55.18,11.44,
1930,2023-03-22,09:00:00,SPRING,3,Wednesday,14.43,1022.43,50.51,4.59,
1521,2023-03-05,08:00:00,Spring,3,Sunday,25.74,1015.56,73.32,12.8,CLOUDY
2825,2023-04-28,16:00:00,Spring,4,Friday,13.98,1009.24,50.49,9.32,cloudy
838,2023-02-04,21:00:00,Winter,2,Saturday,11.39,1011.9,47.21,9.95,Stromy
1858,2023-03-19,09:00:00,Spring,3,Sunday,19.01,1000.54,55.6,3.46,stormy
896,2023-02-07,07:00:00,Winter,2,Tuesday,18.62,1023.65,83.81,4.66,Stromy
2182,2023-04-01,21:00:00,Spring,4,Saturday,17.31,1009.98,102.37,17.44,STORMY
3058,2023-05-08,09:00:00,Spring,5,Monday,22.83,1007.22,59.64,-20.0,Sunny 
2790,2023-04-27,05:00:00,SPRING,4,Thursday,15.99,1011.65,64.83,22.83,SUNNY
1610,2023-03-09,01:00:00,Spring,3,Thursday,11.27,1010.75,62.58,15.17,
315,2023-01-14,02:00:00,Winter,1,Saturday,16.36,1016.35,44.42,11.67,Cloudy
1410,2023-02-28,17:00:00,Winter,2,Tuesday,18.42,1004.94,49.9,13.39,WINDY
309,2023-01-13,20:00:00,Winter,1,Friday,7.56,1033.64,42.94,21.83,WINDY
1569,2023-03-07,08:00:00,Spring,3,Tuesday,,1004.34,48.95,12.51,Cludy
1442,2023-03-02,01:00:00,Spring,3,Thursday,18.54,1010.45,64.4,11.52,
3363,2023-05-21,02:00:00,SPRING,5,Sunday,18.72,1006.5,67.33,12.84,STORMY
1383,02-27-2023,14:00:00,Winter,2,Monday,7.1,1012.12,74.38,7.5,
2235,2023-04-04,02:00:00,Spring,4,Tuesday,13.06,1030.93,62.15,11.08,WINDY
1566,2023-03-07,05:00:00,Spring,3,Tuesday,25.08,1019.19,52.63,13.85,STORMY
655,2023-01-28,06:00:00,Winter,1,Saturday,4.33,1013.66,61.86,20.73,Windy
2862,04-30-2023,05:00:00,Spring,4,Sunday,11.07,1017.74,,16.95,FOGGY
1810,2023-03-17,09:00 AM,Spring,3,Friday,16.71,1015.22,41.0,,Windy
3102,2023-05-10,05:00:00,spring,5,Wednesday,6.63,1013.83,67.91,7.0,Windy
3178,2023-05-13,09:00:00,Spring,5,Saturday,34.42,1019.27,50.99,17.21,CLOUDY
3085,2023-05-09,12:00:00,Spring,5,Tuesday,16.48,1017.58,,14.83,Sunny 
2375,2023-04-09,22:00:00,Spring,4,Sunday,24.21,1018.82,55.99,21.99,SUNNY
826,2023-02-04,09:00:00,Winter,2,Saturday,9.69,1005.5,58.25,5.85,Windy
3309,2023-05-18,20:00:00,SPRING,5,Thursday,19.9,1025.28,74.65,17.19,Stormy
2710,2023-04-23,21:00:00,Spring,4,Sunday,14.55,1007.52,-15.0,8.43,sunny
766,2023-02-01,09:00 PM,Winter,2,Wednesday,9.59,1010.34,53.6,8.82,CLOUDY
2332,2023-04-08,03:00:00,Spring,4,Saturday,10.77,1015.9,43.04,18.45,Stormy
436,2023-01-19,03:00:00,Winter,1,Thursday,7.48,1011.65,56.05,18.97,stormy
1966,2023-03-23,21:00:00,Spring,3,Thursday,28.27,1014.18,33.76,,rainy
419,2023-01-18,10:00:00,Winter,1,Wednesday,6.04,1005.62,79.23,10.07,WINDY
798,2023-02-03,05:00:00,WINTER,2,Friday,12.46,1027.64,48.85,16.27,Rainy 
573,2023-01-24,20:00:00,Winter,1,Tuesday,5.01,1024.38,81.08,17.87,CLOUDY
2714,2023-04-24,01:00:00,Spring,4,monday,16.98,1009.91,42.8,7.38,Rainy 
2030,2023-03-26,13:00:00,Spring,3,Sunday,12.93,1015.71,51.52,12.06,Stormy
3383,2023-05-21,10:00 PM,Spring,5,SUNDAY,26.91,1017.53,64.57,17.22,rainy
929,2023-02-08,16:00:00,Winter,2,Wednesday,9.41,995.94,70.19,11.05,SUNNY
45,2023-01-02,20:00:00,Winter,1,Monday,8.07,1024.63,51.03,28.32,SUNNY
351,2023-01-15,14:00:00,Winter,1,Sunday,,1017.29,,16.31,Stromy
2479,2023-04-14,06:00:00,Spring,4,Friday,14.41,,64.82,13.74,Rainy
2330,2023-04-08,01:00:00,Spring,4,Saturday,16.58,1005.02,48.04,5.41,Stormy
1548,2023-03-06,11:00:00,Spring,3,Monday,17.88,1023.23,71.24,5.54,sunny
2491,2023-04-14,18:00:00,Spring,4,Friday,12.65,,65.33,,WINDY
641,2023-01-27,16:00:00,Winter,1,Friday,2.93,1013.69,41.12,13.53,CLOUDY
1370,2023-02-27,01:00:00,Winter,2,Monday,7.08,1012.84,47.77,18.59,
426,2023-01-18,,Winter,1,Wednesday,9.75,1016.91,64.52,18.66, Foggy
1495,2023-03-04,06:00:00,Spring,3,Saturday,26.27,1017.98,58.6,14.92,sunny
ID_796,2023-02-03,03:00:00,Winter,2,Friday,12.89,1017.18,38.44,10.02,foggy
2631,2023-04-20,14:00:00,Spring,4,Thursday,15.94,1014.16,250.0,11.63,  FOGGY  
186,2023-01-08,17:00:00,Winter,1,Sunday,-1.2,1002.76,45.63,12.16,WINDY
251,2023-01-11,10:00:00,Winter,1,Wednesday,15.0,1020.4,55.89,8.12,windy
511,2023-01-22,06:00:00,Winter,1,Sunday,,1009.73,47.14,12.91,windy
2730,2023-04-24,17:00:00,Spring,4,Monday,17.82,1008.78,39.65,10.29,Cloudy
1558,2023-03-06,21:00:00,Spring,3,Monday,22.15,1007.95,59.37,9.82, Foggy
151,2023-01-07,06:00:00,Winter,1,Saturday,11.78,1005.62,68.04,20.13,WINDY
15,2023-01-01,14:00:00,Winter,1,Sunday,3.8,1010.53,59.97,-17.85,Stromy
3409,2023-05-23,00:00:00,Spring,5,Tuesday,23.82,1012.8,21.57,14.25,SUNNY
2170,2023-04-01,09:00:00,Spring,4,Saturday,,1016.57,61.35,2.37,Cloudy
2607,2023-04-19,14:00:00,Spring,4,Wednesday,13.23,1017.06,54.4,8.99,rainy
690,2023-01-29,17:00:00,Winter,1,Sunday,8.98,1006.93,38.04,15.74,RAINY
2692,2023-04-23,03:00:00,Spring,4,Sunday,25.78,1020.46,9.72,21.47,RAINY
2977,2023-05-05,00:00:00,Spring,5,Friday,16.79,1033.64,250.0,1.15,CLOUDY
1105,2023-02-16,00:00:00,Winter,2,Thursday,9.31,997.4,49.74,1.31,Rainy
3107,2023-05-10,10:00:00,Spring,5,Wednesday,16.4,1008.14,44.26,12.51,stormy
379,2023-01-16,18:00:00,Winter,1,Monday,4.42,998.07,,11.27,RAINY
2136,2023-03-30,23:00:00,Spring,3,Thursday,16.4,1002.1,44.74,11.95,FOGGY
2653,2023-04-21,12:00:00,Spring,4,Friday,23.67,1007.62,51.95,18.73,FOGGY
710,2023-01-30,13:00:00,Winter,1,Monday,17.52,1026.01,88.28,11.05, Foggy
1143,2023-02-17,14:00:00,Winter,2,Friday,15.26,1013.11,46.05,10.2,Cludy
1780,2023-03-16,03:00:00,Spring,3,Thursday,26.77,1010.08,42.39,16.12,Rainy 
2206,2023-04-02,21:00:00,Spring,4,Sunday,19.9,1023.74,58.98,8.11,STORMY
321,2023-01-14,08:00:00,Winter,1,Saturday,8.67,1011.78,65.62,17.74,Rainy
3376,2023-05-21,15:00:00,Spring,5,Sunday,20.15,1014.89,66.51,15.23,Rainy 
910,2023-02-07,09:00 PM,winter,2,TUESDAY,6.3,1015.96,53.14,14.75,Rainy
1620,2023-03-09,11:00:00,Spring,3,Thursday,23.19,1005.72,51.34,13.77,CLOUDY
1486,2023-03-03,21:00:00,Spring,3,Friday,11.4,1019.17,55.02,2.73,Stromy
2943,03-May-2023,14:00:00,Spring,5,Wednesday,18.04,,26.12,16.36,Rainy 
118,2023-01-05,21:00:00,Winter,1,Thursday,5.35,1008.39,50.87,1.81,STORMY
2303,2023-04-06,22:00:00,Spring,4,Thursday,19.24,1020.09,33.23,6.45,WINDY
2212,2023-04-03,03:00:00,Spring,4,Monday,20.18,1007.07,49.84,12.73,WINDY
878,2023-02-06,13:00:00,Winter,2,Monday,999.0,1008.73,73.31,6.74,SUNNY
648,2023-01-27,23:00:00,Winter,1,Friday,4.0,1012.49,73.56,9.26,Rainy
1010,2023-02-12,01:00:00,Winter,2,Sunday,10.58,1011.23,54.67,7.87,Sunny
2029,2023-03-26,12:00:00,Spring,3,Sunday,9.22,1002.85,41.67,11.04,STORMY
1804,2023-03-17,03:00:00,Spring,3,Friday,11.55,1009.74,55.21,15.38,WINDY
3139,2023-05-11,18:00:00,Spring,5,Thursday,20.62,1017.84,48.48,3.03,
3239,2023-05-15,10:00 PM,Spring,5,Monday,28.59,1003.2,70.37,6.03,sunny
2116,2023-03-30,03:00:00,Spring,3,Thursday,14.25,995.7,61.88,5.37,Cloudy
2890,2023-05-01,09:00:00,Spring,5,Monday,20.11,996.89,,5.3,Cludy
2860,2023-04-30,03:00:00,Spring,4,Sunday,17.06,1023.21,60.57,12.11,Windy
2868,2023-04-30,11:00:00,Spring,4,Sunday,16.79,1013.98,74.3,11.25,windy
2554,2023-04-17,09:00:00,Spring,4,monday,21.35,1012.1,26.3,6.21,windy
2163,2023-04-01,02:00:00,Spring,4,Saturday,19.23,1004.0,38.67,15.37,foggy
1749,2023-03-14,20:00:00,Spring,3,Tuesday,22.73,1021.59,45.54,10.21,rainy
3009,2023-05-06,08:00:00,Spring,5,Sat,17.38,1012.37,74.58,7.72,Cludy
2817,28-Apr-2023,08:00:00,Spring,4,Friday,19.58,1023.93,59.21,16.85,Rainy
1094,2023-02-15,13:00:00,Winter,2,Wednesday,2.54,1014.08,69.92,15.88,FOGGY
79,2023-01-04,06:00:00,Winter,1,Wednesday,,1019.51,74.58,12.13,CLOUDY
3424,2023-05-23,15:00:00,Spring,5,Tuesday,27.0,1008.61,42.22,13.78,Cloudy
2003,2023-03-25,10:00:00,Spring,3,Saturday,16.44,1021.25,50.68,,Foggy
507,2023-01-22,02:00:00,Winter,1,Sunday,-7.1,1014.47,82.01,19.43,WINDY
2298,2023-04-06,17:00:00,Spring,4,Thursday,17.55,1025.88,40.91,1.15,Foggy
2227,2023-04-03,18:00:00,Spring,4,Monday,15.88,1006.88,66.01,2.77,STORMY
2986,2023-05-05,,Spring,5,Friday,22.92,1019.33,66.81,14.76,Rainy 
1698,2023-03-12,17:00:00,Spring,3,Sunday,,1018.5,53.67,9.28,CLOUDY
644,2023-01-27,19:00:00,Winter,1,Friday,6.5,1012.6,94.31,5.33,Cloudy
1972,2023-03-24,03:00:00,Spring,3,Friday,18.71,1016.8,72.56,2.07, Foggy
1346,2023-02-26,01:00:00,Winter,2,Sunday,5.07,1008.04,41.37,22.11,Windy
2325,2023-04-07,20:00:00,Spring,4,Friday,14.2,1007.32,56.95,5.62,Rainy 
2535,2023-04-16,14:00:00,Spring,4,Sunday,12.03,998.33,70.27,4.22,rainy
3347,2023-05-20,10:00:00,Spring,5,Saturday,,1014.63,52.26,22.07,WINDY
20,2023-01-01,19:00:00,Winter,1,Sunday,8.44,1010.61,56.38,0.07,SUNNY
1127,2023-02-16,22:00:00,WINTER,2,Thursday,6.93,1016.04,65.36,13.59,sunny
1135,2023-02-17,06:00:00,Winter,2,Friday,9.08,1010.57,51.72,16.6,Cludy
906,2023-02-07,17:00:00,Winter,2,Tuesday,1.14,1015.81,25.33,12.28,Rainy
860,2023-02-05,19:00:00,Winter,2,Sunday,10.87,1002.79,150.0,13.76,cloudy
2933,2023-05-03,04:00:00,Spring,5,Wednesday,15.5,1017.26,39.55,26.67,Foggy
614,2023-01-26,13:00:00,Winter,1,Thursday,7.66,1007.27,65.23,20.92, Foggy
233,2023-01-10,16:00:00,Winter,1,Tuesday,15.83,1012.47,46.67,23.29,STORMY
1900,2023-03-21,03:00:00,Spring,3,Tuesday,10.14,1004.58,69.91,13.53,SUNNY
2302,2023-04-06,21:00:00,Spring,4,Thursday,12.4,999.36,70.79,0.94,windy
1636,2023-03-10,03:00:00,Spring,3,Friday,19.4,991.6,28.74,10.94,
2918,2023-05-02,13:00:00,Spring,5,Tuesday,17.51,999.53,30.8,12.05,cloudy
2763,2023/04/26,02:00:00,Spring,4,Wednesday,17.07,1030.37,76.67,1.97,STORMY
3049,08-May-2023,00:00:00,Spring,5,Monday,19.3,1019.4,,15.04,rainy
2261,2023-04-05,04:00:00,Spring,4,Wednesday,19.08,1015.37,61.05,1.05,SUNNY
2667,2023-04-22,02:00:00,Spring,4,Sat,21.39,1012.94,67.78,17.49,SUNNY
1176,2023-02-18,23:00:00,Winter,2,Saturday,3.04,1001.44,64.99,15.47,cloudy
1213,2023-02-20,12:00:00,Winter,2,Monday,5.19,1016.83,15.63,27.29,stormy
2052,2023-03-27,11:00:00,Spring,3,Monday,16.01,1009.43,64.18,2.64,Sunny 
2689,2023-04-23,00:00:00,Spring,4,Sunday,6.76,1004.0,46.29,11.98,CLOUDY
2347,2023-04-08,18:00:00,Spring,4,Saturday,14.38,1015.93,43.06,22.48,sunny
1608,2023-03-08,23:00:00,Spring,3,Wednesday,24.76,1009.27,45.57,-20.0,WINDY
1374,2023-02-27,05:00:00,Winter,2,Monday,6.11,1029.66,61.46,4.35,SUNNY
3183,2023-05-13,14:00:00,Spring,5,Saturday,18.25,1016.26,28.63,15.42,windy
2439,2023-04-12,14:00:00,Spring,4,Wednesday,12.62,1015.69,48.13,18.28,Stormy
103,2023-01-05,06:00:00,WINTER,1,Thursday,8.6,1017.12,65.67,5.25,Cloudy
2398,2023-04-10,21:00:00,Spring,4,Monday,7.7,1019.39,68.15,10.13,WINDY
591,2023-01-25,14:00:00,Winter,1,wednesday,2.85,1002.18,32.16,18.68,sunny
1471,2023-03-03,06:00 AM,Spring,3,Fri,5.98,1024.14,65.08,3.0,foggy
1020,2023-02-12,11:00:00,Winter,2,Sunday,6.18,996.94,49.17,10.17,Foggy
2447,2023/04/12,22:00:00,Spring,4,Wednesday,10.26,1014.63,,22.06,cloudy
2213,2023-04-03,04:00:00,Spring,4,Monday,15.5,1018.35,83.04,7.47,Sunny 
2514,2023-04-15,,spring,4,SATURDAY,14.64,,38.43,14.6,windy
2812,2023-04-28,03:00:00,spring,4,Friday,24.49,1012.36,,11.42,sunny
3261,2023-05-16,20:00:00,SPRING,5,Tuesday,13.52,1009.12,81.07,6.15,stormy
1477,2023-03-03,12:00:00,Spring,3,Friday,13.53,1009.9,52.36,5.4,Foggy
1726,2023-03-13,21:00:00,Spring,3,Monday,22.73,0.0,61.34,9.2,RAINY
320,2023-01-14,07:00:00,Winter,1,Saturday,19.6,1016.15,57.88,10.15,Rainy 
2274,2023-04-05,17:00:00,Spring,4,Wednesday,12.22,1023.25,73.25,12.93,cloudy
80,2023-01-04,07:00:00,Winter,1,Wednesday,11.41,1010.52,59.86,11.22,Cloudy
453,2023-01-19,20:00:00,Winter,1,Thursday,0.09,1020.16,47.75,12.88,Windy
1516,2023-03-05,03:00:00,Spring,3,Sunday,18.25,1018.78,49.52,26.33, Foggy
1493,2023-03-04,04:00:00,Spring,3,Saturday,19.69,1008.26,69.64,,STORMY
872,2023-02-06,07:00:00,Winter,2,Monday,2.95,1008.88,77.95,15.99,
3219,2023-05-15,02:00:00,Spring,5,Monday,19.16,1013.58,35.9,4.09,
2776,2023-04-26,15:00:00,Spring,4,Wednesday,19.85,1005.07,40.51,13.42, Foggy
2953,2023-05-04,00:00:00,Spring,5,Thursday,23.37,1019.96,42.85,4.49,Rainy 
848,2023-02-05,07:00:00,Winter,2,Sunday,12.31,1014.11,31.35,7.18,CLOUDY
2438,2023-04-12,13:00:00,spring,4,Wednesday,14.59,1022.22,47.73,12.86,FOGGY
2594,2023-04-19,01:00:00,Spring,4,Wednesday,19.65,1008.48,57.15,15.45,Foggy
3299,2023-05-18,10:00:00,Spring,5,Thursday,?,998.71,39.95,3.11,WINDY
3016,06/05/2023,15:00:00,Spring,5,Saturday,15.11,,45.94,13.32,Foggy
3056,08-May-2023,07:00:00,Spring,5,Monday,20.79,1011.62,69.15,14.68,Cloudy
1185,2023-02-19,08:00:00,Winter,2,Sunday,4.05,1013.27,34.52,16.21,Rainy 
3087,2023-05-09,02:00 PM,Spring,5,Tuesday,13.4,1019.8,58.12,11.73,Rainy 
585,2023-01-25,08:00:00,Winter,1,Wednesday,10.5,1013.4,55.11,8.04,CLOUDY
2503,2023-04-15,06:00:00,Spring,4,Saturday,13.76,1019.55,68.83,17.11,WINDY
1947,2023-03-23,02:00:00,Spring,3,Thursday,18.97,1013.48,56.59,8.17,Rainy 
1844,2023-03-18,19:00:00,Spring,3,Saturday,16.03,997.73,62.06,23.83,Stormy
327,2023-01-14,14:00:00,Winter,1,Saturday,10.68,1005.81,55.42,11.95,sunny
3101,2023-05-10,04:00:00,Spring,5,Wednesday,21.79,1018.52,52.0,16.1,foggy
1963,2023-03-23,18:00:00,Spring,3,Thursday,14.75,1010.39,85.04,10.15,Cloudy
1568,2023-03-07,07:00:00,Spring,3,Tuesday,22.84,1016.95,49.56,16.45,Cludy
2784,2023-04-26,23:00:00,Spring,4,Wednesday,19.81,1022.3,57.71,3.94,sunny
2549,2023-04-17,04:00:00,Spring,4,Monday,23.39,1012.86,49.98,15.39,rainy
3292,,03:00:00,Spring,5,Thursday,13.48,1006.47,64.74,1.76,sunny
3106,2023-05-10,09:00:00,Spring,5,Wednesday,13.23,1000.67,36.68,17.19,Foggy
220,2023-01-10,03:00:00,Winter,1,Tuesday,5.41,1014.79,54.75,19.13,windy
1843,2023-03-18,18:00:00,Spring,3,Saturday,11.57,1008.96,58.13,12.35,rainy
136,2023-01-06,15:00:00,Winter,1,Friday,12.18,,62.95,20.65, Foggy
1807,2023-03-17,06:00:00,Spring,3,Friday,,1004.03,54.14,11.7,Cludy
3337,2023-05-20,00:00:00,SPRING,5,Saturday,18.66,1015.9,54.78,8.51, Foggy
141,2023-01-06,20:00:00,Winter,1,Friday,9.45,1029.6,68.07,10.04,Sunny
485,2023-01-21,04:00:00,Winter,1,Saturday,9.27,1016.74,71.29,12.59,sunny
1511,2023-03-04,22:00:00,Spring,3,Saturday,22.77,1022.75,88.03,9.86,foggy
3232,2023-05-15,15:00:00,Spring,5,Monday,20.22,1012.69,75.2,14.24,Rainy
1950,2023-03-23,,Spring,3,Thursday,11.3,1010.44,57.16,1.0,Rainy 
1400,2023-02-28,07:00:00,Winter,2,Tuesday,10.05,1010.79,56.7,14.75,WINDY
957,2023-02-09,20:00:00,Winter,2,Thursday,4.65,1022.37,,14.93,Cloudy
135,2023-01-06,14:00:00,Winter,1,Friday,3.7,1009.92,70.09,8.54,FOGGY
198,2023-01-09,05:00:00,Winter,1,Monday,7.65,999.71,61.44,13.25,Rainy 
1970,2023-03-24,01:00:00,Spring,3,Friday,15.04,1015.62,46.27,14.39,Stormy
2690,2023-04-23,01:00:00,Spring,4,sunday,17.27,1012.03,61.12,6.58,Sunny
442,2023-01-19,09:00:00,Winter,1,thursday,6.77,1006.25,87.56,10.94,Foggy
2159,2023-03-31,22:00:00,Spring,3,Friday,,1022.17,38.32,4.99,Stromy
2531,,10:00:00,Spring,4,Sunday,30.52,1009.13,65.49,2.35,WINDY
3285,2023-05-17,20:00:00,Spring,5,Wednesday,15.93,1006.18,64.15,11.13,windy
230,2023-01-10,13:00:00,Winter,1,Tuesday,11.04,1014.49,48.3,13.16,SUNNY
403,2023-01-17,18:00:00,Winter,1,Tuesday,9.62,1010.98,50.62,2.62,FOGGY
3149,2023-05-12,04:00:00,Spring,5,Friday,13.89,1036.76,,7.22,Sunny 
3201,2023-05-14,08:00:00,SPRING,5,Sunday,25.97,,51.58,12.57,Sunny 
456,2023-01-19,23:00:00,Winter,1,Thursday,7.34,1013.61,51.63,8.1,FOGGY
3329,2023-05-19,16:00:00,Spring,5,Friday,21.23,1004.13,65.24,13.74,stormy
3156,2023-05-12,11:00:00,Spring,5,Friday,15.58,1012.77,44.27,11.73,Foggy
2294,2023-04-06,13:00:00,Spring,4,Thursday,21.16,1003.79,71.57,9.73,SUNNY
1382,2023-02-27,13:00:00,Winter,2,Monday,3.72,1008.11,71.78,12.08,Windy
1864,2023-03-19,15:00:00,spring,3,Sunday,12.68,1021.17,39.16,5.7,rainy
3364,2023-05-21,03:00:00,Spring,5,Sunday,12.38,1013.65,42.26,12.91,rainy
2803,2023-04-27,18:00:00,Spring,4,Thursday,20.43,1026.42,69.93,11.51,sunny
1044,2023-02-13,11:00:00,WINTER,2,Monday,5.58,1005.27,,14.95,FOGGY
2694,2023-04-23,05:00:00,Spring,4,Sunday,22.39,NA,84.91,13.3,Stromy
1575,2023-03-07,14:00:00,Spring,3,Tuesday,,1003.93,,8.49,Sunny
1,2023-01-01,00:00:00,Winter,1,Sunday,10.48,1011.89,64.72,21.14,Stormy
739,2023-01-31,18:00:00,Winter,1,Tuesday,10.33,1025.17,40.77,22.48,WINDY
832,2023-02-04,15:00:00,Winter,2,Sat,13.52,1016.8,54.96,8.46,rainy
920,2023-02-08,07:00:00,Winter,2,Wednesday,8.37,1011.8,72.88,11.5,windy
1028,2023-02-12,19:00:00,Winter,2,Sunday,7.0,1014.85,72.19,7.34,cloudy
819,2023-02-04,02:00:00,Winter,2,Saturday,12.41,1018.77,41.26,20.13,foggy
360,2023-01-15,23:00:00,Winter,1,Sunday,6.76,1025.86,62.36,16.41,foggy
2779,2023-04-26,18:00:00,Spring,4,Wednesday,18.16,1009.94,53.25,14.94,
1117,2023-02-16,12:00:00,Winter,2,Thursday,5.1,1003.75,67.75,14.51,WINDY
2620,2023-04-20,03:00:00,spring,4,Thursday,13.03,1022.22,83.51,14.36,  Foggy  
3028,2023-05-07,03:00:00,Spring,5,Sunday,18.56,1010.38,62.38,16.58,
2486,2023-04-14,13:00:00,Spring,4,Friday,15.16,1027.41,85.33,22.99,Rainy 
1114,2023-02-16,09:00:00,Winter,2,Thursday,N/A,1015.37,74.01,13.73,Stromy
754,2023-02-01,09:00:00,Winter,2,Wednesday,1.56,1001.82,46.25,18.23,sunny
3142,2023-05-11,21:00:00,Spring,5,Thursday,12.49,1009.52,63.0,9.9,stormy
1417,2023-03-01,00:00:00,Spring,3,Wednesday,15.56,1001.51,,16.3,Rainy 
2924,2023-05-02,19:00:00,Spring,5,Tuesday,25.42,1009.25,47.45,5.92,Rainy
2565,2023-04-17,20:00:00,Spring,4,Monday,21.43,1010.9,48.46,11.8,Rainy 
3083,2023-05-09,10:00:00,Spring,5,tuesday,16.17,1012.43,41.74,12.86,RAINY
2259,2023-04-05,02:00:00,Spring,4,Wednesday,,1003.56,54.56,14.37,FOGGY
3228,2023-05-15,11:00:00,Spring,5,Monday,21.24,1013.34,57.48,7.76,cloudy
1422,2023-03-01,05:00:00,Spring,3,Wednesday,,1001.05,73.83,9.01,Stromy
1738,2023-03-14,09:00:00,Spring,3,Tuesday,16.16,1018.62,,,Rainy 
1911,2023-03-21,14:00:00,Spring,3,Tuesday,7.66,1013.72,48.36,12.05,WINDY
800,2023-02-03,07:00:00,WINTER,2,Friday,11.56,997.93,49.42,14.62,Stormy
2436,2023-04-12,11:00:00,Spring,4,Wednesday,13.93,1003.68,33.1,13.13,WINDY
2601,2023/04/19,08:00:00,Spring,4,wednesday,17.68,1012.37,72.98,12.09,
2614,2023-04-19,21:00:00,Spring,4,Wednesday,22.58,1022.49,40.17,9.05,
2104,2023-03-29,15:00:00,Spring,3,Wednesday,12.71,1015.09,46.33,13.77,Rainy
2518,2023-04-15,21:00:00,Spring,4,Saturday,19.08,1010.18,48.39,5.3,sunny
1113,2023-02-16,08:00:00,Winter,2,Thursday,10.4,1024.97,47.58,9.01,STORMY
2660,2023-04-21,19:00:00,spring,4,Friday,,1003.47,,11.83,Stormy
597,2023-01-25,20:00:00,Winter,1,Wednesday,8.16,1006.93,,6.45,FOGGY
2814,2023-04-28,05:00:00,Spring,4,Friday,13.7,1018.43,50.43,15.72,
3003,2023-05-06,02:00:00,Spring,5,Saturday,16.16,1009.74,45.83,16.73,cloudy
1254,2023-02-22,05:00:00,Winter,2,Wednesday,8.04,1011.1,56.15,8.93,windy
1394,2023-02-28,01:00:00,Winter,2,Tuesday,6.28,,40.3,0.26,Cludy
2548,2023-04-17,03:00:00,Spring,4,Monday,19.17,,42.46,10.41,Windy
1087,2023-02-15,06:00 AM,Winter,2,Wednesday,4.73,1013.22,54.29,2.51,Stormy
3004,2023-05-06,03:00:00,Spring,5,Saturday,14.77,1019.77,55.28,8.87,Sunny 
216,2023-01-09,23:00:00,Winter,1,Monday,9.01,1000.87,78.21,22.78,Stromy
1678,2023-03-11,21:00:00,Spring,3,Saturday,25.31,1010.68,71.09,20.57,
1198,2023/02/19,21:00:00,Winter,2,Sunday,999.0,,51.02,9.6,Sunny 
1831,2023-03-18,06:00:00,Spring,3,Sat,21.18,1012.06,48.17,13.47,FOGGY
820,2023-02-04,03:00:00,Winter,2,Saturday,13.85,1014.07,56.19,15.32,cloudy
653,2023-01-28,04:00:00,Winter,1,Saturday,12.49,1023.2,64.77,5.17,Rainy
3427,2023-05-23,18:00:00,SPRING,5,Tuesday,20.61,1022.22,32.9,14.11,SUNNY
1220,2023-02-20,19:00:00,Winter,2,Monday,1.3,,44.78,17.81,CLOUDY
2512,2023-04-15,15:00:00,Spring,4,Saturday,13.86,1013.96,61.76,13.26,
1760,2023-03-15,07:00:00,Spring,3,Wednesday,10.14,1005.54,20.71,7.3,Rainy
1249,2023-02-22,00:00:00,winter,2,WEDNESDAY,7.43,,,,Rainy 
67,2023-01-03,18:00:00,Winter,1,Tuesday,,1003.02,79.49,3.42,Windy
2994,2023-05-05,17:00:00,Spring,5,Friday,13.17,1006.5,45.05,3.75,Windy
549,2023-01-23,20:00:00,Winter,1,Monday,18.12,,57.85,8.03,Windy
130,2023-01-06,09:00:00,Winter,1,Friday,10.5,1005.18,56.49,16.51, Foggy
2901,2023-05-01,20:00:00,Spring,5,Monday,8.72,1016.89,38.4,12.61, Foggy
2205,2023-04-02,20:00:00,Spring,4,Sunday,16.66,1013.65,62.27,13.6,foggy
947,2023-02-09,10:00:00,WINTER,2,Thursday,10.32,1008.6,59.75,6.69,FOGGY
3089,2023-05-09,16:00:00,Spring,5,Tuesday,6.15,1011.42,68.87,15.4,STORMY
2839,2023-04-29,06:00:00,Spring,4,Saturday,25.77,1023.96,66.02,20.53,FOGGY
1404,2023-02-28,11:00:00,WINTER,2,Tuesday,13.19,1013.75,47.34,3.32,FOGGY
1175,2023-02-18,22:00:00,Winter,2,SATURDAY,10.55,1023.18,56.89,9.19,WINDY
1342,2023-02-25,21:00:00,Winter,2,Saturday,7.05,1001.02,75.45,10.18,WINDY
1170,2023-02-18,17:00:00,Winter,2,Saturday,11.46,1021.85,67.92,13.51,rainy
373,2023-01-16,12:00:00,Winter,1,Monday,,,46.72,27.35,Stromy
252,2023-01-11,11:00:00,Winter,1,Wednesday,11.49,1016.15,68.43,-15.81,stormy
2651,2023-04-21,10:00:00,Spring,4,Friday,23.94,1007.68,42.16,4.88,STORMY
2957,2023-05-04,04:00:00,Spring,5,Thursday,12.41,1019.58,80.21,11.99,RAINY
1632,2023-03-09,23:00:00,Spring,3,Thursday,23.6,1015.26,49.91,11.75,Cludy
234,2023-01-10,17:00:00,Winter,1,Tuesday,0.76,995.41,61.6,8.99,windy
1071,2023-02-14,14:00:00,winter,2,Tuesday,18.47,1000.9,72.39,17.84,RAINY
737,2023-01-31,16:00:00,Winter,1,Tuesday,9.62,1003.82,56.28,5.95,cloudy
1218,2023-02-20,17:00:00,Winter,2,Monday,,1008.82,101.15,20.16,cloudy
2632,2023-04-20,15:00:00,Spring,4,Thursday,19.14,,46.55,6.32,RAINY
2612,2023-04-19,19:00:00,Spring,4,Wednesday,20.43,1014.58,66.6,5.69,Rainy 
1498,2023-03-04,09:00:00,Spring,3,Saturday,,1009.85,63.07,13.84,  sunny  
1420,2023-03-01,,Spring,3,Wednesday,18.9,1023.76,60.4,9.01,WINDY
1366,2023-02-26,21:00:00,Winter,2,Sunday,7.82,1018.28,71.35,7.51,SUNNY
1931,2023-03-22,10:00:00,Spring,3,Wednesday,17.14,1024.51,57.48,12.08,Sunny
839,2023-02-04,22:00:00,Winter,2,Saturday,10.14,1013.62,46.09,11.01,  FOGGY  
47,2023-01-02,22:00:00,Winter,1,Monday,6.88,1018.71,62.1,11.56,sunny
2357,2023-04-09,04:00:00,Spring,4,Sunday,22.34,1013.18,40.33,8.33,Cloudy
660,2023-01-28,11:00:00,Winter,1,Saturday,,1020.53,39.51,14.39,Stormy
1077,2023-02-14,20:00:00,Winter,2,Tuesday,1.46,1000.22,45.55,16.39,Stormy
1870,2023-03-19,21:00:00,Spring,3,Sunday,6.77,1014.56,83.78,9.88,foggy
933,2023-02-08,20:00:00,winter,2,Wednesday,2.0,994.47,67.87,7.03,rainy
2478,2023-04-14,05:00:00,Spring,4,Friday,,1024.31,58.28,17.81,windy
2859,2023-04-30,02:00:00,Spring,4,Sunday,7.1,1012.55,29.81,4.75,WINDY
25,2023-01-02,00:00:00,Winter,1,Monday,9.48,1015.09,55.08,10.59,windy
1763,2023-03-15,10:00:00,Spring,3,Wednesday,11.64,1003.78,69.52,14.39,  Cloudy  
2112,2023-03-29,23:00:00,Spring,3,Wednesday,18.94,1006.19,64.98,25.26,rainy
2861,2023-04-30,04:00:00,Spring,4,Sunday,17.9,1007.29,,14.56,Sunny
2035,2023-03-26,18:00:00,Spring,3,Sunday,13.46,1017.83,30.74,14.08,windy
1549,2023-03-06,12:00:00,Spring,3,Monday,14.63,1020.66,14.31,11.1,Foggy
2904,2023-05-01,23:00:00,Spring,5,Monday,20.39,,49.49,12.19,  stormy  
3124,2023-05-11,03:00:00,spring,5,Thursday,12.55,1001.52,56.6,8.74,Stromy
2427,2023-04-12,02:00:00,Spring,4,Wednesday,20.71,1006.53,,17.96, Foggy
2922,02-May-2023,17:00:00,Spring,5,Tuesday,23.91,1017.06,71.71,4.8,cloudy
1260,2023-02-22,11:00:00,Winter,2,Wednesday,18.93,1007.51,79.36,14.3,sunny
3290,2023-05-18,01:00:00,Spring,5,Thursday,11.67,1028.09,31.83,18.91,Foggy
696,2023-01-29,23:00:00,Winter,1,Sunday,12.37,1007.8,36.95,5.75,RAINY
1320,2023-02-24,23:00:00,Winter,2,Friday,0.65,1002.9,43.36,12.47,WINDY
2164,2023-04-01,03:00:00,Spring,4,Saturday,20.81,1011.9,66.7,4.95,Sunny 
1984,2023-03-24,15:00:00,Spring,3,Friday,17.13,1023.88,,17.1,Windy
2754,2023-04-25,17:00:00,Spring,4,Tuesday,17.33,1006.79,69.12,12.46,CLOUDY
2973,2023-05-04,20:00:00,Spring,5,Thursday,17.1,1007.28,49.6,24.19,foggy
1993,2023-03-25,12:00 AM,Spring,3,Saturday,15.98,1022.06,78.96,15.87,Rainy 
1165,2023-02-18,12:00:00,WINTER,2,saturday,6.42,1005.47,58.69,7.19,FOGGY
332,2023-01-14,19:00:00,winter,1,Saturday,8.32,997.2,40.91,11.14,Windy
840,2023-02-04,23:00:00,winter,2,Saturday,,995.97,61.87,6.12, Foggy
228,2023-01-10,11:00:00,Winter,1,Tuesday,11.23,1030.31,50.38,13.31,sunny
603,2023-01-26,02:00:00,Winter,1,Thursday,12.06,1003.81,67.28,21.23,WINDY
7,2023-01-01,06:00:00,WINTER,1,Sunday,5.28,,37.74,14.25,Sunny
708,2023-01-30,11:00:00,Winter,1,Monday,12.76,1010.07,29.44,6.45,
2150,2023-03-31,13:00:00,SPRING,3,Friday,15.82,1021.38,38.97,14.07,Foggy
1306,2023-02-24,09:00:00,winter,2,Friday,16.92,1013.11,51.63,6.43,windy
2698,2023-04-23,09:00:00,Spring,4,Sunday,9.29,1009.36,51.12,,SUNNY
2199,2023-04-02,14:00:00,Spring,4,SUNDAY,18.32,1010.79,N/A,1.11,foggy
1649,2023-03-10,16:00:00,Spring,3,Friday,25.35,1008.02,,19.97,Rainy 
116,2023-01-05,19:00:00,Winter,1,Thursday,17.82,1013.28,44.5,13.28,Stormy
2965,2023-05-04,12:00:00,Spring,5,Thursday,,1021.22,49.12,12.17,Sunny 
1981,2023-03-24,12:00:00,Spring,3,FRIDAY,24.55,1022.37,36.15,,cloudy
2716,2023-04-24,03:00:00,Spring,4,Monday,17.25,1002.3,54.81,10.03,sunny
128,2023-01-06,07:00:00,Winter,1,Friday,8.24,1006.35,59.06,11.7,sunny
2320,2023-04-07,15:00:00,Spring,4,FRIDAY,,1016.18,48.06,10.16,Sunny
2680,2023-04-22,15:00:00,Spring,4,Saturday,18.23,1018.99,77.41,13.21,WINDY
414,2023-01-18,05:00:00,Winter,1,Wednesday,8.97,1010.17,60.08,10.23,  Windy  
1070,2023-02-14,13:00:00,Winter,2,Tuesday,,1005.27,53.98,14.18,Foggy
2137,03-31-2023,00:00:00,Spring,3,Friday,18.3,,56.22,300.0, Foggy
2937,2023-05-03,08:00:00,Spring,5,Wednesday,22.37,1017.87,61.28,300.0,Sunny 
388,2023-01-17,03:00:00,Winter,1,Tuesday,11.83,,53.5,10.78,cloudy
2082,2023-03-28,17:00:00,Spring,3,Tuesday,18.33,1026.3,52.6,10.54,WINDY
787,2023-02-02,18:00:00,Winter,2,Thursday,10.16,1016.76,44.39,7.73,foggy
2578,2023-04-18,09:00:00,Spring,4,Tuesday,17.23,1018.71,56.49,8.87,rainy
1075,2023-02-14,18:00:00,Winter,2,Tuesday,2.72,1014.01,40.23,7.24,
865,2023-02-06,00:00:00,Winter,2,Monday,13.44,1009.99,55.28,4.97,Sunny
1140,2023-02-17,11:00:00,Winter,2,friday,2.97,,46.94,15.93,Rainy
752,2023-02-01,07:00:00,Winter,2,Wednesday,10.78,1002.32,62.29,2.72,STORMY
1695,2023-03-12,14:00:00,Spring,3,Sunday,22.36,1015.59,67.36,11.02,RAINY
1720,2023-03-13,15:00:00,SPRING,3,Monday,20.76,1007.13,50.49,2.24,Windy
3311,2023-05-18,22:00:00,Spring,5,Thursday,9.35,1006.79,37.5,0.09,sunny
1886,2023-03-20,13:00:00,Spring,3,Monday,21.05,1012.68,66.92,20.09,CLOUDY
1364,2023-02-26,19:00:00,Winter,2,Sunday,16.52,1004.14,69.64,20.4,foggy
3017,2023-05-06,04:00 PM,Spring,5,Saturday,21.37,1014.29,60.2,9.98,Windy
355,2023-01-15,18:00:00,Winter,1,Sunday,8.29,1015.15,77.93,15.05,WINDY
2761,2023-04-26,00:00:00,Spring,4,Wednesday,15.47,1003.94,51.63,18.45,cloudy
666,2023-01-28,17:00:00,Winter,1,Saturday,2.12,1005.84,63.96,6.31,FOGGY
2454,2023-04-13,05:00:00,Spring,4,Thursday,19.93,1021.97,53.0,13.23,Stormy
1681,2023-03-12,00:00:00,Spring,3,Sunday,20.84,1021.69,60.0,2.96,foggy
808,2023-02-03,15:00:00,Winter,2,Friday,11.9,1012.69,48.73,,CLOUDY
1801,2023-03-17,00:00:00,Spring,3,Friday,18.7,1013.52,67.2,6.94,STORMY
36,2023-01-02,11:00:00,Winter,1,Monday,9.14,1023.46,30.89,13.11,STORMY
1136,2023-02-17,07:00:00,Winter,2,Friday,2.8,1028.56,27.68,8.41,Cloudy
1448,2023-03-02,07:00:00,Spring,3,Thursday,9.26,1013.76,30.62,3.04, Foggy
2072,2023-03-28,07:00:00,Spring,3,Tuesday,12.98,,57.27,5.86,Sunny
1729,2023-03-14,00:00:00,Spring,3,Tuesday,14.57,1022.31,,4.28,rainy
2907,2023-05-02,02:00:00,Spring,5,Tuesday,28.89,998.4,43.92,8.24,Rainy
1912,2023-03-21,15:00:00,Spring,3,Tuesday,22.73,1008.58,26.9,24.27,stormy
2038,2023-03-26,21:00:00,Spring,3,sunday,19.32,1008.53,62.01,8.73,Stormy
987,2023-02-11,02:00:00,Winter,2,Saturday,5.94,1020.31,63.06,14.57,CLOUDY
1078,2023-02-14,21:00:00,Winter,2,Tuesday,7.02,1009.28,55.67,1.53,windy
296,2023-01-13,07:00:00,Winter,1,Friday,8.9,1024.14,,2.58,windy
2411,2023-04-11,10:00:00,Spring,4,Tuesday,9.49,1015.99,58.97,12.38,Cloudy
868,2023-02-06,03:00:00,Winter,2,Monday,5.73,1011.25,53.63,11.51,SUNNY
866,2023-02-06,01:00:00,Winter,2,Monday,16.48,1028.18,57.35,18.14,rainy
1607,2023-03-08,22:00:00,Spring,3,Wednesday,15.25,1017.08,,21.01,Sunny
3304,2023-05-18,15:00:00,Spring,5,Thursday,18.65,1000.97,46.65,15.1,STORMY
2492,2023-04-14,19:00:00,Spring,4,Friday,25.95,,47.7,11.94,Sunny
2421,2023/04/11,20:00:00,Spring,4,Tue,16.01,1001.92,69.82,7.35, Foggy
526,2023-01-22,21:00:00,Winter,1,Sunday,9.88,1005.78,41.96,18.75,Foggy
279,2023-01-12,14:00:00,Winter,1,Thursday,,1016.97,57.26,14.19,windy
979,2023-02-10,18:00:00,Winter,2,Friday,13.05,1006.24,32.51,11.45,Stormy
3277,2023-05-17,12:00:00,Spring,5,Wednesday,19.79,995.97,27.23,16.91,
2184,2023-04-01,23:00:00,Spring,4,Saturday,19.46,997.96,31.46,8.18,Cludy
421,2023-01-18,12:00:00,Winter,1,Wednesday,10.02,1012.81,41.44,13.95,  stormy  
1327,2023-02-25,06:00:00,Winter,2,Saturday,6.71,1021.66,53.06,6.89,Rainy
1740,2023-03-14,11:00:00,Spring,3,Tuesday,18.47,1027.45,95.0,12.58,sunny
2383,2023-04-10,06:00:00,Spring,4,Monday,18.88,1011.78,67.14,19.39,Windy
1091,15-Feb-2023,10:00:00,Winter,2,Wednesday,9.54,1006.4,250.0,19.17,Stromy
330,2023/01/14,17:00:00,Winter,1,Saturday,2.67,1010.56,45.86,10.88,cloudy
2489,2023-04-14,16:00:00,Spring,4,Friday,13.55,1005.31,58.81,16.18,rainy
829,2023-02-04,12:00:00,Winter,2,Saturday,18.43,1004.88,49.58,14.5,cloudy
2033,2023-03-26,16:00:00,Spring,3,Sunday,17.09,1015.25,50.9,15.51,FOGGY
2969,2023-05-04,04:00 PM,Spring,5,THURSDAY,,1006.11,49.65,2.85,  foggy  
2617,2023/04/20,00:00:00,Spring,4,Thursday,16.66,1007.33,42.71,18.95,Cludy
807,2023-02-03,14:00:00,Winter,2,Friday,9.42,1005.1,42.3,19.5,WINDY
227,2023-01-10,10:00:00,Winter,1,TUESDAY,8.96,1013.37,34.6,16.48,Stromy
1081,2023-02-15,00:00:00,winter,2,wednesday,7.9,1012.14,73.3,5.54,Sunny
1509,2023-03-04,20:00:00,Spring,3,Saturday,,1005.87,33.6,12.42,Windy
2833,2023-04-29,00:00:00,Spring,4,Saturday,14.02,1009.33,60.24,14.05,Stromy
1304,2023-02-24,07:00:00,Winter,2,Friday,7.12,1016.19,,15.03,sunny
1901,2023-03-21,04:00:00,Spring,3,Tuesday,17.36,1008.93,62.28,6.91,windy
1419,2023-03-01,02:00:00,Spring,3,Wednesday,14.79,1035.59,35.22,12.12,Windy
1537,2023-03-06,00:00:00,Spring,3,Monday,20.95,1011.24,55.95,,STORMY
3368,2023-05-21,07:00:00,Spring,5,Sunday,21.2,1016.62,66.3,0.14,WINDY
2079,2023-03-28,14:00:00,Spring,3,Tuesday,19.21,1006.19,67.96,16.61,sunny
958,2023-02-09,21:00:00,Winter,2,Thursday,13.91,1016.85,51.96,8.83,Cloudy
95,2023-01-04,22:00:00,winter,1,Wednesday,12.36,1014.47,,7.15, Foggy
1238,2023-02-21,13:00:00,Winter,2,Tuesday,6.07,1016.48,58.6,19.52,FOGGY
1299,2023-02-24,02:00:00,Winter,2,Friday,10.78,1008.27,27.3,9.43,Cloudy
883,2023-02-06,18:00:00,Winter,2,Monday,-1.16,1004.59,77.46,23.15, Foggy
694,2023-01-29,21:00:00,Winter,1,Sunday,7.12,1000.61,47.63,10.29,Stromy
995,2023-02-11,10:00:00,Winter,2,Saturday,10.53,1024.58,63.52,5.7,WINDY
2670,2023-04-22,05:00:00,Spring,4,SATURDAY,23.51,1014.42,47.05,16.83,rainy
1192,2023-02-19,15:00:00,Winter,2,Sunday,3.03,1015.0,37.25,10.48,windy
2400,2023-04-10,23:00:00,spring,4,Monday,13.14,1012.7,63.55,10.05,Rainy
3206,2023-05-14,13:00:00,Spring,5,Sunday,25.16,1007.22,,15.85,windy
619,2023-01-26,18:00:00,Winter,1,Thursday,4.07,1001.95,59.56,16.33, Foggy
1318,2023-02-24,21:00:00,Winter,2,Friday,1.32,1018.79,74.36,27.53,sunny
189,2023-01-08,20:00:00,WINTER,1,Sun,3.12,,40.76,27.79,  stormy  
843,2023-02-05,02:00:00,Winter,2,Sunday,10.0,1014.05,53.84,4.83,Rainy
590,,13:00:00,Winter,1,Wednesday,6.15,1014.15,28.36,14.45,Sunny 
291,2023-01-13,02:00:00,Winter,1,Friday,-4.5,1031.33,34.16,2.13,  FOGGY  
2290,2023-04-06,09:00:00,Spring,4,Thursday,19.56,1017.59,75.97,19.15,RAINY
2075,2023-03-28,10:00:00,Spring,3,Tuesday,27.87,1016.02,52.19,18.2,foggy
1965,2023-03-23,20:00:00,Spring,3,Thursday,11.97,1005.91,12.25,15.27,Foggy
2161,2023-04-01,00:00:00,Spring,4,Saturday,26.09,1006.84,72.15,13.11,sunny
943,2023-02-09,06:00:00,Winter,2,Thursday,11.32,1008.58,70.03,9.01,
2797,2023-04-27,12:00:00,Spring,4,Thursday,15.67,1004.67,70.05,-20.0,Rainy 
669,2023-01-28,20:00:00,Winter,1,Saturday,9.3,1008.69,,0.22,stormy
2780,2023-04-26,19:00:00,Spring,4,Wednesday,20.2,1012.4,71.39,17.82,  Windy  
682,2023-01-29,09:00:00,Winter,1,SUNDAY,17.81,1013.03,70.17,20.05,STORMY
85,2023-01-04,12:00:00,Winter,1,Wednesday,,1010.43,61.19,8.62,sunny
803,2023-02-03,10:00:00,Winter,2,Friday,,1016.61,72.75,4.93,Sunny 
1536,2023-03-05,23:00:00,Spring,3,Sunday,15.58,1012.63,54.75,16.1,cloudy
1641,2023-03-10,08:00:00,Spring,3,Friday,16.49,1023.77,NA,20.83,Stromy
1132,2023-02-17,03:00:00,Winter,2,Friday,13.9,1022.15,34.18,16.58,sunny
1618,2023-03-09,09:00:00,Spring,3,thursday,20.65,0.0,55.56,10.11,CLOUDY
1301,2023-02-24,04:00:00,Winter,2,Friday,6.35,1008.92,57.24,16.62,Sunny
142,2023-01-06,21:00:00,Winter,1,Friday,14.01,1009.74,,5.95,windy
2903,2023-05-01,22:00:00,Spring,5,MONDAY,11.59,,64.95,27.61,
1022,2023-02-12,13:00:00,Winter,2,Sunday,14.56,,150.0,12.48,cloudy
3047,2023-05-07,10:00 PM,Spring,5,Sunday,20.57,1028.38,61.14,9.44, Foggy
3014,2023-05-06,13:00:00,Spring,5,Saturday,23.41,1007.72,52.47,13.44,Sunny 
1544,2023-03-06,07:00:00,Spring,3,Mon,16.09,1002.44,60.06,,CLOUDY
2841,2023-04-29,08:00:00,Spring,4,Saturday,24.65,1008.28,42.08,,Rainy 
2639,2023-04-20,22:00:00,Spring,4,Thursday,11.51,1001.3,70.14,2.91,RAINY
1809,2023-03-17,08:00:00,Spring,3,Friday,19.23,1018.81,45.58,19.72,sunny
546,2023-01-23,17:00:00,Winter,1,Monday,7.05,1010.14,52.29,20.24,windy
1949,2023-03-23,04:00:00,Spring,3,Thursday,13.37,1009.4,56.11,19.16,cloudy
100,2023-01-05,03:00:00,winter,1,Thursday,-0.57,,53.28,19.43,
285,2023-01-12,20:00:00,Winter,1,Thursday,13.95,,63.96,,Windy
1849,2023-03-19,00:00:00,Spring,3,Sunday,11.46,1010.24,,0.99,RAINY
96,2023-01-04,23:00:00,Winter,1,WEDNESDAY,3.8,1008.2,23.14,8.85,sunny
791,2023-02-02,22:00:00,winter,2,Thursday,4.97,1016.65,48.11,7.83,SUNNY
1784,2023-03-16,07:00:00,spring,3,Thursday,N/A,1013.79,49.14,15.1,FOGGY
989,2023-02-11,04:00:00,Winter,2,Saturday,,1017.56,46.29,8.33,RAINY
1923,2023-03-22,02:00:00,Spring,3,Wednesday,16.83,1011.43,61.15,8.42,windy
2571,2023-04-18,02:00:00,Spring,4,Tuesday,,1012.5,70.63,13.4,sunny
2681,2023-04-22,16:00:00,Spring,4,Saturday,17.03,997.17,55.39,12.43, Foggy
3429,2023-05-23,20:00:00,Spring,5,Tuesday,22.0,1008.3,50.26,1.32,Sunny
1998,2023-03-25,05:00:00,Spring,3,Saturday,19.62,1017.64,73.14,11.85,SUNNY
274,2023-01-12,09:00 AM,Winter,1,Thursday,11.64,1013.42,65.99,11.52, Foggy
568,2023-01-24,15:00:00,Winter,1,Tuesday,5.48,1012.35,60.22,9.08,Rainy
364,2023-01-16,03:00:00,Winter,1,Monday,9.2,1033.81,63.48,1.44,Cludy
2385,2023-04-10,08:00:00,Spring,4,Monday,14.01,1021.15,35.66,10.19,rainy
2854,2023-04-29,21:00:00,Spring,4,Saturday,20.01,1014.99,55.52,8.15,Rainy
1700,2023-03-12,19:00:00,Spring,3,Sunday,25.7,,50.77,19.38,stormy
1788,2023-03-16,11:00:00,Spring,3,Thursday,24.83,1007.1,65.3,16.45,Cloudy
3356,2023-05-20,19:00:00,Spring,5,saturday,13.44,1015.08,45.64,10.34,Rainy
1663,2023-03-11,06:00:00,Spring,3,Saturday,23.53,1014.61,58.86,,CLOUDY
1217,2023-02-20,16:00:00,winter,2,Monday,7.62,999.52,,11.78,windy
1157,2023-02-18,04:00:00,winter,2,Saturday,9.78,1023.09,44.99,7.6,
341,2023-01-15,04:00:00,Winter,1,Sunday,7.92,,56.79,6.16,sunny
2521,2023-04-16,00:00:00,Spring,4,Sunday,27.24,1002.54,59.1,21.4,rainy
2222,2023-04-03,13:00:00,Spring,4,Monday,26.69,1016.43,60.08,11.23,Rainy 
519,2023-01-22,14:00:00,Winter,1,Sunday,8.44,1014.58,45.74,10.1,Sunny 
444,2023-01-19,11:00:00,Winter,1,Thursday,4.89,1014.56,43.86,4.08,Stromy
239,2023-01-10,22:00:00,Winter,1,Tuesday,1.74,1024.55,53.77,18.7,Cludy
374,2023-01-16,13:00:00,Winter,1,Monday,missing,1014.48,78.13,24.04,Stromy
1645,2023-03-10,12:00:00,Spring,3,Friday,14.96,1004.94,58.81,1.24,Rainy
1553,2023-03-06,16:00:00,Spring,3,Monday,17.68,1007.72,69.76,12.76,STORMY
2263,2023-04-05,06:00:00,Spring,4,Wednesday,17.03,1020.17,61.33,5.23,CLOUDY
435,2023-01-19,02:00:00,Winter,1,Thursday,2.73,1004.46,69.25,22.26,Windy
2266,2023-04-05,09:00:00,Spring,4,Wednesday,17.49,1013.3,61.01,7.27,stormy
11,2023-01-01,10:00:00,Winter,1,Sunday,11.69,1014.37,53.27,10.19,Stromy
2360,2023-04-09,07:00:00,Spring,4,Sunday,18.57,1012.13,67.4,11.38,Stormy
2866,2023-04-30,09:00:00,Spring,4,SUNDAY,20.94,1016.5,46.34,2.94,CLOUDY
817,2023-02-04,00:00:00,Winter,2,saturday,11.33,1028.53,41.83,9.73,rainy
201,2023-01-09,08:00:00,Winter,1,Monday,12.69,1008.87,,9.23,cloudy
2253,2023-04-04,20:00:00,Spring,4,Tuesday,19.53,1022.18,60.13,4.21,Rainy 
3081,2023-05-09,08:00:00,Spring,5,Tuesday,21.11,1019.59,25.31,9.52,FOGGY
2989,2023-05-05,12:00:00,Spring,5,Friday,15.99,989.05,42.53,9.05,
3121,2023-05-11,00:00:00,Spring,5,Thursday,16.82,1011.93,41.19,18.34,Stormy
282,2023-01-12,17:00:00,Winter,1,Thursday,16.17,1003.83,250.0,7.47,SUNNY
1088,2023-02-15,07:00:00,Winter,2,Wednesday,3.3,1008.51,24.46,12.28,stormy
2378,10/04/2023,01:00:00,Spring,4,Monday,15.98,1019.63,19.13,5.88,RAINY
1021,2023-02-12,12:00:00,Winter,2,Sunday,11.17,1007.41,80.18,0.53,
1311,2023-02-24,14:00:00,Winter,2,Friday,7.49,1006.26,-15.0,15.93,Sunny
656,2023-01-28,07:00:00,Winter,1,Saturday,,1019.31,56.26,20.46,STORMY
1824,2023-03-17,23:00:00,Spring,3,Friday,14.87,1005.17,56.83,9.49,RAINY
1918,2023-03-21,21:00:00,Spring,3,Tuesday,17.98,1012.67,66.25,0.09,Stromy
1443,02-Mar-2023,02:00:00,Spring,3,Thursday,19.03,1000.01,83.33,11.01,Rainy 
2547,2023-04-17,02:00:00,Spring,4,monday,14.85,1036.31,35.84,5.5, Foggy
1822,2023-03-17,21:00:00,Spring,3,Friday,,1004.55,71.13,18.28,Stromy
2342,2023-04-08,13:00:00,spring,4,Saturday,23.55,1000.99,50.15,20.01,Windy
1434,2023-03-01,05:00 PM,Spring,3,Wednesday,23.11,1011.48,46.39,10.31,WINDY
363,2023-01-16,02:00:00,Winter,1,Monday,14.19,1013.17,59.63,22.21,FOGGY
193,2023-01-09,00:00:00,Winter,1,Monday,,1027.5,65.62,8.63,SUNNY
2736,2023-04-24,23:00:00,Spring,4,Monday,12.42,1004.62,65.32,9.92,  stormy  
977,2023-02-10,16:00:00,Winter,2,Friday,16.07,1010.42,74.88,3.56,Foggy
1150,2023-02-17,21:00:00,winter,2,Friday,6.61,1023.33,61.33,19.86,rainy
2920,2023-05-02,15:00:00,Spring,5,tuesday,18.08,1010.08,38.44,6.25,Cloudy
3210,2023-05-14,17:00:00,Spring,5,Sunday,12.93,1008.21,60.92,14.15,Foggy
2570,2023-04-18,01:00:00,Spring,4,Tuesday,18.59,1016.13,57.06,19.14,STORMY
148,2023-01-07,03:00:00,Winter,1,Saturday,12.15,1006.15,56.07,9.13,stormy
643,2023-01-27,18:00:00,Winter,1,Friday,12.29,1011.12,55.57,3.31,Stormy
638,2023-01-27,13:00:00,Winter,1,Friday,13.11,1029.71,31.21,0.72,CLOUDY
2416,,15:00:00,Spring,4,Tuesday,17.74,1015.25,49.83,13.36,SUNNY
837,2023-02-04,20:00:00,Winter,2,Saturday,3.18,1026.03,50.73,21.54,
1791,2023-03-16,14:00:00,spring,3,Thursday,19.36,1012.54,63.22,3.96,Sunny 
117,2023-01-05,20:00:00,Winter,1,Thursday,7.44,1011.23,64.21,16.55,Sunny 
2387,2023-04-10,10:00:00,Spring,4,Monday,25.04,1011.99,65.07,16.48,Rainy
2172,2023-04-01,11:00:00,Spring,4,Saturday,22.36,1015.62,38.18,20.28,windy
1162,2023-02-18,09:00:00,Winter,2,Saturday,11.19,1025.93,34.11,11.79,RAINY
2095,2023-03-29,06:00:00,Spring,3,wednesday,11.18,1005.57,67.14,,Cloudy
423,2023-01-18,14:00:00,Winter,1,Wednesday,9.42,1010.93,63.8,9.15,cloudy
3306,2023-05-18,17:00:00,Spring,5,Thursday,23.28,1024.49,68.47,11.02,Windy
2872,2023-04-30,15:00:00,Spring,4,Sunday,15.04,1012.81,19.26,5.39,foggy
2842,2023-04-29,09:00:00,Spring,4,Saturday,16.87,1018.19,,22.31,Stromy
1585,2023-03-08,00:00:00,Spring,3,Wednesday,21.45,1009.44,57.09,11.73,Rainy
3086,2023-05-09,13:00:00,Spring,5,Tuesday,16.08,1010.38,44.08,16.61,Windy
1651,2023-03-10,18:00:00,Spring,3,friday,11.55,1013.47,68.69,14.53,sunny
61,2023-01-03,12:00:00,Winter,1,Tuesday,4.04,1012.08,62.57,17.19,stormy
2883,2023-05-01,02:00:00,Spring,5,Monday,20.98,1005.4,36.73,14.38,SUNNY
727,2023-01-31,06:00:00,Winter,1,Tuesday,0.41,1019.0,48.76,5.22,WINDY
746,2023-02-01,01:00:00,Winter,2,Wednesday,9.32,1023.18,65.99,13.73,windy
2134,2023-03-30,21:00:00,Spring,3,Thursday,20.4,1024.07,73.99,16.26,Cloudy
160,2023-01-07,15:00:00,Winter,1,Saturday,12.12,1013.59,35.65,4.23,Sunny
938,2023-02-09,01:00:00,Winter,2,Thursday,15.14,1001.21,46.21,13.97,CLOUDY
50,2023-01-03,01:00:00,Winter,1,Tuesday,3.58,1014.23,55.87,5.14,
892,,03:00:00,Winter,2,Tuesday,12.79,1013.41,58.44,18.45,SUNNY
671,2023-01-28,22:00:00,Winter,1,Saturday,11.4,1010.58,50.06,,Cludy
3187,2023-05-13,18:00:00,Spring,5,Saturday,19.53,1012.88,84.59,7.22,Cloudy
467,2023-01-20,10:00:00,Winter,1,Friday,14.52,999.7,70.49,18.76,Foggy
202,2023-01-09,09:00:00,Winter,1,Monday,5.83,1010.53,58.33,9.13,Foggy
2376,2023-04-09,23:00:00,Spring,4,Sunday,16.66,1023.58,57.63,5.85,cloudy
1207,2023-02-20,06:00:00,Winter,2,Monday,7.69,1014.93,56.27,16.79,Foggy
2392,2023-04-10,15:00:00,Spring,4,MONDAY,20.35,1013.83,40.2,15.1,SUNNY
163,2023-01-07,18:00:00,Winter,1,Saturday,6.85,1018.57,82.73,18.76,windy
1234,2023-02-21,09:00:00,Winter,2,Tuesday,15.67,,48.1,15.26,WINDY
2469,2023-04-13,20:00:00,Spring,4,Thursday,16.4,1024.13,59.78,11.87,Cludy
2022,2023-03-26,05:00:00,Spring,3,Sunday,10.71,1014.88,25.23,10.4,STORMY
3000,2023-05-05,23:00:00,Spring,5,Friday,17.64,1019.7,53.49,6.32,Cludy
1212,2023-02-20,11:00:00,Winter,2,Monday,13.83,1017.25,22.33,8.82,Windy
659,2023-01-28,10:00:00,Winter,1,Saturday,8.99,1015.49,80.5,18.43, Foggy
558,24-Jan-2023,05:00:00,Winter,1,Tuesday,-1.33,1021.06,44.73,16.74,Stromy
108,2023-01-05,11:00:00,Winter,1,Thu,13.29,998.93,37.25,0.24,Stromy
2013,2023-03-25,20:00:00,Spring,3,Saturday,11.53,1013.67,38.79,4.94,Stormy
211,2023-01-09,18:00:00,Winter,1,Monday,150.0,1018.4,38.16,14.29,cloudy
268,2023-01-12,03:00:00,Winter,1,Thursday,5.66,1015.77,54.3,14.86,cloudy
1735,2023-03-14,06:00:00,SPRING,3,Tuesday,25.23,1009.32,48.56,4.19,Foggy
2874,2023-04-30,17:00:00,Spring,4,Sunday,19.13,1023.38,,11.65,WINDY
2353,2023-04-09,00:00:00,Spring,4,Sunday,16.05,1023.85,54.48,6.56,Cludy
3141,2023-05-11,20:00:00,Spring,5,Thursday,17.56,1011.14,48.74,11.5,Rainy 
2379,2023-04-10,02:00 AM,SPRING,4,Monday,,1011.0,58.11,3.92,CLOUDY
2881,2023-05-01,00:00:00,Spring,5,monday,150.0,989.73,36.66,6.51,Stormy
1068,2023-02-14,11:00:00,Winter,2,Tuesday,,1020.44,53.02,8.86,windy
3018,2023-05-06,17:00:00,Spring,5,Saturday,20.48,1024.86,65.57,16.86, Foggy
1390,2023-02-27,21:00:00,Winter,2,Monday,8.38,1021.39,54.56,16.65,cloudy
1747,2023-03-14,18:00:00,Spring,3,Tuesday,11.73,1008.56,33.96,24.55,Windy
1169,2023-02-18,16:00:00,Winter,2,Saturday,10.4,1004.56,67.34,6.22,STORMY
1677,2023-03-11,20:00:00,Spring,3,Saturday,16.75,1003.7,48.8,12.19,Cloudy
2221,2023-04-03,12:00:00,Spring,4,Monday,7.22,1010.03,69.72,9.68,foggy
2363,2023-04-09,10:00:00,Spring,4,Sunday,16.09,1018.92,52.4,14.49,Cludy
1034,2023-02-13,01:00:00,Winter,2,Monday,13.35,1023.18,53.34,9.67,cloudy
725,2023-01-31,04:00:00,Winter,1,tuesday,-2.42,1026.8,50.69,13.72,SUNNY
2644,2023-04-21,03:00:00,Spring,4,Fri,11.96,1016.3,38.3,14.6,foggy
1793,2023-03-16,16:00:00,Spring,3,Thursday,23.43,1013.31,47.75,10.52,Windy
580,2023-01-25,03:00:00,Winter,1,Wednesday,12.19,1008.06,46.63,5.4,  SUNNY  
2366,2023-04-09,13:00:00,Spring,4,Sunday,19.91,1012.68,53.56,-13.55,SUNNY
513,2023-01-22,08:00:00,Winter,1,Sunday,6.36,1014.24,67.38,6.8,SUNNY
382,2023-01-16,21:00:00,Winter,1,Monday,6.14,1021.71,83.27,21.26,Rainy 
959,2023-02-09,22:00:00,Winter,2,thursday,13.18,1001.62,40.45,9.61,foggy
181,2023-01-08,12:00:00,Winter,1,Sunday,,999.32,34.78,16.46,Sunny 
427,01-18-2023,18:00:00,Winter,1,Wednesday,10.05,1011.07,65.09,23.4,Stromy
1937,2023-03-22,16:00:00,Spring,3,Wednesday,19.93,1006.52,76.29,13.76,CLOUDY
729,2023-01-31,08:00:00,Winter,1,Tuesday,4.35,1019.06,65.28,23.09,Cludy
2001,2023-03-25,08:00:00,Spring,3,Saturday,17.83,1008.97,52.41,16.29,RAINY
342,2023-01-15,05:00:00,Winter,1,Sunday,13.98,1011.73,54.59,6.4,SUNNY
1693,2023-03-12,12:00 PM,Spring,3,Sunday,26.25,1007.97,54.52,,Foggy
876,2023-02-06,11:00:00,Winter,2,Monday,13.9,1007.98,-15.0,12.31,stormy
1616,2023-03-09,07:00:00,Spring,3,Thursday,16.1,1002.84,,15.59,Rainy 
451,2023-01-19,18:00:00,Winter,1,Thursday,17.51,1012.51,44.37,2.92,Cloudy
3272,2023-05-17,07:00:00,Spring,5,Wednesday,,1009.62,73.12,9.15,Cludy
1699,2023-03-12,18:00:00,Spring,3,Sunday,22.45,1008.14,52.0,20.4,windy
2598,2023-04-19,05:00:00,spring,4,Wednesday,27.06,1017.63,17.63,19.3,Stromy
3229,2023-05-15,12:00:00,Spring,5,Monday,26.71,1035.74,,14.12,
713,2023-01-30,16:00:00,Winter,1,Monday,4.96,1008.69,46.78,17.0,RAINY
2467,2023-04-13,18:00:00,Spring,4,Thursday,18.58,1012.76,59.82,,foggy
2308,2023-04-07,03:00:00,Spring,4,Friday,9.16,1013.16,,15.92,sunny
1041,2023-02-13,08:00:00,winter,2,Monday,8.06,1016.84,50.97,0.98,Sunny 
242,2023-01-11,01:00:00,Winter,1,Wednesday,7.55,1024.52,44.85,22.81,WINDY
1545,2023-03-06,08:00:00,Spring,3,Monday,17.21,1003.32,78.87,17.26,STORMY
2064,2023-03-27,23:00:00,Spring,3,Monday,8.6,1004.8,56.72,20.56,Windy
2446,2023-04-12,21:00:00,Spring,4,Wednesday,15.71,1021.57,38.35,13.94,WINDY
805,,12:00:00,Winter,2,Friday,-0.28,1008.8,43.97,16.33,stormy
662,2023-01-28,13:00:00,Winter,1,Saturday,2.55,1006.72,49.44,3.57,Sunny
476,2023-01-20,19:00:00,Winter,1,Friday,11.48,1010.33,72.6,14.22,sunny
52,2023-01-03,03:00:00,Winter,1,Tuesday,1.11,1005.5,,15.08,CLOUDY
2898,2023-05-01,17:00:00,Spring,5,Monday,16.46,1005.26,63.47,5.03,stormy
1271,2023-02-22,22:00:00,Winter,2,Wednesday,3.03,1014.09,56.27,5.58,cloudy
970,2023-02-10,09:00:00,Winter,2,Friday,12.75,1014.94,32.01,10.82,Foggy
1686,2023-03-12,05:00:00,Spring,3,Sunday,9.45,1009.86,31.48,3.05,Cludy
2948,2023-05-03,19:00:00,Spring,5,Wednesday,26.02,1018.44,31.73,21.03,  cloudy  
3024,2023-05-06,23:00:00,Spring,5,Saturday,17.96,1010.51,64.93,13.37,sunny
2654,2023-04-21,13:00:00,Spring,4,Friday,24.92,1007.56,57.73,13.77,FOGGY
3318,2023-05-19,05:00:00,Spring,5,FRIDAY,17.03,,47.9,,WINDY
745,2023-02-01,00:00:00,Winter,2,Wednesday,14.32,1006.23,63.15,13.2,Rainy 
1891,2023-03-20,18:00:00,Spring,3,Monday,10.34,1003.97,69.59,17.24,Sunny 
788,2023-02-02,19:00:00,Winter,2,thursday,7.45,1005.83,67.63,,Rainy 
2217,2023-04-03,08:00:00,Spring,4,Monday,,1023.18,59.17,6.92,stormy
2034,2023-03-26,05:00 PM,Spring,3,Sunday,19.41,1027.66,32.05,11.27,RAINY
2909,2023-05-02,04:00:00,Spring,5,Tuesday,30.13,1015.95,69.66,13.08,FOGGY
3185,2023-05-13,16:00:00,spring,5,Saturday,14.15,1007.96,null,17.64,STORMY
3103,10-May-2023,06:00:00,Spring,5,Wednesday,13.82,998.07,78.85,7.68,STORMY
2579,2023-04-18,10:00:00,Spring,4,Tuesday,15.17,1019.49,45.19,17.49,cloudy
882,2023-02-06,17:00:00,Winter,2,Monday,5.09,1003.61,52.03,24.41,Sunny
2073,2023-03-28,08:00:00,Spring,3,TUESDAY,14.83,997.75,53.67,25.26,RAINY
1396,2023-02-28,03:00:00,Winter,2,Tuesday,,1021.18,79.65,14.35,Rainy 
3276,2023-05-17,11:00:00,Spring,5,Wed,19.32,1001.36,56.66,3.44,windy
2094,2023-03-29,05:00:00,Spring,3,Wednesday,19.25,993.47,52.24,10.76,foggy
1262,2023-02-22,13:00:00,Winter,2,Wednesday,12.14,1021.57,23.88,11.87,Foggy
1546,2023-03-06,09:00:00,spring,3,Monday,22.82,1010.56,29.06,23.72,RAINY
4,2023-01-01,03:00:00,winter,1,Sunday,9.21,997.69,29.13,8.63,Cloudy
2652,2023-04-21,11:00:00,Spring,4,Friday,18.91,,61.93,11.34,WINDY
1141,2023-02-17,12:00:00,Winter,2,Friday,2.65,,41.56,13.32,RAINY
975,2023-02-10,14:00:00,Winter,2,Friday,14.97,1018.68,61.44,14.28,
505,2023-01-22,00:00:00,Winter,1,Sunday,,996.97,64.53,4.56,windy
294,2023-01-13,05:00:00,Winter,1,Friday,8.52,,43.69,10.32,Cludy
2899,2023-05-01,18:00:00,Spring,5,Monday,29.67,1023.37,55.19,17.2,Cludy
1868,19/03/2023,19:00:00,Spring,3,Sunday,15.89,1017.97,null,,Rainy 
1095,2023-02-15,14:00:00,Winter,2,Wednesday,-3.86,1029.34,,7.34,windy
2517,2023-04-15,08:00 PM,Spring,4,Saturday,11.18,1012.58,50.85,14.6,Stormy
2562,2023-04-17,17:00:00,Spring,4,Monday,26.11,1008.84,35.01,15.79,Rainy
616,2023-01-26,15:00:00,Winter,1,Thursday,,1018.94,62.23,4.57,WINDY
1557,2023-03-06,20:00:00,Spring,3,Monday,20.6,1010.38,33.61,14.36,Rainy 
134,2023-01-06,13:00:00,Winter,1,Friday,7.67,1003.31,45.22,12.28,
1786,2023-03-16,09:00:00,Spring,3,Thursday,1.89,1016.16,55.51,1.91,RAINY
2786,2023-04-27,01:00:00,Spring,4,Thursday,12.17,1024.77,35.12,20.08,RAINY
1629,2023-03-09,20:00:00,Spring,3,Thursday,14.19,1010.55,57.18,7.78,Stormy
557,2023-01-24,04:00:00,Winter,1,tuesday,4.75,,,8.4,RAINY
2679,2023-04-22,14:00:00,Spring,4,Sat,10.84,997.61,51.32,2.89,cloudy
852,2023-02-05,11:00:00,Winter,2,Sunday,10.18,992.74,65.23,12.76,Rainy
830,2023-02-04,13:00:00,Winter,2,saturday,,1005.14,71.83,25.92,Stromy
1773,2023-03-15,20:00:00,Spring,3,Wednesday,18.27,1019.92,47.85,22.06,RAINY
3027,2023-05-07,02:00:00,Spring,5,Sunday,20.32,1003.66,52.9,24.11,Rainy 
70,2023-01-03,21:00:00,Winter,1,Tuesday,9.0,1008.2,56.05,9.69,STORMY
2566,2023-04-17,21:00:00,Spring,4,Monday,18.2,1020.16,63.87,11.06,Rainy
223,2023-01-10,06:00:00,Winter,1,Tuesday,10.95,1021.87,67.31,15.04,
3088,2023-05-09,15:00:00,Spring,5,Tuesday,14.72,1002.16,45.29,10.02,Cloudy
1205,2023-02-20,04:00:00,Winter,2,Monday,14.6,,64.41,10.32,Rainy 
200,2023-01-09,07:00:00,Winter,1,Monday,7.8,1018.45,55.42,12.18,cloudy
1664,2023-03-11,07:00:00,Spring,3,Saturday,14.25,1015.7,46.82,22.9,Stormy
3411,2023-05-23,02:00:00,Spring,5,Tuesday,16.53,1009.8,32.3,4.17,Foggy
631,2023-01-27,06:00:00,Winter,1,Friday,8.88,1036.88,60.51,,stormy
3164,2023-05-12,19:00:00,Spring,5,Friday,25.55,1016.06,57.41,21.69,Stormy
1964,2023-03-23,19:00:00,Spring,3,Thursday,19.8,1017.33,39.99,6.87,Cloudy
1782,2023-03-16,05:00:00,Spring,3,Thursday,24.71,997.53,55.35,15.75,cloudy
1787,2023-03-16,10:00:00,Spring,3,Thursday,19.55,1016.81,63.84,3.91,FOGGY
1805,2023-03-17,04:00:00,Spring,3,FRIDAY,15.04,1025.44,38.28,1.56,cloudy
2226,2023-04-03,17:00:00,Spring,4,Monday,17.42,1014.71,40.35,12.96,WINDY
677,2023-01-29,04:00:00,Winter,1,Sunday,9.25,1021.36,57.17,12.14,rainy
1167,2023-02-18,14:00:00,Winter,2,Saturday,11.59,1011.74,45.37,21.99,STORMY
1890,2023-03-20,17:00:00,Spring,3,Monday,24.57,1012.88,41.98,10.72,
1286,2023-02-23,13:00:00,Winter,2,Thursday,5.13,1017.29,70.51,9.56,WINDY
640,2023-01-27,15:00:00,Winter,1,Friday,-5.18,1013.03,59.92,17.55,rainy
425,2023-01-18,16:00:00,Winter,1,Wednesday,3.0,1007.58,62.71,13.08,Cloudy
692,2023-01-29,07:00 PM,Winter,1,Sunday,9.27,1019.56,54.5,14.73,WINDY
207,2023-01-09,14:00:00,Winter,1,Monday,5.77,1024.63,78.69,8.86,Foggy
1688,2023-03-12,07:00:00,Spring,3,SUNDAY,15.47,1011.56,68.41,7.4,Rainy
2810,2023-04-28,01:00:00,SPRING,4,Friday,,1013.32,57.45,12.77,SUNNY
594,2023-01-25,17:00:00,Winter,1,Wednesday,8.8,,71.76,20.69,Sunny 
1086,2023-02-15,05:00:00,Winter,2,Wednesday,12.71,1014.54,84.23,18.15, Foggy
2695,2023-04-23,06:00:00,Spring,4,Sunday,10.14,1010.54,60.85,12.45,FOGGY
1226,2023-02-21,01:00:00,Winter,2,Tuesday,6.04,1004.86,39.59,9.76,Windy
127,2023-01-06,06:00:00,winter,1,Friday,4.75,1009.1,46.11,6.82,Sunny
1316,2023-02-24,19:00:00,Winter,2,Friday,,1006.77,59.09,-14.5,Sunny 
1934,2023-03-22,13:00:00,Spring,3,Wednesday,15.98,1013.01,56.77,1.97, Foggy
2908,2023-05-02,03:00:00,Spring,5,TUESDAY,30.54,1027.45,77.41,10.02,Sunny 
2551,2023-04-17,06:00:00,Spring,4,Monday,19.46,1014.71,62.34,12.33,Windy
415,2023-01-18,06:00:00,Winter,1,Wednesday,8.84,1023.54,39.9,18.84,windy
2292,2023-04-06,11:00:00,Spring,4,Thursday,22.69,1012.49,36.19,6.01,WINDY
2326,2023-04-07,09:00 PM,Spring,4,Friday,20.11,1019.77,63.02,1.39, Foggy
1643,2023-03-10,10:00 AM,SPRING,3,Friday,19.09,200.0,53.0,4.07,sunny
2466,2023-04-13,17:00:00,Spring,4,Thursday,21.03,1016.78,62.96,5.56,Cludy
1062,2023-02-14,05:00:00,Winter,2,Tuesday,8.13,1000.66,57.46,25.18,cloudy
2739,2023-04-25,02:00:00,Spring,4,Tuesday,22.22,1015.53,,11.09,Cludy
2713,2023-04-24,00:00:00,Spring,4,Monday,16.59,1007.95,42.03,16.16,windy
1717,2023-03-13,12:00:00,SPRING,3,Monday,17.94,1021.25,71.42,7.16,Cludy
469,2023-01-20,12:00:00,Winter,1,Fri,,1019.24,74.65,20.37,Rainy
572,2023-01-24,19:00:00,Winter,1,Tue,5.68,1016.7,66.75,N/A,FOGGY
2209,2023-04-03,00:00:00,Spring,4,Monday,15.57,1020.55,65.6,11.89, Foggy
1294,2023-02-23,21:00:00,Winter,2,Thursday,5.93,1005.04,,22.81,Stromy
953,2023-02-09,16:00:00,Winter,2,Thursday,,1019.49,,14.52,RAINY
582,2023-01-25,05:00:00,Winter,1,Wednesday,7.97,1018.35,38.62,9.68,SUNNY
1222,2023-02-20,21:00:00,Winter,2,Monday,11.16,,43.42,21.66,Sunny 
1425,2023-03-01,08:00:00,Spring,3,Wednesday,16.0,1007.04,53.43,15.68,Stormy
1258,2023-02-22,09:00:00,Winter,2,Wednesday,14.44,1013.12,36.46,19.53,Rainy
2021,2023-03-26,04:00:00,Spring,3,Sunday,14.51,,47.07,16.67,Stromy
1833,2023-03-18,08:00:00,spring,3,Saturday,11.12,1009.21,99.15,16.35,cloudy
2960,2023-05-04,07:00:00,Spring,5,Thursday,17.89,1015.75,83.13,12.63,Foggy
873,2023-02-06,08:00:00,Winter,2,Monday,3.38,1000.22,50.09,10.72,Sunny
2725,2023-04-24,12:00:00,spring,4,Monday,10.45,1007.5,44.84,9.75,Rainy 
2397,2023-04-10,20:00:00,Spring,4,Monday,23.75,1000.41,,15.49,Cludy
1467,2023-03-03,02:00:00,Spring,3,Friday,15.17,1008.2,45.14,7.81,stormy
1186,2023-02-19,09:00:00,Winter,2,Sunday,10.59,1016.97,55.02,14.49,sunny
2197,2023-04-02,12:00:00,Spring,4,Sunday,11.98,1014.8,64.44,300.0,Rainy
489,21/01/2023,08:00:00,Winter,1,saturday,3.47,1007.77,46.07,20.25,WINDY
728,2023-01-31,07:00:00,Winter,1,Tuesday,5.75,1023.06,46.97,14.15,Rainy
1854,2023-03-19,05:00:00,Spring,3,Sunday,16.87,,89.33,1.42, Foggy
1331,2023-02-25,10:00:00,winter,2,Saturday,9.12,,71.26,13.26,windy
2968,2023-05-04,15:00:00,Spring,5,Thursday,19.68,1016.62,80.13,10.84,stormy
171,01-08-2023,02:00:00,Winter,1,Sunday,11.61,1003.97,47.13,14.94,Stormy
639,2023-01-27,14:00:00,Winter,1,Friday,17.35,1016.12,41.98,15.21,Cloudy
1612,2023-03-09,03:00:00,Spring,3,Thursday,21.92,1005.82,,9.23, Foggy
2622,2023-04-20,05:00:00,Spring,4,Thursday,20.85,1013.57,51.36,-17.77,foggy
2935,2023-05-03,06:00:00,Spring,5,Wednesday,16.3,1028.62,,12.81,SUNNY
3269,2023-05-17,04:00:00,Spring,5,Wednesday,21.49,1016.68,55.1,8.18,Cludy
1393,2023-02-28,12:00 AM,Winter,2,Tuesday,9.37,1005.01,54.96,8.8,  Cloudy  
2846,2023-04-29,13:00:00,Spring,4,Saturday,20.39,1012.78,33.55,3.47,Cludy
2153,2023-03-31,16:00:00,SPRING,3,Friday,5.46,1006.85,48.11,,sunny
918,2023-02-08,05:00:00,Winter,2,Wednesday,7.29,1015.71,,17.23,Sunny 
2564,2023-04-17,19:00:00,Spring,4,Monday,20.64,1006.85,55.74,3.89,stormy
3386,2023-05-22,01:00:00,Spring,5,monday,2.59,1016.21,45.34,18.67,
2524,2023-04-16,03:00:00,Spring,4,Sunday,5.71,1005.15,53.3,21.59,Stromy
389,2023-01-17,04:00:00,Winter,1,Tuesday,3.61,1006.38,51.6,14.2,Stromy
2559,2023-04-17,14:00:00,SPRING,4,Monday,13.53,1004.17,32.65,12.88, Foggy
718,2023-01-30,21:00:00,Winter,1,Monday,10.67,1022.83,45.44,14.75,Stormy
140,2023-01-06,19:00:00,Winter,1,Friday,5.56,1009.54,60.92,9.47,STORMY
1841,2023-03-18,16:00:00,Spring,3,Saturday,14.2,1018.31,70.89,8.67,Rainy
518,2023-01-22,13:00:00,Winter,1,Sunday,999.0,1020.41,69.48,19.42,CLOUDY
2093,2023-03-29,04:00:00,Spring,3,Wednesday,26.13,1014.89,49.21,6.51,windy
2703,2023/04/23,14:00:00,Spring,4,Sunday,14.8,1017.06,44.3,13.36,foggy
1682,12/03/2023,01:00:00,Spring,3,Sunday,15.5,1022.58,42.89,10.66,Cloudy
1857,2023-03-19,08:00:00,Spring,3,Sunday,9.03,1017.32,,4.97,WINDY
1300,2023-02-24,03:00:00,Winter,2,Friday,13.15,1010.3,42.3,17.55,Windy
2796,2023-04-27,11:00:00,Spring,4,Thursday,1.12,1009.4,66.46,,windy
326,2023-01-14,13:00:00,Winter,1,Saturday,4.66,1020.94,52.38,7.47,Stormy
3307,2023-05-18,18:00:00,Spring,5,Thu,23.22,,56.73,4.13,Windy
3319,2023-05-19,06:00:00,Spring,5,Friday,24.71,1013.74,57.03,3.32,Cludy
2536,2023-04-16,15:00:00,Spring,4,Sunday,17.11,1019.02,45.78,7.05,Stormy
120,2023-01-05,11:00 PM,Winter,1,Thursday,10.88,1015.49,101.18,18.72,cloudy
164,2023-01-07,19:00:00,Winter,1,Saturday,6.66,1004.15,93.6,12.36,CLOUDY
322,2023-01-14,09:00 AM,Winter,1,Saturday,4.07,1002.35,27.46,300.0,Foggy
2834,2023-04-29,01:00:00,Spring,4,Saturday,20.54,1021.8,33.63,,sunny
1985,2023-03-24,16:00:00,Spring,3,Friday,6.91,1032.35,77.43,10.29,Stormy
93,2023-01-04,20:00:00,Winter,1,Wednesday,8.49,1006.82,55.37,-,STORMY
831,2023-02-04,14:00:00,Winter,2,Saturday,8.98,1005.77,31.77,13.55,Sunny 
3063,2023-05-08,14:00:00,spring,5,Monday,20.26,1010.87,68.89,4.22,WINDY
2917,2023-05-02,12:00:00,Spring,5,Tuesday,18.51,1006.97,,8.77,Foggy
2002,2023-03-25,09:00:00,Spring,3,Saturday,24.39,1017.56,56.53,20.99,Stormy
721,2023-01-31,00:00:00,Winter,1,Tuesday,-3.19,996.03,,14.75,   Foggy  
3262,2023-05-16,21:00:00,Spring,5,Tuesday,11.29,,72.95,14.59,foggy
2138,2023-03-31,01:00:00,Spring,3,Friday,15.82,1010.51,35.06,7.55,foggy
1446,2023-03-02,05:00:00,Spring,3,THURSDAY,11.84,1007.52,61.86,24.59,cloudy
1352,2023-02-26,07:00:00,Winter,2,Sunday,3.74,1013.05,32.03,18.9,foggy
1430,2023-03-01,13:00:00,Spring,3,Wednesday,20.25,1010.91,63.34,0.57,Stromy
886,2023-02-06,21:00:00,Winter,2,Monday,9.65,1024.61,68.19,5.54,Stormy
5,2023-01-01,04:00:00,Winter,1,Sunday,2.94,1015.51,41.38,3.53,Stormy
1274,2023-02-23,01:00:00,Winter,2,Thursday,1.04,1026.63,53.27,9.92,Rainy 
1208,2023-02-20,07:00:00,Winter,2,Monday,12.62,1004.6,68.03,,stormy
6,2023-01-01,05:00:00,Winter,1,Sunday,15.33,1011.19,56.01,3.45,windy
2386,2023-04-10,09:00:00,Spring,4,Monday,,1008.41,66.75,8.59,  Windy  
801,,08:00:00,Winter,2,Friday,8.93,1016.4,58.33,19.67,STORMY
383,2023-01-16,22:00:00,Winter,1,Monday,5.56,1004.04,57.11,1.39,RAINY
2669,2023-04-22,04:00:00,Spring,4,Saturday,13.64,1005.64,32.84,8.94,Sunny 
956,2023-02-09,19:00:00,Winter,2,thursday,6.0,1015.15,54.33,13.1,Stromy
2165,2023-04-01,04:00:00,Spring,4,Saturday,16.22,1026.18,56.02,12.76,rainy
2648,2023-04-21,07:00:00,Spring,4,Friday,19.99,1010.04,50.81,9.77,CLOUDY
1828,2023-03-18,03:00:00,Spring,3,Saturday,12.75,1005.22,150.0,7.46,STORMY
2656,2023-04-21,15:00:00,Spring,4,Friday,15.89,1016.58,61.86,20.12,foggy
634,2023-01-27,09:00:00,Winter,1,Friday,10.78,1005.65,48.74,10.23,cloudy
104,2023-01-05,07:00:00,Winter,1,THURSDAY,0.33,1023.22,59.98,7.51,SUNNY
2404,2023-04-11,03:00:00,spring,4,Tuesday,15.5,998.01,48.24,14.44,foggy
3200,2023-05-14,07:00:00,Spring,5,Sunday,13.19,1007.93,21.15,21.64,foggy
567,2023-01-24,14:00:00,Winter,1,Tuesday,,1022.54,28.32,13.92,Sunny 
18,2023-01-01,17:00:00,Winter,1,Sunday,9.81,1007.84,60.42,21.23,Rainy
2355,2023-04-09,,Spring,4,Sunday,26.67,1016.07,56.62,10.5,cloudy
3299,2023-05-18,10:00:00,Spring,5,Thursday,?,998.71,39.95,3.11,WINDY
884,2023-02-06,19:00:00,Winter,2,Monday,7.48,1003.09,,21.57,Sunny 
1525,2023-03-05,12:00:00,Spring,3,Sunday,12.28,1013.7,58.5,7.69,Windy
298,2023-01-13,09:00:00,winter,1,Friday,,1005.25,,4.0,RAINY
911,2023/02/07,22:00:00,Winter,2,Tuesday,5.52,1011.54,40.15,11.79,Rainy 
620,2023-01-26,19:00:00,Winter,1,Thursday,6.85,1024.63,34.92,16.16,Rainy
2097,2023-03-29,08:00:00,spring,3,Wednesday,18.62,1001.33,79.45,14.22,  Stormy  
1994,2023-03-25,01:00:00,Spring,3,Saturday,,1008.92,56.2,13.93,rainy
2529,2023-04-16,08:00:00,Spring,4,Sunday,14.64,1013.71,50.78,12.74,CLOUDY
2407,2023-04-11,06:00:00,Spring,4,Tuesday,11.86,1007.56,57.77,26.41,Rainy
521,2023-01-22,16:00:00,Winter,1,Sunday,8.0,1017.81,33.34,1.78,sunny
542,2023-01-23,13:00:00,winter,1,Monday,15.9,,42.84,4.45,windy
1951,2023-03-23,06:00:00,Spring,3,Thursday,13.83,1007.56,43.06,13.15,RAINY
2597,2023-04-19,04:00:00,Spring,4,Wednesday,16.32,1011.92,36.56,9.53,Foggy
1015,2023-02-12,06:00:00,Winter,2,Sunday,15.31,1016.59,69.43,10.58,RAINY
2081,2023-03-28,16:00:00,Spring,3,Tuesday,7.95,1002.41,82.11,21.85,Cloudy
2600,2023-04-19,07:00:00,Spring,4,Wednesday,15.65,1024.99,50.92,0.78,sunny
2945,2023-05-03,16:00:00,Spring,5,Wednesday,10.84,1012.44,49.79,6.95,WINDY
3071,2023-05-08,22:00:00,Spring,5,Monday,28.28,1009.23,64.84,16.62,Cloudy
2577,2023-04-18,08:00:00,Spring,4,Tuesday,19.19,1002.81,55.22,,cloudy
2610,2023-04-19,17:00:00,Spring,4,Wednesday,10.42,,79.25,8.04,STORMY
133,2023-01-06,12:00:00,Winter,1,Friday,9.3,1005.77,64.58,2.03,Foggy
289,2023-01-13,12:00 AM,Winter,1,Friday,4.81,1002.42,79.63,18.06,stormy
2662,2023-04-21,21:00:00,Spring,4,Friday,14.06,1014.81,84.45,14.01,Foggy
1459,2023-03-02,18:00:00,Spring,3,Thursday,12.48,1019.56,57.76,9.48,Sunny 
250,2023-01-11,09:00:00,Winter,1,Wednesday,16.99,1018.13,46.43,15.44,foggy
2508,2023-04-15,11:00:00,Spring,4,Saturday,9.48,1012.33,67.35,17.67,Stromy
3025,2023-05-07,00:00:00,Spring,5,Sunday,24.73,1008.18,65.64,12.97,Rainy 
2659,2023-04-21,18:00:00,Spring,4,Friday,16.34,1000.77,59.66,5.31,STORMY
2193,2023-04-02,08:00:00,Spring,4,Sunday,18.26,1019.24,49.37,,stormy
408,2023-01-17,23:00:00,Winter,1,Tuesday,8.34,1019.82,62.27,6.92,Sunny
1038,2023-02-13,05:00:00,Winter,2,Monday,5.43,1014.95,54.09,18.77,WINDY
2765,2023-04-26,04:00:00,Spring,4,Wednesday,13.8,1007.59,46.42,,SUNNY
3012,2023-05-06,11:00:00,Spring,5,Saturday,26.36,1015.01,64.83,13.97,foggy
1770,2023-03-15,17:00:00,Spring,3,Wednesday,22.0,1029.48,63.38,11.06, Foggy
2433,2023-04-12,08:00:00,Spring,4,Wednesday,15.69,1016.1,35.84,300.0,rainy
2582,2023-04-18,13:00:00,Spring,4,Tuesday,18.91,1002.49,57.08,14.99,Sunny
3419,2023-05-23,10:00:00,Spring,5,Tuesday,-,1012.75,51.78,17.2,SUNNY
2956,2023-05-04,03:00:00,Spring,5,Thursday,15.27,1001.68,65.84,19.43,STORMY
3281,2023-05-17,16:00:00,Spring,5,Wednesday,19.57,1004.59,41.17,11.85,stormy
869,2023-02-06,04:00 AM,Winter,2,Monday,8.26,1004.52,44.24,4.29,CLOUDY
2157,2023-03-31,20:00:00,Spring,3,Friday,23.11,1014.69,49.91,17.77,foggy
2049,2023-03-27,08:00:00,Spring,3,monday,17.65,1013.73,56.62,17.99,Sunny 
2307,2023-04-07,02:00:00,Spring,4,Friday,10.53,1014.45,47.63,8.24,Rainy
1731,2023-03-14,02:00:00,Spring,3,Tuesday,19.29,1007.95,61.49,7.7,Cloudy
755,2023-02-01,10:00:00,Winter,2,Wednesday,0.4,,48.23,NA, Foggy
522,2023-01-22,17:00:00,Winter,1,sunday,5.25,1003.23,47.38,11.11,foggy
715,2023-01-30,18:00:00,Winter,1,Monday,,,72.7,13.16,Sunny
474,20-Jan-2023,17:00:00,Winter,1,Fri,5.82,1012.12,53.67,9.78,windy
1343,2023-02-25,22:00:00,Winter,2,Saturday,5.56,1025.71,36.37,5.25,Stormy
2642,2023-04-21,01:00:00,Spring,4,Friday,29.5,1001.47,,15.94,Sunny 
1975,2023-03-24,06:00:00,Spring,3,Friday,24.65,1012.04,34.9,9.09,RAINY
1825,2023-03-18,00:00:00,Spring,3,Saturday,-80.0,1004.53,44.27,18.73,rainy
1926,2023-03-22,05:00:00,Spring,3,WEDNESDAY,22.46,1004.09,45.14,17.97,
1906,2023-03-21,09:00:00,Spring,3,Tuesday,13.99,1008.96,42.95,7.61,foggy
471,2023-01-20,14:00:00,Winter,1,Friday,12.82,1025.92,36.48,8.45,Stromy
2380,2023-04-10,03:00:00,Spring,4,Monday,,1022.52,51.99,9.57, Foggy
1360,2023-02-26,15:00:00,Winter,2,Sunday,7.71,1022.47,,11.64,STORMY
3001,2023-05-06,00:00:00,Spring,5,Saturday,23.87,997.97,50.08,11.75, Foggy
1040,2023-02-13,07:00:00,Winter,2,Monday,10.63,1009.18,45.25,12.51,Rainy
1644,2023-03-10,11:00:00,Spring,3,Friday,28.72,1009.24,57.38,18.94,  Rainy  
3312,2023-05-18,23:00:00,Spring,5,THURSDAY,17.99,1006.62,94.38,10.99,Windy
2413,2023-04-11,12:00:00,Spring,4,Tuesday,19.57,1014.72,71.85,16.06,windy
2800,2023-04-27,15:00:00,Spring,4,Thursday,8.44,1027.22,62.26,11.75,WINDY
1243,2023-02-21,06:00 PM,Winter,2,Tuesday,6.53,1024.62,77.93,11.51,windy
3308,2023-05-18,19:00:00,Spring,5,Thursday,15.07,,30.93,13.02,STORMY
2810,2023-04-28,01:00:00,SPRING,4,Friday,,1013.32,57.45,12.77,SUNNY
2055,2023-03-27,14:00:00,Spring,3,Monday,25.43,996.62,51.69,4.0,Foggy
850,2023-02-05,09:00:00,Winter,2,Sunday,10.53,1024.91,89.07,9.57,Foggy
3013,2023-05-06,12:00:00,Spring,5,Saturday,23.09,1009.3,71.13,, Foggy
1576,2023-03-07,15:00:00,Spring,3,Tuesday,16.89,1001.47,69.38,18.77,Stromy
592,2023-01-25,15:00:00,Winter,1,Wednesday,4.85,1025.27,46.96,1.76,Cludy
1794,2023-03-16,17:00:00,Spring,3,Thursday,17.16,1017.83,75.62,14.16,Cloudy
3205,2023-05-14,12:00:00,Spring,5,Sunday,18.48,1017.38,38.07,19.58,cloudy
1240,2023-02-21,15:00:00,Winter,2,Tuesday,7.02,1021.48,54.23,15.02,WINDY
1646,2023-03-10,13:00:00,Spring,3,Friday,16.56,1014.96,50.95,2.74,Windy
1107,2023-02-16,02:00:00,Winter,2,thursday,3.5,1003.94,,,windy
1256,2023-02-22,07:00:00,Winter,2,Wednesday,7.71,1007.12,52.21,2.4,foggy
2210,2023-04-03,01:00:00,Spring,4,Monday,15.27,1002.2,150.0,15.55,stormy
827,2023-02-04,10:00:00,Winter,2,Saturday,13.5,1021.49,,14.17,windy
2047,27/03/2023,06:00:00,Spring,3,Monday,18.27,1002.39,63.36,15.79,CLOUDY
1221,2023-02-20,20:00:00,Winter,2,Monday,12.97,1023.99,42.21,14.85,Cloudy
951,2023-02-09,14:00:00,Winter,2,Thursday,1.06,1000.2,36.74,12.96, Foggy
1432,2023-03-01,15:00:00,Spring,3,Wednesday,15.76,1003.28,21.88,10.62,   Foggy  
1865,2023-03-19,16:00:00,Spring,3,sunday,13.45,,,3.91,foggy
2985,2023-05-05,08:00:00,Spring,5,Friday,21.96,1008.42,45.38,21.95,Cloudy
1676,2023-03-11,07:00 PM,Spring,3,Saturday,23.96,1011.83,21.7,3.6,Stormy
3226,2023-05-15,09:00:00,Spring,5,Mon,14.74,1012.2,,15.05,FOGGY
1938,2023-03-22,17:00:00,Spring,3,Wednesday,21.65,1024.14,55.33,13.9,foggy
33,2023-01-02,08:00:00,Winter,1,Monday,8.5,1008.97,31.74,12.41,FOGGY
479,2023-01-20,22:00:00,Winter,1,Friday,11.19,1017.01,27.98,8.74,
1399,2023-02-28,06:00:00,WINTER,2,Tuesday,,1016.06,71.87,1.54,Stromy
1357,2023-02-26,,Winter,2,Sunday,7.11,1018.25,,,Cloudy
1043,2023-02-13,10:00:00,Winter,2,Monday,12.93,1007.3,31.86,11.04,STORMY
2460,2023-04-13,11:00:00,Spring,4,Thursday,23.12,1022.35,40.02,4.67,
2270,2023-04-05,13:00:00,Spring,4,Wednesday,16.32,1003.76,39.01,1.9,Stormy
397,2023-01-17,12:00:00,Winter,1,Tuesday,10.14,1018.54,57.65,9.8,SUNNY
2871,2023-04-30,14:00:00,Spring,4,Sunday,18.08,1015.69,,,STORMY
2823,2023-04-28,14:00:00,Spring,4,Friday,14.07,1028.59,66.03,17.56,sunny
2155,2023-03-31,18:00:00,Spring,3,Friday,10.51,1018.81,65.41,21.51,WINDY
1412,2023-02-28,19:00:00,Winter,2,Tuesday,11.8,999.06,45.89,21.41,rainy
1128,2023-02-16,,Winter,2,Thursday,11.29,1012.44,37.2,18.35, Foggy
2238,2023-04-04,05:00:00,Spring,4,Tuesday,19.66,1017.48,58.56,,Rainy 
1711,2023-03-13,06:00 AM,Spring,3,Monday,14.82,1008.48,83.07,6.89,sunny
2967,2023-05-04,14:00:00,Spring,5,Thursday,17.14,1003.97,54.0,1.35,WINDY
2723,2023-04-24,10:00:00,Spring,4,Monday,24.58,1018.17,56.24,14.84,Cloudy
1724,2023-03-13,19:00:00,Spring,3,Monday,11.78,,44.39,8.77,foggy
3374,2023/05/21,13:00:00,Spring,5,Sun,16.88,1012.36,59.2,13.59,Foggy
946,2023-02-09,09:00 AM,Winter,2,Thursday,7.25,1010.39,39.36,4.97,windy
173,2023-01-08,04:00:00,Winter,1,Sunday,11.55,1016.55,49.59,18.96,Sunny
2896,2023-05-01,15:00:00,Spring,5,Monday,,1016.69,48.46,14.79,Rainy
60,2023-01-03,11:00:00,Winter,1,Tuesday,-2.13,1014.49,45.07,17.11,sunny
3020,2023-05-06,19:00:00,Spring,5,Saturday,17.95,1016.52,80.15,16.36,WINDY
3223,2023-05-15,06:00:00,Spring,5,Monday,18.6,1007.89,69.73,9.42, Foggy
610,2023-01-26,09:00:00,Winter,1,Thursday,,,48.45,2.36,Sunny
2751,2023-04-25,14:00:00,Spring,4,Tuesday,12.11,1016.46,71.66,16.53,sunny
1814,2023-03-17,13:00:00,Spring,3,Friday,23.28,1020.73,65.79,22.92,CLOUDY
1628,2023-03-09,19:00:00,Spring,3,Thursday,11.88,1024.4,78.27,17.29,Cludy
1750,2023-03-14,21:00:00,Spring,3,Tuesday,21.85,1008.78,54.92,,Sunny 
1836,2023-03-18,11:00:00,Spring,3,Saturday,15.0,1016.3,,6.54,Windy
3055,2023-05-08,06:00:00,Spring,5,Monday,16.15,1012.42,55.78,12.76,sunny
3077,2023-05-09,04:00:00,Spring,5,Tue,13.81,1007.55,65.23,18.25,foggy
1421,2023-03-01,04:00:00,Spring,3,Wednesday,13.24,,39.9,12.29,Cloudy
1635,2023-03-10,02:00:00,Spring,3,friday,13.25,1018.57,47.25,5.86,Foggy
2291,2023-04-06,10:00:00,SPRING,4,Thursday,15.29,1012.18,65.07,18.41,rainy
857,2023-02-05,16:00:00,Winter,2,Sunday,-0.88,1021.51,58.79,20.31,Cloudy
2987,2023-05-05,10:00:00,Spring,5,Friday,28.09,1013.35,63.66,3.29,FOGGY
2655,2023-04-21,14:00:00,SPRING,4,Friday,19.87,,74.22,0.66,Stromy
1961,2023-03-23,16:00:00,Spring,3,Thursday,17.69,1009.42,64.87,9.63,Cloudy
2837,2023-04-29,04:00:00,Spring,4,Saturday,18.56,1009.35,50.9,20.07,
618,2023-01-26,17:00:00,Winter,1,Thursday,11.42,1011.33,71.09,26.18,Foggy
2462,2023-04-13,13:00:00,Spring,4,Thursday,15.85,1011.09,59.03,13.51,WINDY
769,2023-02-02,00:00:00,Winter,2,Thursday,9.01,1026.05,44.0,22.91,Stormy
2745,2023-04-25,08:00:00,Spring,4,Tuesday,21.76,,71.34,14.29,Stormy
1742,2023-03-14,13:00:00,Spring,3,Tuesday,18.98,1017.3,46.32,11.54,Stormy
1835,2023-03-18,10:00:00,Spring,3,Saturday,17.82,999.1,55.27,19.26,Stromy
1329,2023-02-25,08:00:00,WINTER,2,Saturday,3.97,1014.51,45.15,10.44,Sunny 
2482,2023-04-14,09:00:00,Spring,4,Friday,18.23,1008.83,42.48,10.59,FOGGY
2685,2023-04-22,20:00:00,Spring,4,Sat,25.54,1005.0,48.81,3.27,  Windy  
1519,2023-03-05,06:00:00,Spring,3,Sunday,18.92,1016.62,,7.38,CLOUDY
2893,2023-05-01,12:00:00,Spring,5,Monday,20.85,1007.59,,10.48,Rainy
2971,2023-05-04,18:00:00,Spring,5,thursday,18.42,1010.33,50.03,12.48,  FOGGY  
585,2023-01-25,08:00:00,Winter,1,Wednesday,10.5,1013.4,55.11,8.04,CLOUDY
874,2023-02-06,09:00:00,Winter,2,Monday,10.48,1008.72,62.67,23.61,  Foggy  
1247,2023-02-21,22:00:00,Winter,2,Tuesday,10.82,1026.09,51.68,12.42,Stromy
1534,2023-03-05,21:00:00,Spring,3,Sunday,27.34,1013.28,42.97,5.12,
2271,2023-04-05,14:00:00,Spring,4,Wed,17.46,1025.85,52.88,13.81,Foggy
2152,2023-03-31,15:00:00,Spring,3,Friday,21.07,1022.1,33.68,22.51,STORMY
547,2023-01-23,18:00:00,Winter,1,Monday,-3.06,1025.27,33.64,N/A,WINDY
481,2023-01-21,00:00:00,Winter,1,SATURDAY,-1.9,1018.98,38.91,13.44,stormy
2146,2023-03-31,09:00:00,Spring,3,Friday,18.87,1008.05,30.71,15.78,Rainy
2319,2023-04-07,14:00:00,Spring,4,Friday,12.99,1021.27,45.23,0.8,STORMY
905,2023-02-07,16:00:00,Winter,2,Tuesday,3.07,1010.73,72.92,17.37,windy
2544,2023-04-16,23:00:00,Spring,4,Sunday,21.2,1015.85,,,STORMY
43,2023-01-02,18:00:00,Winter,1,Monday,6.77,1006.97,41.66,7.11,  STORMY  
2125,2023-03-30,12:00:00,Spring,3,Thursday,,1022.67,28.3,18.39,STORMY
1507,2023-03-04,18:00:00,SPRING,3,Saturday,16.41,1013.93,71.07,2.96,cloudy
2019,2023-03-26,02:00:00,Spring,3,Sunday,14.91,1006.64,23.91,12.92,Windy
1757,2023-03-15,04:00:00,Spring,3,Wednesday,23.69,1016.2,59.66,5.24,FOGGY
3126,2023-05-11,05:00:00,Spring,5,Thursday,20.55,1004.86,43.62,6.12,stormy
2248,2023-04-04,15:00:00,Spring,4,tuesday,25.62,1009.44,79.02,17.35,CLOUDY
2530,2023-04-16,09:00:00,Spring,4,Sunday,20.22,1016.47,43.7,5.26,Cloudy
2143,2023-03-31,06:00:00,Spring,3,Friday,20.23,999.22,-,14.47,WINDY
1255,2023-02-22,06:00:00,Winter,2,WEDNESDAY,-2.52,1029.34,57.33,14.39,  foggy  
888,2023-02-06,23:00:00,Winter,2,Monday,2.44,1012.71,47.03,2.59,rainy
672,2023-01-28,23:00:00,Winter,1,Saturday,9.68,1015.53,62.04,2.79,Rainy 
3062,2023-05-08,13:00:00,Spring,5,Monday,999.0,1036.56,58.76,8.02,cloudy
581,2023-01-25,04:00:00,Winter,1,Wednesday,10.2,1019.23,61.87,22.05,stormy
3342,2023-05-20,05:00:00,Spring,5,Saturday,18.22,1021.54,49.78,?,STORMY
2328,2023-04-07,23:00:00,Spring,4,Friday,,1021.26,83.85,6.28,FOGGY
2853,2023-04-29,20:00:00,Spring,4,Saturday,16.43,1025.24,45.37,0.16,Windy
1956,2023-03-23,11:00:00,Spring,3,Thursday,20.99,,47.59,13.7, Foggy
1447,2023-03-02,06:00:00,Spring,3,Thursday,17.31,1017.73,53.4,23.65,FOGGY
2734,2023-04-24,21:00:00,Spring,4,Monday,12.17,1013.82,58.72,5.58,Rainy 
1397,28/02/2023,04:00:00,winter,2,Tuesday,13.84,1007.21,45.33,4.43,SUNNY
1962,2023-03-23,,Spring,3,Thursday,,1024.72,,12.42,cloudy
3186,2023-05-13,17:00:00,Spring,5,Saturday,10.25,1025.03,72.9,10.31,Windy
2735,2023-04-24,22:00:00,spring,4,Monday,21.43,1009.81,17.61,15.96,Sunny
870,,05:00:00,Winter,2,Monday,12.89,996.15,72.3,20.32,Sunny
3348,2023-05-20,,Spring,5,Saturday,22.64,1007.96,60.59,13.01,RAINY
3325,2023-05-19,12:00:00,Spring,5,Friday,,1021.55,38.78,2.99,cloudy
1913,2023-03-21,16:00:00,Spring,3,Tuesday,13.01,1004.53,71.56,9.69,Sunny 
1369,2023-02-27,00:00:00,Winter,2,Monday,,,52.45,21.82,
1567,2023-03-07,06:00:00,Spring,3,Tuesday,,1014.12,56.1,17.81,Sunny 
2494,2023-04-14,21:00:00,Spring,4,Friday,22.23,1017.83,77.73,8.75,STORMY
1881,2023-03-20,08:00:00,Spring,3,Monday,22.93,200.0,57.65,14.71,Rainy
1622,2023-03-09,13:00:00,SPRING,3,Thursday,21.52,1032.99,51.58,3.56,STORMY
1149,2023-02-17,20:00:00,Winter,2,Friday,10.73,995.63,,12.95,SUNNY
2463,2023-04-13,14:00:00,Spring,4,Thursday,13.86,1018.49,45.41,11.06,windy
2728,2023-04-24,15:00:00,SPRING,4,Monday,15.28,1007.42,53.88,14.06,Stormy
1690,2023-03-12,09:00:00,Spring,3,Sunday,19.73,1016.94,85.96,12.95,Sunny
3095,2023-05-09,22:00:00,Spring,5,Tue,18.87,998.4,61.83,16.64,FOGGY
1291,2023-02-23,18:00:00,Winter,2,thursday,9.37,,53.62,-,foggy
1650,2023-03-10,17:00:00,Spring,3,Friday,15.48,1008.14,28.52,22.45,stormy
3213,2023-05-14,20:00:00,Spring,5,Sunday,10.13,1004.04,72.84,22.54, Foggy
1273,2023-02-23,00:00:00,Winter,2,THURSDAY,8.42,1007.29,27.69,7.77,windy
111,2023-01-05,14:00:00,Winter,1,Thu,9.92,1012.74,23.99,11.47,Sunny
948,2023-02-09,11:00:00,Winter,2,Thursday,8.91,1023.43,63.79,9.53,STORMY
1101,2023-02-15,20:00:00,Winter,2,Wednesday,10.44,1021.58,41.81,14.09,rainy
3208,2023-05-14,15:00:00,Spring,5,Sunday,20.3,1004.2,69.09,7.97,CLOUDY
1473,2023-03-03,08:00:00,Spring,3,Friday,6.67,1010.19,51.58,16.29,Cludy
624,2023-01-26,23:00:00,WINTER,1,Thursday,5.53,1024.55,36.15,16.88,Rainy
1179,2023-02-19,02:00:00,Winter,2,Sunday,10.05,,56.22,11.77,WINDY
113,2023-01-05,16:00:00,Winter,1,THURSDAY,5.43,1004.53,,17.73,Rainy 
447,2023-01-19,14:00:00,Winter,1,Thursday,8.41,1001.34,50.36,7.49,Windy
1340,2023-02-25,19:00:00,Winter,2,Saturday,-0.16,1005.76,27.89,10.35,Rainy
1272,2023-02-22,23:00:00,Winter,2,Wednesday,12.78,1031.6,54.74,15.03,foggy
2693,2023-04-23,04:00:00,Spring,4,Sunday,21.97,1029.05,73.56,21.47,Foggy
914,2023-02-08,01:00:00,Winter,2,Wednesday,10.22,1006.39,57.24,14.18,Cludy
2434,12-Apr-2023,09:00:00,Spring,4,Wednesday,24.35,1003.04,75.36,11.14,cloudy
1435,2023-03-01,18:00:00,Spring,3,Wednesday,20.9,1024.3,,12.59,Stromy
1520,2023-03-05,07:00:00,Spring,3,Sunday,11.61,,34.95,20.02,SUNNY
31,2023-01-02,06:00:00,Winter,1,Monday,,1005.72,76.04,3.59,Cloudy
2705,2023-04-23,16:00:00,Spring,4,Sunday,18.48,1014.62,54.94,22.23,foggy
986,2023-02-11,01:00:00,Winter,2,Saturday,9.9,1022.84,46.05,2.34,rainy
2772,2023-04-26,11:00:00,Spring,4,Wednesday,24.62,1012.74,58.31,,stormy
2230,2023-04-03,21:00:00,Spring,4,Monday,26.81,1008.94,29.27,16.96,  cloudy  
2441,2023-04-12,16:00:00,SPRING,4,Wednesday,10.9,1006.14,57.97,13.95,foggy
2769,2023-04-26,08:00:00,Spring,4,Wednesday,12.42,,45.17,13.17,CLOUDY
2865,2023-04-30,08:00:00,Spring,4,Sunday,27.59,1019.63,43.87,9.71,Windy
2561,,16:00:00,Spring,4,Monday,26.43,1007.83,47.82,15.09,
3091,2023-05-09,18:00:00,Spring,5,Tuesday,25.7,1020.75,62.81,9.04,Windy
2629,2023-04-20,12:00:00,Spring,4,Thursday,17.52,1001.7,57.48,17.8,Rainy 
2258,2023-04-05,01:00:00,Spring,4,Wednesday,19.48,1007.56,54.82,10.56, Foggy
3373,2023-05-21,12:00:00,Spring,5,Sunday,19.33,1008.22,42.61,16.56,RAINY
1178,2023-02-19,01:00:00,Winter,2,sunday,12.78,1012.69,45.87,15.56,windy
598,2023-01-25,21:00:00,Winter,1,WEDNESDAY,12.45,1021.28,27.31,6.42,STORMY
1527,2023-03-05,14:00:00,Spring,3,Sunday,13.52,1021.5,90.07,6.84,Windy
924,2023-02-08,11:00:00,Winter,2,Wednesday,14.09,1021.46,68.08,10.11,Rainy 
552,2023-01-23,23:00:00,WINTER,1,Monday,,1016.78,77.26,14.13,FOGGY
190,2023-01-08,21:00:00,Winter,1,Sunday,10.47,1014.48,,16.2,Windy
2936,2023-05-03,07:00:00,SPRING,5,Wednesday,17.91,1012.06,53.37,11.3,CLOUDY
2053,2023-03-27,12:00:00,Spring,3,Monday,12.61,1015.75,64.34,15.85,rainy
2025,2023-03-26,08:00:00,spring,3,Sunday,23.77,1022.3,61.53,,Rainy
928,2023-02-08,15:00:00,Winter,2,Wednesday,10.12,1013.32,33.46,4.11,Rainy 
1746,2023-03-14,17:00:00,Spring,3,Tuesday,11.42,1023.48,50.85,7.97,Rainy 
2983,2023-05-05,06:00:00,Spring,5,Friday,14.94,1006.34,47.62,25.06,
2884,2023-05-01,03:00:00,Spring,5,Monday,14.85,1000.44,69.57,20.37,Windy
157,2023-01-07,12:00:00,Winter,1,Saturday,15.97,1008.91,40.16,11.25,foggy
1783,2023-03-16,06:00:00,Spring,3,THURSDAY,18.97,1023.48,53.88,10.89,Stormy
3413,2023-05-23,04:00 AM,Spring,5,Tuesday,11.41,1017.88,60.67,,RAINY
3168,2023-05-12,23:00:00,Spring,5,Friday,20.51,1000.02,53.3,12.79,Sunny
2915,2023-05-02,10:00:00,Spring,5,Tuesday,25.33,1021.74,62.84,9.31,windy
2621,2023-04-20,04:00:00,Spring,4,Thursday,23.53,1011.03,34.93,15.67,
1973,2023-03-24,04:00:00,Spring,3,Friday,20.92,1010.85,57.5,18.36,Cludy
2449,2023-04-13,00:00:00,spring,4,Thursday,18.9,1005.35,46.14,19.47,Windy
150,2023-01-07,05:00:00,Winter,1,Saturday,6.65,1005.17,48.34,14.26,
1214,2023-02-20,13:00:00,Winter,2,Monday,10.66,1014.19,72.72,26.06,Sunny
2666,2023-04-22,01:00:00,Spring,4,Saturday,25.02,1014.96,69.24,1.71,Windy
42,2023-01-02,17:00:00,Winter,1,Monday,12.82,1016.3,67.33,23.38,stormy
574,2023-01-24,21:00:00,Winter,1,Tuesday,,1006.53,250.0,15.14,cloudy
823,2023-02-04,06:00:00,Winter,2,Saturday,4.86,1010.7,76.28,2.93,WINDY
771,2023-02-02,02:00:00,Winter,2,Thursday,14.0,1014.12,25.49,5.3, Foggy
3145,2023-05-12,00:00:00,Spring,5,Friday,25.8,1012.61,36.3,5.15,Windy
579,2023-01-25,02:00:00,Winter,1,Wednesday,9.15,1016.98,64.99,14.53,Rainy 
195,2023-01-09,02:00:00,Winter,1,Monday,,1011.02,53.88,15.72,
1194,19-Feb-2023,17:00:00,Winter,2,Sunday,11.23,1013.16,,16.7,Stormy
637,2023-01-27,12:00:00,Winter,1,Friday,,1016.46,34.34,8.61,Windy
809,2023-02-03,16:00:00,Winter,2,Friday,-80.0,1028.29,35.79,,Rainy 
3082,2023-05-09,09:00:00,Spring,5,Tuesday,,1015.2,37.05,2.58,Sunny
1298,2023-02-24,01:00:00,Winter,2,Friday,3.41,1026.85,45.47,11.75,Stromy
110,2023-01-05,13:00:00,Winter,1,Thursday,16.14,1001.96,29.45,11.67,foggy
875,2023-02-06,10:00:00,WINTER,2,monday,12.08,1012.62,52.25,9.86,stormy
3372,2023-05-21,11:00:00,Spring,5,Sunday,14.69,1019.39,63.49,-,sunny
606,2023-01-26,05:00:00,Winter,1,Thursday,13.24,1022.36,51.56,11.74,Stromy
338,2023-01-15,01:00:00,Winter,1,Sunday,,1011.2,37.45,1.19,Sunny
3122,2023-05-11,01:00:00,Spring,5,Thursday,12.69,1011.91,59.4,20.12,cloudy
3204,2023-05-14,11:00:00,Spring,5,Sunday,18.85,1018.81,63.31,8.31,foggy
2484,2023-04-14,11:00:00,Spring,4,Friday,21.28,1007.22,55.9,12.74,  Stormy  
161,2023-01-07,16:00:00,Winter,1,Saturday,6.32,1026.35,51.11,2.98,Foggy
434,,01:00:00,Winter,1,Thursday,7.9,1010.57,67.0,2.3,Foggy
2609,2023-04-19,16:00:00,Spring,4,Wednesday,19.58,1012.62,58.77,13.08,Cludy
2234,2023-04-04,01:00:00,Spring,4,Tuesday,18.11,1005.11,64.4,11.71,stormy
293,13/01/2023,04:00:00,Winter,1,Friday,10.97,1019.83,66.38,13.69,Foggy
3236,2023-05-15,19:00:00,Spring,5,Monday,18.47,1016.14,42.03,19.65,Stromy
2587,2023-04-18,18:00:00,Spring,4,Tuesday,21.09,1007.61,68.32,20.39,windy
1479,2023-03-03,14:00:00,Spring,3,Friday,24.29,1016.25,51.48,6.64,CLOUDY
2166,2023-04-01,05:00:00,Spring,4,Saturday,29.53,1001.81,66.95,21.98,RAINY
945,2023-02-09,08:00:00,Winter,2,Thursday,-1.16,1003.17,23.87,11.48,Windy
3144,2023-05-11,23:00:00,Spring,5,Thursday,19.59,999.73,66.39,5.33,foggy
2309,2023-04-07,04:00:00,Spring,4,Friday,18.34,1011.94,,4.13,WINDY
1764,2023-03-15,11:00:00,Spring,3,Wednesday,23.25,1015.6,57.14,1.64,Rainy
3211,2023-05-14,18:00:00,Spring,5,Sunday,13.78,1003.66,59.22,10.91,Sunny 
3135,2023-05-11,14:00:00,Spring,5,Thursday,21.52,1015.59,38.2,7.6,WINDY
593,2023-01-25,16:00:00,winter,1,Wednesday,2.42,1022.89,52.66,8.71,windy
566,2023-01-24,13:00:00,Winter,1,Tuesday,10.18,,73.54,5.57,STORMY
890,2023-02-07,01:00:00,Winter,2,Tuesday,11.2,1013.98,53.3,4.2,WINDY
197,2023-01-09,04:00:00,Winter,1,Monday,10.8,,67.51,14.76,Stormy
1673,2023-03-11,16:00:00,SPRING,3,Saturday,9.22,,62.1,7.78,rainy
438,2023-01-19,05:00:00,Winter,1,Thursday,8.95,1021.01,14.45,16.07,Sunny
651,2023-01-28,02:00:00,WINTER,1,Saturday,-1.38,1017.96,45.47,4.86,Stormy
623,2023-01-26,22:00:00,Winter,1,Thu,8.13,997.64,,7.86,foggy
2732,2023-04-24,19:00:00,Spring,4,Monday,18.18,1004.31,43.43,,Sunny 
3128,2023-05-11,07:00:00,Spring,5,Thursday,10.37,1017.42,,12.71,Stromy
3316,2023-05-19,03:00:00,Spring,5,Friday,21.06,1012.34,50.19,13.0,Sunny
1933,2023-03-22,12:00:00,Spring,3,Wednesday,19.86,1014.33,78.14,13.46,FOGGY
301,2023-01-13,12:00:00,Winter,1,Friday,8.63,1009.56,56.83,15.26,stormy
508,2023-01-22,03:00:00,Winter,1,Sunday,9.05,1009.07,67.11,6.16, Foggy
1537,2023-03-06,00:00:00,Spring,3,Monday,20.95,1011.24,55.95,,STORMY
2720,2023-04-24,07:00:00,Spring,4,Monday,21.34,1020.87,,6.69,Cludy
324,2023-01-14,11:00:00,Winter,1,Saturday,7.97,1019.71,56.23,11.41,rainy
2669,2023-04-22,04:00:00,Spring,4,Saturday,13.64,1005.64,32.84,8.94,Sunny 
1439,2023/03/01,10:00 PM,Spring,3,Wednesday,24.95,1002.15,52.06,5.75,STORMY
21,2023-01-01,20:00:00,Winter,1,Sunday,6.9,1015.86,77.17,-20.0,RAINY
3340,2023-05-20,03:00:00,Spring,5,Saturday,15.39,1007.02,32.39,17.95,SUNNY
1776,2023-03-15,23:00:00,Spring,3,Wednesday,16.9,1011.98,56.54,10.21,STORMY
3148,2023-05-12,03:00:00,spring,5,Friday,9.97,1017.04,37.55,20.44,Rainy 
287,2023-01-12,22:00:00,Winter,1,Thursday,7.13,,38.56,3.36,Cludy
2555,2023-04-17,10:00:00,spring,4,Monday,22.48,991.08,72.81,15.13,WINDY
2857,2023-04-30,00:00:00,Spring,4,Sunday,12.23,1010.04,5.18,8.46,SUNNY
229,2023-01-10,12:00:00,Winter,1,Tuesday,9.25,1025.62,53.57,13.67,Rainy 
3218,2023-05-15,01:00:00,Spring,5,Monday,20.47,1003.96,57.96,12.68,Rainy
17,2023-01-01,16:00:00,Winter,1,Sunday,12.06,1023.85,53.92,18.02,cloudy
1638,2023-03-10,05:00:00,SPRING,3,Friday,19.96,1017.65,54.76,18.94,Cloudy
2809,2023-04-28,00:00:00,Spring,4,Friday,18.96,,53.59,13.09,STORMY
1602,2023-03-08,17:00:00,Spring,3,Wednesday,20.61,1023.7,53.77,13.84,Sunny
1754,2023-03-15,01:00:00,Spring,3,Wednesday,22.36,1018.86,50.36,14.43,Sunny
1406,2023-02-28,13:00:00,Winter,2,Tuesday,6.4,998.76,40.9,14.86,Rainy 
3006,2023-05-06,05:00:00,Spring,5,Saturday,15.02,,63.2,18.95,foggy
3265,2023-05-17,00:00:00,Spring,5,Wednesday,16.13,1004.32,52.7,14.5,CLOUDY
348,2023-01-15,11:00:00,Winter,1,Sunday,8.16,1006.97,61.9,300.0,Sunny 
1092,2023-02-15,11:00:00,Winter,2,Wednesday,5.02,1029.78,47.12,12.19,windy
3029,2023-05-07,04:00:00,Spring,5,Sunday,,1017.02,50.07,16.32,Rainy
1528,2023-03-05,15:00:00,Spring,3,sunday,,1007.19,70.61,4.41,Stromy
3242,2023-05-16,01:00 AM,Spring,5,Tuesday,10.72,1008.0,62.19,6.88,FOGGY
2264,2023-04-05,07:00:00,Spring,4,Wednesday,17.65,1010.32,28.83,7.86,WINDY
2470,2023-04-13,21:00:00,Spring,4,Thursday,27.48,1002.11,38.36,22.28,Cloudy
1733,2023-03-14,04:00:00,Spring,3,Tuesday,17.66,1004.4,43.26,17.12,Cludy
1571,2023-03-07,10:00:00,Spring,3,Tuesday,18.57,1014.49,68.8,18.11,RAINY
2827,2023-04-28,18:00:00,Spring,4,Friday,13.04,1008.61,51.29,5.22,
276,2023-01-12,11:00:00,Winter,1,Thursday,12.99,989.83,86.33,,Cludy
1560,2023-03-06,23:00:00,Spring,3,Monday,14.84,1013.42,43.66,14.16,FOGGY
3264,2023-05-16,23:00:00,Spring,5,Tuesday,19.19,1030.34,41.53,11.88,Rainy 
2131,2023-03-30,18:00:00,Spring,3,Thursday,,1014.62,47.58,5.9,FOGGY
2798,2023-04-27,13:00:00,Spring,4,Thursday,22.13,999.19,52.59,10.32,STORMY
3392,2023-05-22,07:00:00,Spring,5,Monday,14.59,1007.73,63.99,6.84,Sunny
1689,2023-03-12,08:00:00,Spring,3,Sun,16.68,1015.93,25.88,2.31,windy
2596,2023-04-19,03:00:00,Spring,4,Wednesday,29.75,1020.6,41.17,-12.6,foggy
132,2023-01-06,11:00:00,Winter,1,friday,4.18,998.56,30.59,12.29,sunny
2344,2023-04-08,15:00:00,Spring,4,Saturday,15.05,1015.65,42.86,5.85,windy
2849,2023-04-29,16:00:00,Spring,4,Saturday,20.63,993.89,,, Foggy
967,2023-02-10,06:00:00,Winter,2,Friday,6.14,1007.17,59.79,,  rainy  
1563,2023-03-07,02:00:00,Spring,3,Tuesday,,1021.05,46.45,9.85,Rainy
41,2023-01-02,16:00:00,winter,1,Monday,3.13,1019.3,72.38,7.08,FOGGY
441,2023-01-19,08:00:00,Winter,1,Thursday,16.2,1018.94,56.13,2.39,windy
1953,2023-03-23,08:00:00,Spring,3,Thursday,26.2,997.62,63.66,10.93,WINDY
998,2023-02-11,13:00:00,Winter,2,Saturday,17.62,1006.8,29.66,9.17,Windy
424,2023-01-18,15:00:00,Winter,1,Wednesday,12.36,,56.9,23.63,Cloudy
109,2023-01-05,12:00 PM,Winter,1,Thursday,6.65,1018.74,77.54,12.44,Cludy
2595,2023-04-19,02:00:00,Spring,4,Wednesday,,1019.33,52.42,11.12,
2847,2023-04-29,02:00 PM,Spring,4,Saturday,16.98,1011.71,67.76,16.54,WINDY
2495,2023-04-14,22:00:00,SPRING,4,Friday,26.37,1005.79,39.81,1.44,FOGGY
2437,,12:00:00,Spring,4,Wednesday,20.86,1018.21,53.23,5.06,sunny
1283,2023-02-23,10:00:00,Winter,2,Thursday,8.75,1013.78,61.54,17.06,Windy
2668,2023-04-22,03:00:00,Spring,4,Saturday,18.33,1008.19,66.7,11.64,Windy
3222,2023-05-15,05:00:00,Spring,5,Monday,18.68,1011.22,60.53,12.07,Windy
1209,2023-02-20,08:00:00,Winter,2,Monday,10.94,1017.96,26.33,12.56,STORMY
2368,2023-04-09,15:00:00,Spring,4,Sunday,14.58,1012.25,61.19,21.46,CLOUDY
2415,2023-04-11,14:00:00,Spring,4,tuesday,21.03,998.26,74.57,12.81,Foggy
1052,2023-02-13,19:00:00,Winter,2,Monday,8.55,1007.99,62.41,,Windy
1718,2023-03-13,13:00:00,Spring,3,Monday,15.37,1002.42,61.14,16.0,STORMY
1098,2023-02-15,17:00:00,Winter,2,Wednesday,8.73,1017.68,62.72,16.92,cloudy
735,2023-01-31,14:00:00,Winter,1,Tuesday,4.98,1011.16,30.41,9.65,Sunny
194,2023-01-09,01:00:00,Winter,1,Monday,11.16,1020.78,64.33,2.58,  Rainy  
1777,2023-03-16,00:00:00,SPRING,3,Thursday,21.17,1009.9,25.98,11.1, Foggy
622,2023-01-26,21:00:00,Winter,1,Thursday,5.25,1019.88,49.19,11.73,  Cludy  
2708,2023-04-23,19:00:00,spring,4,Sunday,15.24,1008.24,76.54,13.71,RAINY
1713,2023-03-13,08:00:00,Spring,3,Monday,,1005.05,38.19,, Foggy
72,2023-01-03,23:00:00,Winter,1,Tuesday,18.67,,,15.53,foggy
1654,2023-03-10,21:00:00,Spring,3,Friday,11.87,1030.57,66.51,11.99,  WINDY  
46,2023-01-02,21:00:00,WINTER,1,Monday,11.13,1006.14,38.94,14.89,FOGGY
3362,2023-05-21,01:00:00,Spring,5,Sunday,33.93,1023.76,65.52,6.52,rainy
925,2023-02-08,12:00:00,Winter,2,Wednesday,5.14,1015.66,69.0,10.66,WINDY
2424,2023-04-11,23:00:00,Spring,4,Tuesday,30.65,1011.18,51.54,7.22,foggy
1550,2023-03-06,13:00:00,SPRING,3,Monday,10.85,1009.19,50.52,9.85,
2625,2023-04-20,08:00:00,SPRING,4,Thursday,10.56,1013.7,73.71,12.81,  Rainy  
903,2023-02-07,14:00:00,Winter,2,Tuesday,1.25,1009.68,55.51,12.67,RAINY
2593,2023-04-19,00:00:00,Spring,4,wednesday,11.15,1027.12,43.39,10.66,Sunny 
2451,2023-04-13,02:00:00,Spring,4,Thursday,22.67,1017.03,250.0,5.91,rainy
2031,2023-03-26,14:00:00,Spring,3,Sunday,23.7,1003.56,61.28,11.92,CLOUDY
908,2023-02-07,19:00:00,Winter,2,Tuesday,0.29,1007.94,63.95,8.19,RAINY
3352,2023-05-20,15:00:00,Spring,5,Saturday,13.57,1013.84,32.42,5.95,foggy
1491,2023-03-04,02:00:00,Spring,3,Saturday,,1029.84,55.52,3.75,RAINY
300,2023-01-13,11:00:00,Winter,1,Friday,7.9,1017.42,58.36,20.18,WINDY
1510,2023-03-04,21:00:00,Spring,3,Saturday,22.31,999.44,67.3,16.9,Rainy
464,2023-01-20,07:00:00,Winter,1,Friday,2.03,1020.35,70.01,7.98, Foggy
2497,2023-04-15,00:00:00,Spring,4,Saturday,12.04,1009.86,49.43,1.34,FOGGY
3287,2023-05-17,22:00:00,Spring,5,Wednesday,15.0,1016.45,60.25,17.4,Sunny 
1863,2023-03-19,14:00:00,Spring,3,Sunday,24.19,1010.96,48.13,14.85,Sunny
3412,,03:00:00,Spring,5,Tuesday,24.42,1009.21,55.33,0.27,
3408,2023-05-22,23:00:00,Spring,5,Monday,20.21,,43.78,1.29,Stromy
3036,2023-05-07,11:00:00,Spring,5,Sunday,12.22,1004.13,60.51,21.62,sunny
2074,2023-03-28,09:00:00,Spring,3,Tuesday,22.02,1030.52,68.24,18.16,FOGGY
1637,2023-03-10,04:00:00,Spring,3,Friday,18.41,1010.05,31.31,-20.0,SUNNY
2663,2023-04-21,22:00:00,Spring,4,friday,16.19,1000.78,51.71,13.41,Sunny
3119,2023-05-10,22:00:00,Spring,5,Wednesday,19.59,1014.24,60.27,20.26,SUNNY
221,2023-01-10,04:00:00,Winter,1,Tuesday,20.63,1008.75,47.66,18.26,Sunny
2444,2023-04-12,19:00:00,Spring,4,Wednesday,10.88,1011.3,50.47,21.52,sunny
3271,2023-05-17,06:00:00,Spring,5,Wednesday,23.15,1010.03,47.38,7.51,Cloudy
2340,2023-04-08,11:00:00,Spring,4,Saturday,21.3,1018.98,49.07,13.85,Stormy
1701,2023-03-12,20:00:00,Spring,3,Sunday,13.26,1005.74,19.74,22.04,FOGGY
2832,2023-04-28,23:00:00,Spring,4,Friday,20.3,1020.31,57.0,16.05,Stromy
2563,17-Apr-2023,18:00:00,Spring,4,Monday,22.0,1013.05,46.63,17.97,foggy
27,2023-01-02,02:00:00,Winter,1,Monday,7.19,1016.23,83.29,,Windy
2388,2023-04-10,11:00:00,Spring,4,Monday,14.86,996.57,60.41,,Stormy
2060,2023-03-27,19:00:00,spring,3,Monday,22.57,200.0,79.24,6.21,Sunny
859,2023-02-05,18:00:00,Winter,2,Sunday,10.61,1012.22,89.09,17.33,STORMY
1892,2023-03-20,19:00:00,Spring,3,Monday,19.82,999.23,49.62,,CLOUDY
1137,2023-02-17,08:00:00,Winter,2,Friday,9.85,1017.67,53.49,, Foggy
1694,2023-03-12,13:00:00,Spring,3,Sunday,6.91,1003.65,38.55,16.93,
38,2023-01-02,13:00:00,Winter,1,Monday,10.61,1015.38,58.76,14.08,WINDY
2506,2023-04-15,09:00:00,Spring,4,Saturday,25.72,1017.83,75.42,12.39,RAINY
2938,2023-05-03,09:00:00,Spring,5,Wednesday,19.5,999.75,64.69,20.85,Stormy
3143,2023-05-11,22:00:00,Spring,5,Thursday,9.64,1009.22,38.95,13.6,WINDY
2367,2023-04-09,14:00:00,Spring,4,Sunday,20.68,1003.0,76.5,0.84,Windy
2014,2023-03-25,21:00:00,Spring,3,Saturday,15.88,1009.09,46.93,14.8,Stromy
1138,2023-02-17,09:00:00,Winter,2,Friday,10.05,,,17.04,CLOUDY
347,2023-01-15,10:00:00,Winter,1,Sunday,11.71,1015.39,74.53,21.37,
2911,2023-05-02,06:00:00,Spring,5,Tuesday,,1012.75,77.64,5.8,RAINY
3315,2023-05-19,02:00:00,Spring,5,Friday,27.28,1016.03,62.19,,RAINY
1302,2023-02-24,05:00:00,Winter,2,Friday,19.91,1019.62,72.4,8.96,Sunny 
2773,2023-04-26,12:00:00,Spring,4,WEDNESDAY,3.27,1025.84,62.37,13.98,Sunny 
3019,2023-05-06,18:00:00,spring,5,Saturday,19.47,1000.97,39.33,14.73,sunny
3105,2023-05-10,08:00:00,Spring,5,Wednesday,15.3,1014.38,74.26,10.98,Sunny
114,2023-01-05,17:00:00,Winter,1,Thursday,3.07,1017.03,47.05,7.24, Foggy
83,2023-01-04,10:00:00,Winter,1,Wednesday,11.12,1018.03,54.82,6.62,SUNNY
1454,2023-03-02,13:00:00,Spring,3,Thursday,19.09,1006.27,18.47,16.1,stormy
1806,2023-03-17,05:00:00,Spring,3,Friday,23.53,994.8,51.94,30.71,FOGGY
1239,2023-02-21,14:00:00,WINTER,2,Tuesday,,,59.9,3.66,Rainy
1743,2023-03-14,14:00:00,Spring,3,Tuesday,17.71,1019.61,39.01,11.69,CLOUDY
1539,2023-03-06,02:00 AM,Spring,3,Monday,14.13,1006.03,65.87,-20.0,cloudy
2312,2023-04-07,07:00 AM,Spring,4,friday,16.5,1006.89,60.75,6.05,Stromy
3377,2023-05-21,16:00:00,Spring,5,Sunday,21.59,1023.81,68.25,11.04,STORMY
955,2023-02-09,18:00:00,Winter,2,Thursday,6.09,1012.01,49.03,4.9,CLOUDY
2997,2023-05-05,20:00:00,Spring,5,Friday,21.21,1018.77,56.16,,Stromy
3066,2023-05-08,17:00:00,Spring,5,Monday,8.26,1012.29,71.68,8.69,Sunny
1842,2023-03-18,17:00:00,Spring,3,Saturday,23.19,1019.11,80.92,9.18,CLOUDY
2929,2023-05-03,00:00:00,Spring,5,Wednesday,23.7,1015.34,63.78,1.97,  CLOUDY  
236,2023-01-10,19:00:00,Winter,1,Tuesday,,1019.98,64.75,11.4,Rainy 
1904,2023-03-21,07:00:00,Spring,3,Tuesday,13.96,1009.87,77.58,5.52, Foggy
2351,2023-04-08,22:00:00,Spring,4,Saturday,21.58,1009.85,31.19,10.76,SUNNY
2876,2023-04-30,19:00:00,Spring,4,Sun,20.77,1016.36,63.88,19.56,Stromy
2318,2023-04-07,13:00:00,Spring,4,Friday,26.94,1009.53,77.43,19.67,Sunny 
3301,18-May-2023,12:00:00,Spring,5,Thursday,18.83,1024.69,45.84,12.64,RAINY
2613,2023-04-19,20:00:00,Spring,4,Wednesday,16.3,1011.19,61.83,7.24,cloudy
243,2023-01-11,02:00:00,Winter,1,Wednesday,7.8,1001.55,56.92,7.91,Rainy 
1056,2023-02-13,23:00:00,Winter,2,Monday,-3.96,1019.76,54.92,19.07,cloudy
2845,2023-04-29,12:00:00,Spring,4,Saturday,17.96,1020.81,63.77,12.34,WINDY
2336,2023-04-08,07:00:00,Spring,4,Sat,13.33,1013.62,75.95,14.67,RAINY
1496,2023-03-04,07:00:00,Spring,3,Saturday,13.01,1025.99,84.87,14.36,Rainy
954,2023-02-09,,Winter,2,Thursday,3.72,1013.78,,1.24,Stromy
1123,2023-02-16,18:00:00,Winter,2,Thursday,12.41,1013.01,,,Sunny
2204,2023-04-02,19:00:00,Spring,4,Sunday,18.42,1018.48,59.69,12.39,foggy
2192,2023-04-02,07:00:00,Spring,4,Sunday,17.68,,70.23,,Sunny
1257,2023-02-22,08:00:00,Winter,2,Wednesday,19.39,1003.12,,9.36,rainy
3320,2023-05-19,07:00:00,Spring,5,Friday,16.45,1011.07,42.56,12.13,rainy
2250,2023-04-04,17:00:00,Spring,4,Tuesday,23.84,1025.71,44.73,16.81,Cloudy
3051,2023-05-08,02:00:00,Spring,5,monday,19.65,1026.43,35.35,14.89,Cloudy
2673,2023-04-22,08:00:00,Spring,4,Saturday,24.06,1008.96,47.34,17.23,cloudy
2836,2023-04-29,03:00:00,Spring,4,Saturday,,1008.88,47.8,12.18,windy
3046,2023-05-07,21:00:00,Spring,5,Sunday,18.0,,53.43,3.63,stormy
2955,2023-05-04,02:00:00,Spring,5,Thursday,22.45,1016.37,56.81,15.97,SUNNY
1290,2023-02-23,,Winter,2,Thursday,8.69,1036.35,52.24,5.22,rainy
1627,2023-03-09,18:00:00,Spring,3,THURSDAY,23.33,1010.94,74.03,14.95,Foggy
732,2023-01-31,11:00:00,Winter,1,Tuesday,,1015.02,53.26,13.29,rainy
714,2023-01-30,17:00:00,Winter,1,Monday,2.48,1014.76,,8.92,WINDY
3259,2023-05-16,18:00:00,Spring,5,Tuesday,18.83,1022.89,86.05,17.13, Foggy
2715,2023-04-24,02:00:00,Spring,4,Monday,,1002.48,69.92,8.8,CLOUDY
2979,2023-05-05,02:00:00,Spring,5,Friday,17.33,1007.26,38.44,13.56,foggy
260,2023-01-11,19:00:00,Winter,1,Wednesday,1.87,1001.29,58.37,18.28,Foggy
1330,2023-02-25,09:00:00,Winter,2,Saturday,0.45,1011.24,150.0,15.24, Foggy
2535,2023-04-16,14:00:00,Spring,4,Sunday,12.03,998.33,70.27,4.22,rainy
3324,2023-05-19,11:00:00,Spring,5,Friday,20.74,1018.8,76.6,18.45,Rainy
2664,2023-04-21,23:00:00,Spring,4,Friday,16.06,999.68,42.24,20.73,Foggy
663,2023-01-28,14:00:00,Winter,1,Saturday,8.08,1020.22,41.38,21.12,rainy
2818,2023-04-28,09:00:00,Spring,4,Friday,23.47,1022.89,83.05,9.0,windy
1755,2023-03-15,02:00:00,spring,3,Wednesday,17.82,1006.17,74.36,12.33,sunny
1054,2023-02-13,21:00:00,Winter,2,Monday,11.99,998.13,55.68,15.35,FOGGY
1130,2023-02-17,01:00:00,Winter,2,Friday,5.91,1015.75,,6.61,RAINY
1797,2023-03-16,20:00:00,Spring,3,Thursday,,1018.49,24.02,24.73,
652,2023-01-28,03:00:00,Winter,1,Saturday,4.88,1011.52,45.93,, Foggy
1072,2023-02-14,15:00:00,WINTER,2,Tuesday,4.1,1500.0,48.14,13.11,
1706,2023-03-13,01:00:00,Spring,3,Monday,27.96,1027.67,41.98,15.34,  CLOUDY  
2280,05-Apr-2023,23:00:00,Spring,4,Wednesday,26.06,200.0,53.75,,STORMY
3395,2023-05-22,10:00:00,Spring,5,Monday,26.36,1016.98,27.41,4.41,Rainy 
2556,2023-04-17,11:00:00,Spring,4,Monday,24.58,,24.08,14.58,Rainy 
3333,2023-05-19,20:00:00,Spring,5,Friday,18.28,1016.48,42.57,7.47,Cludy
544,2023-01-23,03:00 PM,Winter,1,Monday,6.4,1014.21,42.47,24.54,cloudy
2140,2023-03-31,03:00:00,SPRING,3,Friday,16.24,1030.19,53.59,18.98,
2252,2023-04-04,19:00:00,Spring,4,Tuesday,17.22,1003.75,51.96,17.88,Cloudy
3155,2023-05-12,10:00:00,spring,5,Friday,26.38,1017.49,61.01,13.45,Cloudy
3177,2023-05-13,08:00:00,Spring,5,Saturday,20.55,1020.51,45.68,4.0,rainy
2700,2023-04-23,11:00:00,Spring,4,Sun,8.48,1009.14,55.66,19.34,windy
170,01-08-2023,01:00:00,Winter,1,Sunday,2.45,1027.02,69.04,,STORMY
1818,2023-03-17,17:00:00,Spring,3,Friday,18.91,1006.33,29.23,13.42,WINDY
1552,2023-03-06,15:00:00,Spring,3,MONDAY,12.19,1025.66,49.01,12.78,cloudy
1982,2023-03-24,13:00:00,Spring,3,Fri,16.41,1017.81,,12.85,stormy
2889,2023-05-01,08:00:00,Spring,5,Monday,,1022.08,250.0,15.05,Foggy
3070,,21:00:00,Spring,5,Monday,16.92,1015.15,59.1,4.77,sunny
482,2023-01-21,01:00:00,winter,1,Saturday,18.37,1005.64,17.05,10.28,stormy
1341,2023-02-25,20:00:00,Winter,2,Saturday,7.77,1013.91,55.93,6.43,SUNNY
66,2023-01-03,17:00:00,Winter,1,Tuesday,3.37,1012.52,6.38,5.85,windy
3384,2023-05-21,23:00:00,Spring,5,Sunday,26.55,1022.68,61.6,17.42,Foggy
1555,2023-03-06,18:00:00,Spring,3,Monday,18.06,1003.43,51.02,20.22,foggy
2117,2023-03-30,04:00:00,Spring,3,Thursday,22.94,1009.95,64.06,20.41,Windy
215,2023-01-09,22:00:00,Winter,1,Monday,3.84,1016.77,46.72,15.8,RAINY
1210,2023-02-20,09:00:00,Winter,2,Monday,5.66,1006.93,75.26,8.08,sunny
527,2023-01-22,22:00:00,Winter,1,Sunday,2.05,1026.14,41.49,15.83,Rainy 
772,2023-02-02,03:00:00,Winter,2,Thursday,7.07,1015.48,54.15,19.31,
3371,2023-05-21,10:00:00,Spring,5,Sunday,28.55,1008.0,76.6,14.11,foggy
609,2023-01-26,08:00:00,Winter,1,Thursday,7.88,1011.61,58.38,9.78,sunny
2526,2023-04-16,05:00:00,Spring,4,Sunday,25.03,1014.61,23.46,7.96,Stormy
2092,2023-03-29,03:00 AM,Spring,3,Wednesday,22.39,1015.81,63.53,14.3,Foggy
1657,2023-03-11,00:00:00,Spring,3,Saturday,14.73,996.6,60.6,20.73,Sunny
2183,2023-04-01,22:00:00,SPRING,4,Saturday,20.07,1011.13,48.23,11.22,WINDY
457,2023-01-20,00:00:00,Winter,1,Friday,8.84,200.0,38.64,20.47,Cludy
1588,2023-03-08,03:00:00,Spring,3,Wednesday,12.15,1007.23,96.7,N/A,STORMY
2843,2023-04-29,10:00:00,Spring,4,Saturday,11.55,1023.03,43.53,1.22,STORMY
1449,2023-03-02,08:00:00,Spring,3,Thursday,19.49,1014.12,50.73,11.36,stormy
1501,2023-03-04,12:00:00,Spring,3,Saturday,12.43,200.0,40.87,8.71,foggy
445,2023-01-19,12:00:00,Winter,1,Thursday,4.94,1012.7,48.56,7.85,Rainy 
962,2023-02-10,01:00:00,Winter,2,FRIDAY,16.04,1019.63,71.36,9.22,STORMY
2493,2023-04-14,20:00:00,Spring,4,Friday,18.32,,41.31,16.21,foggy
2498,2023-04-15,01:00:00,Spring,4,Saturday,13.1,1006.83,76.5,13.15,Rainy 
2126,2023/03/30,13:00:00,Spring,3,Thursday,30.53,1009.39,83.43,10.42,Foggy
3163,2023-05-12,18:00:00,Spring,5,Friday,9.02,1024.08,75.39,, Foggy
3181,,12:00:00,Spring,5,Saturday,11.2,1011.3,40.58,11.69,Windy
2787,2023-04-27,02:00:00,Spring,4,Thursday,23.93,1020.19,44.59,14.05,Foggy
2070,2023-03-28,05:00:00,Spring,3,Tuesday,30.3,1019.25,42.04,18.81,WINDY
1595,2023-03-08,10:00:00,Spring,3,Wednesday,19.79,1013.52,68.6,12.43,WINDY
2856,2023-04-29,23:00:00,Spring,4,Saturday,18.92,1017.88,51.52,9.95,CLOUDY
965,2023-02-10,04:00:00,Winter,2,Friday,1.02,1017.73,44.14,10.83,RAINY
828,2023-02-04,11:00:00,Winter,2,Saturday,16.81,1013.0,37.27,14.7,cloudy
1823,2023-03-17,22:00:00,Spring,3,Friday,22.32,1012.88,,8.15,Windy
2256,2023-04-04,23:00:00,Spring,4,Tuesday,18.94,1025.86,39.47,-,CLOUDY
2588,2023-04-18,07:00 PM,Spring,4,Tuesday,21.91,1011.28,57.12,2.85,FOGGY
1543,2023-03-06,06:00:00,Spring,3,Monday,17.19,1016.51,41.74,12.79,WINDY
137,2023-01-06,16:00:00,winter,1,Friday,-4.36,1006.62,63.66,10.78,cloudy
681,2023-01-29,08:00:00,Winter,1,Sunday,17.77,1008.95,39.12,20.89,Foggy
2369,2023-04-09,16:00:00,Spring,4,Sunday,8.71,1008.94,23.1,12.19, Foggy
560,2023-01-24,07:00:00,Winter,1,Tuesday,8.07,1005.37,48.89,,FOGGY
1826,2023-03-18,01:00:00,Spring,3,Saturday,14.69,1008.88,48.15,14.03,Cludy
1639,2023-03-10,06:00:00,Spring,3,Friday,19.99,1007.02,50.79,3.58,Sunny 
2420,2023-04-11,19:00:00,Spring,4,Tuesday,12.87,1025.72,,11.96,Windy
814,2023-02-03,21:00:00,Winter,2,Friday,11.19,1021.46,60.51,12.89,Stromy
1761,2023-03-15,08:00:00,Spring,3,Wednesday,21.83,1009.69,61.91,2.87,Sunny
39,2023-01-02,14:00:00,Winter,1,Monday,4.6,1014.86,59.4,7.71,cloudy
2162,01-Apr-2023,01:00:00,Spring,4,Saturday,19.26,997.24,21.96,10.68,windy
750,,05:00:00,WINTER,2,WEDNESDAY,9.29,1003.07,60.01,11.07,rainy
909,2023-02-07,20:00:00,Winter,2,Tuesday,6.82,1018.95,61.32,13.6,SUNNY
1967,2023-03-23,22:00:00,Spring,3,Thursday,15.71,,67.9,16.86,RAINY
1578,2023-03-07,17:00:00,Spring,3,Tue,17.66,1013.23,52.22,19.27,Cludy
158,2023-01-07,13:00:00,Winter,1,Saturday,8.28,1021.75,29.61,21.18,STORMY
24,2023-01-01,23:00:00,Winter,1,sunday,4.49,1010.38,,3.22,Foggy
612,2023-01-26,11:00:00,Winter,1,Thursday,5.49,,59.41,,Sunny
2249,2023-04-04,16:00:00,Spring,4,Tuesday,17.23,998.49,,12.61,STORMY
2269,2023-04-05,12:00:00,Spring,4,Wednesday,10.01,1024.92,85.82,21.26,cloudy
2940,2023-05-03,11:00:00,Spring,5,Wednesday,18.48,1026.83,61.21,13.45,STORMY
1514,2023-03-05,01:00:00,Spring,3,Sunday,16.18,1019.84,60.12,-20.0,Stromy
2758,2023-04-25,,Spring,4,Tuesday,19.83,1014.96,45.95,15.44,WINDY
2733,2023-04-24,08:00 PM,Spring,4,Mon,12.77,1011.33,48.89,23.1,cloudy
1111,2023-02-16,06:00:00,Winter,2,Thursday,1.22,1014.79,63.28,16.08,Stormy
492,2023-01-21,11:00:00,Winter,1,Saturday,10.78,1013.72,52.04,11.09,Cludy
2809,2023-04-28,00:00:00,Spring,4,Friday,18.96,,53.59,13.09,STORMY
2119,2023-03-30,06:00:00,Spring,3,Thursday,14.71,,62.17,8.54,rainy
1069,2023-02-14,12:00:00,Winter,2,Tuesday,,1004.36,24.67,,STORMY
169,2023-01-08,00:00:00,Winter,1,Sunday,6.29,1010.03,33.89,7.33,Rainy
2006,2023-03-25,13:00:00,Spring,3,Saturday,6.07,1008.48,27.82,6.3,RAINY
1779,2023-03-16,02:00:00,Spring,3,Thursday,24.57,1005.41,70.92,9.4,Sunny
2852,2023-04-29,19:00:00,Spring,4,Sat,19.9,1017.57,43.44,21.12,Rainy
2208,2023-04-02,23:00:00,Spring,4,Sunday,20.58,1003.04,49.26,8.36,Sunny
19,2023-01-01,06:00 PM,Winter,1,sunday,7.82,1025.52,15.7,16.93,Sunny 
3428,2023-05-23,19:00:00,spring,5,Tuesday,,1018.03,45.66,5.69, Foggy
2276,2023-04-05,19:00:00,Spring,4,Wednesday,16.29,1021.18,66.0,20.27,SUNNY
880,2023-02-06,03:00 PM,Winter,2,Monday,4.02,1016.4,74.19,1.3,
2232,2023-04-03,23:00:00,Spring,4,Monday,12.41,1018.14,34.73,10.2,RAINY
3303,2023-05-18,14:00:00,Spring,5,thursday,18.71,1023.06,68.72,300.0,SUNNY
2374,2023-04-09,21:00:00,Spring,4,Sun,15.84,1016.14,41.11,4.74,foggy
1503,2023-03-04,02:00 PM,Spring,3,Saturday,23.7,1006.3,54.12,,foggy
1048,2023-02-13,15:00:00,Winter,2,Monday,5.92,1012.5,60.94,13.58,Sunny 
1590,2023-03-08,05:00:00,Spring,3,Wednesday,28.73,1000.64,25.27,3.0,Foggy
371,2023-01-16,10:00:00,Winter,1,Monday,11.61,1010.02,80.9,,Stromy
545,2023-01-23,16:00:00,WINTER,1,Monday,-0.04,1014.48,85.35,12.04,Cloudy
466,2023-01-20,09:00:00,Winter,1,Friday,7.33,1019.49,66.9,,Windy
3354,2023-05-20,17:00:00,Spring,5,Saturday,20.84,1020.96,53.09,17.86,windy
716,2023-01-30,19:00:00,Winter,1,Monday,5.34,1016.87,38.47,16.09,cloudy
551,2023-01-23,22:00:00,Winter,1,Monday,17.02,1011.47,65.8,4.24,STORMY
768,2023-02-01,23:00:00,Winter,2,Wednesday,9.13,1018.54,,22.22,Windy
1481,2023-03-03,16:00:00,Spring,3,Friday,24.26,1014.29,64.66,12.49,Windy
2088,2023-03-28,23:00:00,SPRING,3,Tuesday,20.92,1023.27,,8.66,Stormy
763,2023-02-01,18:00:00,Winter,2,Wednesday,,1022.58,34.42,7.74,RAINY
1312,2023-02-24,15:00:00,Winter,2,Friday,12.86,1012.89,250.0,2.65,WINDY
757,2023-02-01,12:00:00,Winter,2,Wednesday,-1.35,1009.89,57.86,NA,
3015,2023-05-06,02:00 PM,Spring,5,Saturday,11.15,1025.76,,13.7,STORMY
966,2023-02-10,05:00:00,Winter,2,Friday,5.74,1006.69,54.89,10.71,cloudy
1728,2023-03-13,23:00:00,Spring,3,Monday,13.7,1005.88,23.35,20.04,  Rainy   
2574,2023-04-18,05:00:00,Spring,4,Tuesday,13.6,1011.61,56.55,10.37,windy
3034,2023-05-07,09:00:00,Spring,5,Sunday,12.79,1015.95,49.26,14.6, Foggy
2216,2023-04-03,07:00:00,spring,4,Mon,19.48,1014.08,48.61,2.06,stormy
277,2023-01-12,12:00:00,Winter,1,Thursday,13.54,1004.68,64.19,5.68,FOGGY
1756,2023-03-15,03:00:00,Spring,3,Wednesday,28.24,1000.0,46.65,12.2,cloudy
699,2023-01-30,02:00:00,Winter,1,Monday,5.94,1005.59,54.53,6.91,Foggy
2950,2023-05-03,21:00:00,Spring,5,Wednesday,8.67,1006.92,,3.05,WINDY
307,2023-01-13,18:00:00,Winter,1,Friday,7.07,1011.96,55.66,11.12,stormy
3258,2023-05-16,17:00:00,Spring,5,Tuesday,15.07,1015.66,62.65,8.56,Stromy
2010,2023-03-25,17:00:00,Spring,3,Saturday,10.23,1001.77,53.74,25.52,Sunny 
3429,2023-05-23,20:00:00,Spring,5,Tuesday,22.0,1008.3,50.26,1.32,Sunny
2615,2023-04-19,22:00:00,Spring,4,Wednesday,15.34,1034.06,48.55,,Cloudy
3037,2023-05-07,12:00:00,Spring,5,Sunday,16.24,1018.61,71.1,16.89,foggy
2684,2023-04-22,19:00:00,Spring,4,Saturday,15.41,1008.69,40.23,7.4,Rainy 
2975,2023-05-04,22:00:00,Spring,5,Thursday,16.34,1015.23,29.35,18.22,WINDY
524,2023-01-22,19:00:00,Winter,1,Sunday,11.11,1003.89,70.59,11.55,RAINY
1648,2023-03-10,15:00:00,Spring,3,Friday,13.6,1015.15,51.76,4.93,Foggy
541,2023-01-23,12:00:00,Winter,1,Monday,2.44,1014.97,,18.84,cloudy
1873,2023/03/20,00:00:00,Spring,3,Monday,19.25,1019.47,51.03,,SUNNY
2665,2023-04-22,00:00:00,Spring,4,Saturday,25.17,1005.91,65.09,4.93,Sunny 
1005,2023-02-11,20:00:00,Winter,2,Saturday,5.6,1018.57,47.23,11.47,STORMY
2538,2023-04-16,17:00:00,Spring,4,Sunday,9.34,1009.85,55.51,6.87,Rainy 
3293,2023-05-18,04:00:00,Spring,5,Thursday,15.08,,40.48,18.89,Foggy
1408,,15:00:00,Winter,2,Tuesday,,1015.93,43.89,17.19,stormy
290,2023-01-13,01:00:00,Winter,1,Friday,4.56,1031.02,-15.0,10.05,Sunny 
3402,2023-05-22,17:00:00,Spring,5,Monday,22.54,1019.37,65.49,18.95,WINDY
1223,2023-02-20,22:00:00,Winter,2,Monday,9.14,1018.09,42.67,4.68,Windy
1155,2023-02-18,02:00:00,Winter,2,Saturday,13.73,990.3,54.75,11.37,cloudy
1139,2023-02-17,10:00:00,WINTER,2,Friday,,1005.27,53.81,10.2,Sunny
2027,2023-03-26,10:00:00,Spring,3,Sunday,12.21,997.15,54.43,16.91,STORMY
1409,2023-02-28,16:00:00,Winter,2,Tuesday,8.76,1015.39,43.26,16.24,RAINY
665,2023-01-28,16:00:00,Winter,1,Saturday,2.54,1020.12,57.58,15.32,RAINY
3327,2023-05-19,02:00 PM,Spring,5,Friday,8.69,1008.72,47.73,2.18,foggy
267,2023-01-12,02:00:00,Winter,1,Thursday,6.19,1004.04,,18.96,Sunny 
1032,2023-02-12,23:00:00,Winter,2,SUNDAY,9.54,1004.24,41.79,22.79,Sunny 
676,2023-01-29,03:00:00,Winter,1,Sunday,9.93,1021.73,,18.14,RAINY
976,2023-02-10,15:00:00,Winter,2,Friday,5.22,1011.96,80.04,6.34,windy
3297,2023-05-18,08:00:00,Spring,5,thursday,15.84,1032.53,42.42,19.08, Foggy
1441,2023-03-02,00:00:00,Spring,3,Thursday,18.15,1017.13,40.28,3.57,WINDY
901,2023-02-07,12:00:00,Winter,2,Tuesday,3.88,1007.25,85.75,12.0,Cloudy
2334,2023-04-08,05:00:00,Spring,4,Saturday,15.13,1019.97,62.64,10.88,Stormy
2350,2023-04-08,21:00:00,Spring,4,Saturday,21.18,1009.2,47.01,15.84,WINDY
394,2023-01-17,09:00:00,Winter,1,Tuesday,9.47,,,11.79,Rainy
2324,2023-04-07,19:00:00,Spring,4,Friday,10.17,1016.26,84.3,6.03,Windy
3021,2023-05-06,20:00:00,Spring,5,Saturday,24.29,null,42.89,,Foggy
2980,2023-05-05,03:00:00,Spring,5,Friday,21.87,1019.73,63.62,9.02,stormy
2550,2023-04-17,05:00:00,Spring,4,Mon,19.36,1021.24,74.37,13.84,Foggy
490,2023-01-21,09:00:00,Winter,1,Saturday,-2.68,1038.1,70.84,13.34,Rainy 
2272,2023/04/05,15:00:00,Spring,4,Wednesday,24.88,1009.77,85.53,23.95,FOGGY
1850,2023-03-19,01:00:00,Spring,3,Sunday,24.94,1014.14,60.72,20.19,Sunny
2368,2023-04-09,15:00:00,Spring,4,Sunday,14.58,1012.25,61.19,21.46,CLOUDY
55,2023-01-03,06:00:00,Winter,1,Tuesday,4.14,1011.11,47.72,12.49,Stromy
578,2023-01-25,01:00:00,Winter,1,Wednesday,10.67,1020.1,50.19,,
963,2023-02-10,02:00:00,Winter,2,Friday,7.25,1001.53,47.13,14.96,Stormy
2657,2023-04-21,16:00:00,Spring,4,Friday,23.99,1010.72,74.5,7.72,Cloudy
3196,2023-05-14,03:00:00,Spring,5,Sunday,23.7,1002.09,61.0,7.92,Cludy
1879,2023-03-20,06:00:00,Spring,3,Monday,19.09,1009.28,37.34,14.81, Foggy
1173,2023-02-18,20:00:00,Winter,2,Saturday,0.78,1009.14,53.76,13.46,FOGGY
3120,2023-05-10,23:00:00,spring,5,Wednesday,16.9,1009.76,63.01,1.33,Rainy 
2178,2023-04-01,17:00:00,Spring,4,Saturday,25.07,1006.01,53.32,9.28,Foggy
702,2023-01-30,05:00:00,Winter,1,Monday,7.52,998.79,53.79,7.0,sunny
3238,2023-05-15,21:00:00,Spring,5,Monday,27.92,1014.85,64.81,2.84,Stormy
2691,2023-04-23,02:00:00,Spring,4,Sunday,22.67,1016.47,,21.61,Windy
2142,2023-03-31,05:00:00,Spring,3,Friday,6.23,1013.15,73.46,15.16, Foggy
ID_762,2023-02-01,17:00:00,Winter,2,Wed,11.57,996.6,72.39,9.98,sunny
3150,2023-05-12,05:00:00,Spring,5,Friday,18.1,1019.03,66.75,14.65,CLOUDY
2448,2023-04-12,23:00:00,Spring,4,Wednesday,10.18,1008.19,67.34,14.01,
2974,2023-05-04,21:00:00,Spring,5,Thursday,13.44,1010.77,49.19,10.52,cloudy
2829,2023-04-28,20:00:00,Spring,4,Friday,13.76,1002.53,52.7,6.8,windy
2245,2023-04-04,12:00 PM,Spring,4,Tuesday,19.54,1012.59,64.38,10.66,Cloudy
3138,2023-05-11,17:00:00,Spring,5,Thursday,16.42,,62.62,2.45,RAINY
3195,2023-05-14,02:00:00,Spring,5,Sunday,12.57,1023.15,13.26,11.48, Foggy
2603,2023-04-19,10:00:00,Spring,4,WEDNESDAY,23.77,1014.55,55.04,13.07,windy
2509,2023-04-15,12:00:00,Spring,4,Saturday,20.52,1008.67,25.35,9.03,stormy
1483,2023-03-03,18:00:00,Spring,3,Friday,23.9,1016.23,40.5,7.22,RAINY
2583,2023-04-18,14:00:00,SPRING,4,Tuesday,20.58,1021.52,43.38,8.8,Stromy
336,2023-01-14,23:00:00,Winter,1,Saturday,8.8,1013.02,61.55,19.14,Stormy
1907,2023-03-21,10:00:00,Spring,3,Tuesday,31.61,1019.76,71.53,14.95,FOGGY
2442,12/04/2023,17:00:00,Spring,4,Wednesday,18.74,1010.59,69.0,12.38,Windy
2740,2023-04-25,03:00:00,Spring,4,Tuesday,7.23,1014.8,60.24,,Stormy
717,2023-01-30,20:00:00,Winter,1,Monday,10.04,1010.54,42.42,6.68,Windy
2932,2023-05-03,03:00:00,Spring,5,Wednesday,25.17,1007.43,62.94,20.14,Cloudy
112,2023-01-05,15:00:00,Winter,1,Thursday,1.48,1018.36,-15.0,6.36,Stromy
531,2023-01-23,02:00:00,Winter,1,Monday,20.06,1019.28,54.71,10.42,CLOUDY
1190,2023-02-19,13:00:00,Winter,2,Sunday,0.51,1023.25,45.02,16.33,Cludy
1500,2023-03-04,11:00:00,Spring,3,Saturday,23.76,1003.26,62.02,4.98,windy
703,2023-01-30,06:00:00,WINTER,1,Monday,,1008.6,53.25,8.19,RAINY
3336,2023-05-19,23:00:00,Spring,5,Friday,7.74,1007.2,46.59,10.95,stormy
853,2023-02-05,12:00:00,Winter,2,Sunday,6.89,1029.37,44.88,9.58,Foggy
401,2023-01-17,16:00:00,Winter,1,Tuesday,7.09,1024.0,45.31,7.2,windy
2299,2023-04-06,06:00 PM,Spring,4,Thursday,21.09,1015.77,39.87,2.82,FOGGY
1957,2023-03-23,12:00:00,Spring,3,Thursday,22.81,1022.32,54.12,10.67,windy
1284,2023-02-23,11:00:00,Winter,2,Thursday,9.96,1016.63,31.27,12.3,stormy
1943,2023-03-22,22:00:00,Spring,3,Wednesday,21.47,1022.33,68.37,10.77,Sunny 
1321,2023-02-25,00:00:00,Winter,2,Saturday,4.79,1018.27,70.4,15.6,RAINY
8,2023-01-01,07:00:00,WINTER,1,Sunday,5.0,1010.67,45.97,23.11,sunny
1692,2023-03-12,11:00:00,Spring,3,Sunday,7.38,1016.31,87.03,13.69,Windy
462,2023-01-20,05:00:00,Winter,1,Friday,8.8,1004.78,73.99,6.8,Stormy
1470,2023-03-03,05:00:00,Spring,3,Friday,9.91,1016.05,42.74,,Rainy 
275,2023/01/12,10:00:00,Winter,1,Thursday,8.39,997.01,68.74,14.08,windy
1696,2023-03-12,15:00:00,Spring,3,Sunday,24.01,1013.07,55.87,10.41,Sunny 
378,2023-01-16,17:00:00,Winter,1,Monday,999.0,1024.82,37.87,10.84,stormy
1024,2023-02-12,15:00:00,Winter,2,Sunday,7.43,1014.77,73.52,5.81,Rainy 
3068,2023-05-08,19:00:00,SPRING,5,Monday,13.57,1006.82,24.68,13.02,WINDY
1851,2023-03-19,02:00:00,Spring,3,Sunday,14.85,1017.59,53.35,10.9,Sunny 
1813,2023-03-17,12:00:00,Spring,3,Friday,8.41,1001.23,60.04,7.58,Windy
3118,10/05/2023,21:00:00,Spring,5,Wednesday,25.63,1019.14,77.18,5.72,Rainy
2752,2023-04-25,15:00:00,Spring,4,Tuesday,23.42,1011.3,48.0,7.58,Stromy
1324,2023-02-25,03:00:00,Winter,2,Saturday,0.52,1005.65,74.84,-10.99, Foggy
1478,2023-03-03,13:00:00,Spring,3,Friday,26.36,1005.79,62.59,11.48,stormy
2167,2023-04-01,06:00:00,Spring,4,Saturday,16.38,1019.88,40.27,7.88,sunny
2018,2023-03-26,01:00:00,Spring,3,Sunday,18.17,1010.1,,16.05,WINDY
613,2023-01-26,12:00:00,Winter,1,Thursday,4.08,1007.48,,7.01,cloudy
1623,2023-03-09,02:00 PM,Spring,3,Thursday,NA,200.0,56.62,6.56,cloudy
2306,2023-04-07,01:00:00,Spring,4,Friday,19.43,1011.49,69.08,2.82,stormy
362,2023-01-16,01:00:00,Winter,1,Monday,10.0,1007.79,47.07,15.52,Rainy
2341,2023-04-08,12:00:00,Spring,4,Saturday,25.12,1024.31,54.56,12.84,foggy
2972,2023-05-04,19:00:00,Spring,5,Thursday,18.2,1019.09,53.19,9.9,windy
2804,2023-04-27,19:00:00,Spring,4,Thursday,21.38,1017.62,62.6,18.67,Sunny 
1201,2023-02-20,00:00:00,Winter,2,Monday,10.54,1012.54,34.07,7.75,Sunny 
2396,2023-04-10,19:00:00,Spring,4,Monday,25.33,,32.01,13.62,CLOUDY
1996,2023-03-25,03:00:00,Spring,3,Saturday,13.36,1008.97,53.91,23.34,Stromy
470,2023-01-20,13:00:00,Winter,1,Friday,5.19,1011.33,29.75,7.16,Foggy
272,2023-01-12,07:00:00,Winter,1,Thursday,9.91,1016.44,70.45,13.43,Cludy
1469,2023-03-03,04:00:00,spring,3,Friday,19.8,1005.71,74.07,6.12,Windy
3073,2023-05-09,00:00:00,Spring,5,TUESDAY,16.34,1008.1,48.07,4.18,sunny
3364,2023-05-21,03:00:00,Spring,5,Sunday,12.38,1013.65,42.26,12.91,rainy
2156,,19:00:00,Spring,3,Friday,14.05,1018.54,50.74,19.14,Stormy
1362,2023-02-26,17:00:00,Winter,2,Sunday,11.78,1011.22,34.75,,CLOUDY
3115,2023-05-10,18:00:00,Spring,5,Wednesday,22.37,1010.53,28.1,11.71,Rainy
3227,15/05/2023,10:00:00,Spring,5,Monday,,,54.04,4.72,WINDY
411,2023-01-18,02:00:00,Winter,1,Wednesday,8.12,1024.3,53.81,14.71,sunny
2000,2023-03-25,07:00:00,Spring,3,Saturday,19.63,1006.32,79.79,24.47,WINDY
2061,2023-03-27,20:00:00,Spring,3,Monday,,1012.92,52.39,20.03,Windy
1599,2023-03-08,14:00:00,Spring,3,Wednesday,10.05,1007.68,41.46,16.86,stormy
663,2023-01-28,14:00:00,Winter,1,Saturday,8.08,1020.22,41.38,21.12,rainy
847,2023-02-05,06:00:00,Winter,2,Sunday,13.53,1008.49,42.76,12.47,Rainy
2127,2023-03-30,14:00:00,Spring,3,Thursday,11.14,1010.55,70.72,6.97,Sunny
1148,2023-02-17,19:00:00,Winter,2,Friday,5.7,1004.36,45.8,13.18,stormy
540,2023-01-23,11:00:00,Winter,1,Monday,6.12,1010.46,74.22,15.35,Rainy 
2457,2023-04-13,08:00:00,Spring,4,Thursday,17.12,1000.73,29.68,8.4, Foggy
1554,2023-03-06,17:00:00,Spring,3,Monday,15.62,1002.56,41.6,2.15,Cludy
2830,2023-04-28,21:00:00,Spring,4,friday,22.53,1016.25,53.95,7.22,Stormy
2534,2023-04-16,13:00:00,Spring,4,Sunday,13.72,1010.81,39.22,9.15,Stormy
3366,2023-05-21,05:00:00,Spring,5,Sunday,16.05,1014.63,65.46,-20.0,Windy
174,2023-01-08,05:00:00,Winter,1,Sunday,,1017.93,63.9,10.14,stormy
3268,2023-05-17,03:00 AM,Spring,5,Wednesday,13.04,,59.23,14.74,Sunny
2289,2023-04-06,08:00:00,Spring,4,Thursday,22.98,1017.6,50.57,9.22,STORMY
1883,2023/03/20,10:00:00,Spring,3,Monday,10.57,996.6,73.91,15.7,Rainy 
756,2023-02-01,11:00:00,Winter,2,Wednesday,14.0,1009.29,48.83,18.92,Windy
2154,2023-03-31,05:00 PM,Spring,3,Friday,,1011.67,54.82,6.13,STORMY
2129,2023-03-30,16:00:00,SPRING,3,Thursday,19.19,1016.84,48.52,13.39,stormy
1946,2023-03-23,01:00:00,Spring,3,Thursday,16.07,1021.12,56.62,27.64,RAINY
1971,2023-03-24,02:00 AM,Spring,3,Friday,11.4,1011.09,74.28,11.66,CLOUDY
1206,2023-02-20,05:00:00,Winter,2,monday,7.21,1011.53,42.31,11.92, Foggy
628,2023-01-27,03:00:00,Winter,1,Friday,1.24,1002.42,62.23,15.28,FOGGY
2028,2023-03-26,11:00:00,Spring,3,Sunday,23.53,1016.32,40.55,0.41,stormy
1896,2023-03-20,23:00:00,spring,3,Monday,23.95,1018.34,,20.19, Foggy
2279,2023-04-05,22:00:00,Spring,4,Wednesday,23.31,1010.41,55.21,17.47,Rainy
3253,2023-05-16,12:00:00,Spring,5,Tuesday,21.25,1010.26,71.18,6.01,SUNNY
1333,2023-02-25,12:00:00,Winter,2,Saturday,10.38,999.02,46.92,10.47,stormy
833,2023-02-04,16:00:00,Winter,2,Saturday,2.54,1019.68,68.71,2.73,FOGGY
974,2023-02-10,13:00:00,Winter,2,Friday,4.0,997.74,49.1,18.01,SUNNY
588,2023-01-25,11:00:00,Winter,1,Wed,11.47,1009.86,70.9,15.7,Rainy 
32,2023-01-02,07:00:00,Winter,1,Monday,10.93,1030.52,40.14,8.6,FOGGY
1730,2023-03-14,01:00:00,Spring,3,Tuesday,12.56,1033.48,81.26,11.81,sunny
1877,2023-03-20,04:00:00,Spring,3,Monday,14.66,995.06,58.08,7.35,rainy
2335,2023-04-08,06:00:00,Spring,4,Sat,24.96,1011.3,,12.13,Rainy
2191,2023-04-02,06:00:00,Spring,4,sunday,150.0,1002.64,37.19,15.47,
1199,2023-02-19,22:00:00,Winter,2,Sunday,,1015.11,52.75,4.42,Rainy
2488,2023-04-14,15:00:00,Spring,4,Fri,17.01,1023.41,68.02,13.36,Rainy 
2440,2023-04-12,15:00:00,Spring,4,Wednesday,21.87,1009.03,53.1,8.69, Foggy
871,2023-02-06,06:00:00,winter,2,Monday,6.49,992.17,49.58,11.61,Cludy
596,2023-01-25,,winter,1,Wednesday,3.18,1005.34,60.16,11.71,Windy
981,2023-02-10,20:00:00,Winter,2,Friday,17.28,1014.79,49.8,2.33,STORMY
1193,2023-02-19,16:00:00,Winter,2,Sunday,13.15,1019.37,55.23,6.15,  STORMY  
3275,2023-05-17,10:00:00,Spring,5,Wednesday,25.79,?,56.49,12.24, Foggy
1691,2023-03-12,10:00:00,Spring,3,Sunday,22.1,1011.44,59.46,22.0,cloudy
782,2023-02-02,13:00:00,Winter,2,Thursday,7.3,1018.92,26.36,19.91,Rainy
3300,2023-05-18,11:00:00,Spring,5,Thursday,24.73,1017.95,66.79,15.53,Rainy 
1303,2023-02-24,06:00:00,Winter,2,Friday,2.87,1013.5,56.61,5.53,cloudy
2747,2023-04-25,10:00:00,Spring,4,Tuesday,22.72,1014.56,79.98,10.93,Rainy 
2196,2023-04-02,11:00:00,Spring,4,Sunday,14.33,1020.65,72.75,5.01,WINDY
2941,2023/05/03,12:00:00,SPRING,5,WEDNESDAY,18.34,1019.54,28.93,12.51,STORMY
1942,2023-03-22,21:00:00,Spring,3,Wed,25.34,1012.76,93.98,1.66,rainy
3064,2023-05-08,15:00:00,Spring,5,Monday,29.84,,29.74,7.75, Foggy
2098,2023-03-29,09:00:00,Spring,3,Wednesday,15.05,1002.97,60.94,11.3,STORMY
1997,2023-03-25,04:00:00,Spring,3,Saturday,19.19,1006.27,58.31,9.89,Windy
1976,2023-03-24,07:00:00,Spring,3,Friday,,1004.0,60.83,4.96,CLOUDY
2194,2023-04-02,09:00:00,Spring,4,Sunday,14.06,1018.26,76.51,3.74,SUNNY
564,2023-01-24,11:00:00,Winter,1,Tuesday,0.74,1012.9,36.21,14.18,windy
3247,05-16-2023,06:00:00,Spring,5,Tuesday,22.07,997.78,,3.24,
3209,2023-05-14,16:00:00,SPRING,5,Sunday,17.19,1023.98,62.45,5.52,Rainy 
2589,2023-04-18,20:00:00,Spring,4,Tuesday,17.33,1006.12,65.41,27.44,foggy
3002,2023-05-06,01:00:00,Spring,5,Saturday,18.08,1014.44,64.16,11.79,cloudy
1532,2023-03-05,19:00:00,Spring,3,Sunday,25.65,1006.78,72.58,20.99,Rainy
1158,2023-02-18,05:00:00,Winter,2,Saturday,13.48,1016.4,31.83,300.0,
2976,2023-05-04,23:00:00,Spring,5,Thursday,21.16,1003.06,20.96,,stormy
2241,2023-04-04,08:00:00,Spring,4,Tuesday,20.3,1011.88,58.85,10.63,STORMY
1012,2023-02-12,03:00:00,Winter,2,Sunday,12.66,1009.68,,28.89, Foggy
2107,2023-03-29,18:00:00,Spring,3,Wednesday,21.07,1012.74,67.46,6.57,rainy
1436,2023-03-01,19:00:00,Spring,3,Wednesday,19.69,1005.06,55.31,3.21,Windy
1245,2023-02-21,20:00:00,Winter,2,Tuesday,14.89,1013.93,60.84,1.32,Stromy
562,2023-01-24,09:00:00,Winter,1,Tuesday,16.09,1013.83,41.52,4.02,Foggy
3403,2023-05-22,18:00:00,Spring,5,Monday,999.0,1002.16,56.04,7.09, Foggy
3256,2023-05-16,15:00:00,Spring,5,Tuesday,17.2,1021.1,52.31,26.06, Foggy
73,2023-01-04,,Winter,1,Wednesday,9.4,1008.02,51.88,9.04,Foggy
3257,2023-05-16,16:00:00,Spring,5,Tuesday,18.67,1021.49,67.08,11.78,STORMY
1928,2023-03-22,07:00:00,Spring,3,Wednesday,14.37,1005.98,59.99,4.0,cloudy
1789,2023-03-16,12:00:00,Spring,3,Thursday,13.62,1018.28,49.22,0.43,rainy
179,2023-01-08,10:00:00,Winter,1,Sunday,5.28,1016.19,54.44,18.62,windy
3194,2023-05-14,01:00:00,Spring,5,Sunday,21.51,,52.69,13.91,Sunny
3295,2023-05-18,06:00:00,Spring,5,Thursday,17.0,1028.91,46.16,13.41,Windy
1802,2023-03-17,01:00:00,Spring,3,Friday,9.28,1014.25,59.22,20.94,Windy
1159,2023-02-18,06:00:00,Winter,2,Saturday,9.93,1019.7,44.81,5.49,Cludy
1591,2023-03-08,06:00:00,Spring,3,Wednesday,22.49,1022.0,47.31,16.1,Stormy
483,2023-01-21,02:00:00,Winter,1,Saturday,13.5,1028.67,36.56,14.98,
1353,2023-02-26,08:00:00,Winter,2,Sunday,6.97,1021.95,47.1,8.86,Stormy
2066,2023-03-28,01:00:00,Spring,3,Tuesday,15.41,1026.75,52.16,11.48,stormy
2746,25-Apr-2023,09:00:00,Spring,4,Tuesday,6.29,1015.4,48.91,15.22,Stormy
3116,2023-05-10,19:00:00,Spring,5,Wednesday,10.31,1030.47,40.51,11.03,RAINY
2867,2023-04-30,10:00:00,Spring,4,Sunday,34.44,1011.87,50.11,12.68,Rainy
509,2023-01-22,04:00 AM,Winter,1,Sunday,10.38,1017.04,70.9,28.56,rainy
565,2023-01-24,12:00:00,Winter,1,Tuesday,12.43,1009.63,,13.19,windy
377,2023-01-16,16:00:00,Winter,1,Monday,7.15,1009.37,-15.0,17.73,Cludy
2435,2023-04-12,10:00:00,Spring,4,Wednesday,,1009.03,68.85,14.44,CLOUDY
1380,2023-02-27,11:00:00,WINTER,2,Monday,10.52,1018.01,36.41,2.98,Sunny
254,2023-01-11,13:00:00,Winter,1,Wednesday,18.38,1007.49,81.04,13.19,RAINY
1899,2023-03-21,02:00:00,Spring,3,Tuesday,14.22,1012.18,,8.03,Cloudy
3,2023-01-01,02:00:00,Winter,1,Sunday,5.65,,48.05,9.21,cloudy
2879,2023-04-30,22:00:00,Spring,4,Sunday,14.66,1001.84,54.4,21.2, Foggy
1029,2023-02-12,20:00:00,Winter,2,Sunday,15.79,1000.76,79.44,9.76, Foggy
3430,2023-05-23,21:00:00,Spring,5,Tuesday,,1019.57,55.08,2.83,Rainy
1547,2023-03-06,10:00:00,Spring,3,Monday,17.69,1007.01,61.25,19.0,WINDY
818,2023-02-04,01:00:00,Winter,2,Saturday,9.16,1018.17,51.76,,CLOUDY
2393,2023-04-10,16:00:00,Spring,4,Monday,28.78,1009.95,49.36,8.63,WINDY
3313,2023-05-19,00:00:00,Spring,5,Friday,24.47,1000.45,47.05,12.58,RAINY
601,2023-01-26,00:00:00,Winter,1,Thursday,4.39,1014.41,46.8,10.37,sunny
1652,2023/03/10,07:00 PM,Spring,3,Friday,17.7,999.39,42.85,13.13,Sunny 
2513,2023-04-15,16:00:00,spring,4,Saturday,20.29,1016.47,28.42,15.82,
270,2023-01-12,,Winter,1,Thursday,0.22,1009.58,77.51,-17.1,sunny
1819,2023/03/17,18:00:00,Spring,3,friday,22.52,1011.19,76.55,7.78,Cloudy
3202,2023-05-14,09:00:00,Spring,5,Sunday,13.2,998.96,51.84,10.07,Sunny 
2753,2023-04-25,16:00:00,Spring,4,tuesday,17.72,1012.37,58.1,11.22,Rainy
1426,2023-03-01,09:00:00,Spring,3,Wednesday,17.87,1011.26,55.88,8.38, Foggy
1540,,03:00:00,Spring,3,Monday,17.21,1005.66,56.39,2.61,cloudy
835,2023-02-04,18:00:00,Winter,2,Saturday,1.17,1011.81,62.54,,cloudy
3152,2023-05-12,07:00:00,Spring,5,Friday,22.29,1015.92,59.37,16.77,CLOUDY
1647,2023-03-10,14:00:00,Spring,3,Friday,25.97,1013.83,76.47,,CLOUDY
3225,2023-05-15,08:00:00,Spring,5,Monday,17.79,1011.51,36.27,16.71,Cludy
1955,2023-03-23,10:00:00,Spring,3,Thursday,15.11,1005.83,48.27,13.41,foggy
636,2023-01-27,11:00:00,Winter,1,Friday,4.45,1002.93,51.74,10.15,sunny
650,2023-01-28,01:00:00,Winter,1,Sat,4.97,1014.69,73.0,9.05,Windy
131,2023-01-06,10:00:00,Winter,1,Friday,-0.35,1017.35,45.06,15.42,Cludy
448,2023-01-19,15:00:00,Winter,1,Thursday,9.6,1023.72,26.87,12.69,FOGGY
1224,2023-02-20,23:00:00,winter,2,monday,5.15,1012.01,,11.94,cloudy
1827,2023-03-18,02:00:00,Spring,3,SATURDAY,20.28,988.64,70.32,20.62,Stromy
1593,2023-03-08,08:00:00,spring,3,Wednesday,13.9,1009.59,51.12,10.87,Foggy
1323,2023-02-25,02:00:00,Winter,2,Saturday,4.97,1020.28,78.61,14.74,SUNNY
1619,2023-03-09,10:00:00,Spring,3,Thursday,18.65,993.95,27.55,15.7,Stormy
1999,2023-03-25,06:00:00,Spring,3,Saturday,26.19,1020.26,44.39,25.26,WINDY
ID_1950,2023-03-23,,Spring,3,Thursday,11.3,1010.44,57.16,1.0,Rainy 
1633,2023-03-10,00:00:00,Spring,3,friday,18.1,1006.58,63.68,14.76,windy
1855,2023-03-19,06:00:00,Spring,3,Sunday,21.91,1005.71,54.7,10.51,Rainy 
2314,2023-04-07,09:00:00,spring,4,Friday,15.82,1002.48,58.29,,WINDY
3207,2023-05-14,14:00:00,Spring,5,Sunday,15.27,1016.85,57.45,,Rainy 
2507,2023-04-15,10:00:00,Spring,4,Saturday,21.83,1024.82,,10.47,windy
159,2023-01-07,14:00:00,Winter,1,Sat,7.21,1009.58,39.82,2.07,FOGGY
786,2023-02-02,17:00:00,Winter,2,Thursday,12.23,995.98,53.51,8.38,Foggy
2214,2023-04-03,05:00:00,Spring,4,Monday,9.67,996.99,52.74,8.02,windy
2282,2023-04-06,01:00:00,SPRING,4,Thursday,21.03,1013.52,63.56,7.11,SUNNY
280,2023-01-12,15:00:00,Winter,1,Thursday,,1012.54,58.02,18.3,stormy
2645,2023-04-21,04:00:00,Spring,4,Friday,17.07,1009.17,60.83,10.39,CLOUDY
3260,2023-05-16,19:00:00,Spring,5,Tuesday,27.31,1007.97,65.53,20.03,foggy
1852,2023-03-19,03:00:00,Spring,3,Sunday,14.14,1026.32,49.37,, Foggy
2944,2023-05-03,15:00:00,Spring,5,Wednesday,20.9,1016.74,74.54,8.01,Cludy
3165,2023-05-12,20:00:00,spring,5,Friday,24.72,1018.21,62.1,15.7,SUNNY
1359,2023-02-26,14:00:00,Winter,2,Sunday,8.54,1010.24,65.32,8.32,Rainy
968,2023-02-10,07:00:00,Winter,2,Friday,8.7,1020.97,34.15,12.95,sunny
1924,2023-03-22,03:00:00,Spring,3,Wed,25.47,1011.72,64.28,20.73,windy
2658,2023/04/21,17:00:00,Spring,4,Friday,22.65,,73.22,12.63,cloudy
2339,2023-04-08,10:00:00,Spring,4,Saturday,12.96,1014.35,22.58,14.9, Foggy
1375,2023-02-27,06:00:00,Winter,2,Monday,7.36,1007.79,22.08,21.6,FOGGY
767,2023-02-01,22:00:00,Winter,2,Wednesday,0.43,1015.57,81.32,12.11,cloudy
2501,2023-04-15,04:00:00,Spring,4,Saturday,14.61,1010.56,46.04,12.66,Stromy
1433,2023-03-01,04:00 PM,Spring,3,Wednesday,18.68,1012.58,52.83,12.26,windy
525,2023-01-22,20:00:00,Winter,1,Sunday,11.35,1004.43,31.69,16.91,WINDY
2641,2023-04-21,00:00:00,SPRING,4,Friday,15.81,1017.89,55.56,11.09,Stromy
1093,2023-02-15,12:00:00,Winter,2,Wednesday,4.64,1014.79,28.87,8.72,rainy
1617,2023-03-09,08:00:00,Spring,3,Thursday,11.96,1019.47,42.25,9.1,rainy
1853,2023-03-19,04:00:00,Spring,3,Sunday,8.62,1022.44,70.78,12.58,Cludy
89,2023-01-04,16:00:00,Winter,1,Wednesday,12.29,1011.72,54.71,5.98,Cludy
2158,2023-03-31,21:00:00,Spring,3,Friday,21.23,1007.52,35.08,10.27,FOGGY
3008,2023-05-06,07:00:00,Spring,5,Saturday,10.98,1020.59,61.47,4.96,Cloudy
2429,2023-04-12,04:00:00,Spring,4,Wednesday,11.58,1010.35,,11.6,Windy
107,2023-01-05,10:00:00,Winter,1,Thursday,11.23,1023.95,,16.12,cloudy
589,2023-01-25,12:00:00,WINTER,1,Wednesday,11.42,1002.07,73.18,13.57,RAINY
2712,2023-04-23,23:00:00,Spring,4,Sunday,999.0,1011.34,74.05,19.77,Sunny 
2875,2023-04-30,18:00:00,Spring,4,Sunday,15.62,1007.69,51.38,9.4,Rainy
1579,2023-03-07,18:00:00,Spring,3,Tuesday,11.8,1017.86,71.52,16.3,Foggy
2541,2023-04-16,20:00:00,Spring,4,Sunday,10.53,1011.65,59.25,11.39,Windy
487,2023-01-21,06:00:00,Winter,1,Saturday,11.11,1010.04,60.66,11.82,sunny
1484,,19:00:00,Spring,3,Friday,18.51,994.49,80.1,14.65,Cludy
2520,2023-04-15,23:00:00,SPRING,4,Saturday,14.72,1004.37,60.38,5.76,Sunny
184,2023-01-08,15:00:00,Winter,1,Sunday,10.04,999.38,,14.84,CLOUDY
375,2023-01-16,14:00:00,Winter,1,Monday,18.31,1022.67,,15.56,Foggy
1988,24/03/2023,19:00:00,Spring,3,Friday,22.88,1013.07,33.77,17.87,Windy
418,2023-01-18,09:00:00,Winter,1,Wednesday,12.2,1017.37,51.42,9.8,Rainy
3022,2023-05-06,21:00:00,Spring,5,Saturday,13.98,,66.86,15.12,windy
369,2023-01-16,08:00:00,WINTER,1,Monday,7.33,1013.12,43.23,15.89,
1440,2023-03-01,23:00:00,Spring,3,Wednesday,20.85,1010.35,47.22,17.12,Cloudy
2717,2023-04-24,04:00:00,Spring,4,Monday,17.75,1024.77,57.67,7.23,  Sunny  
3158,2023-05-12,13:00:00,Spring,5,Friday,19.1,1001.53,83.94,11.38,CLOUDY
2305,2023-04-07,00:00:00,Spring,4,Friday,24.03,1015.15,41.5,9.52,SUNNY
2624,2023-04-20,07:00:00,Spring,4,Thursday,12.56,1007.53,44.41,10.44,FOGGY
1129,2023-02-17,00:00:00,Winter,2,friday,5.05,1005.52,52.33,6.52,foggy
2794,2023-04-27,09:00:00,Spring,4,Thursday,12.07,1010.4,64.92,15.06,Cludy
1085,2023-02-15,04:00:00,Winter,2,Wednesday,-0.31,1017.03,24.05,10.1,foggy
2838,2023-04-29,05:00:00,Spring,4,Saturday,24.92,1015.02,34.88,15.23,WINDY
687,2023-01-29,14:00:00,Winter,1,Sunday,-4.65,1010.63,58.62,5.09,FOGGY
3274,2023-05-17,09:00:00,Spring,5,Wednesday,20.26,1003.91,73.53,15.82,Windy
894,2023-02-07,05:00:00,WINTER,2,Tuesday,9.6,1014.55,35.95,13.72,stormy
3407,2023-05-22,22:00:00,Spring,5,Monday,15.04,1024.1,45.51,20.44,Sunny 
1126,2023-02-16,21:00:00,Winter,2,Thursday,3.21,1002.18,-15.0,14.48,sunny
2268,2023-04-05,11:00:00,Spring,4,Wednesday,25.46,1018.8,68.84,8.88,Cloudy
3198,2023-05-14,05:00:00,Spring,5,Sunday,13.12,1020.8,61.73,22.49,RAINY
3314,2023-05-19,01:00:00,Spring,5,Friday,13.46,1009.62,51.73,10.6,CLOUDY
3416,2023-05-23,07:00 AM,Spring,5,Tuesday,25.22,1017.64,78.38,1.16,Cloudy
2310,2023-04-07,05:00:00,Spring,4,Friday,20.68,999.63,42.42,4.72,Sunny
98,2023-01-05,01:00:00,Winter,1,Thursday,12.75,1008.38,41.52,14.95,
2778,2023-04-26,17:00:00,Spring,4,Wednesday,17.04,1002.28,42.23,17.8,WINDY
726,2023-01-31,05:00:00,Winter,1,Tuesday,7.77,,46.45,13.98,Stromy
548,2023-01-23,19:00:00,Winter,1,Monday,5.85,,31.03,14.77,
357,,20:00:00,Winter,1,Sunday,2.78,997.27,85.84,5.38,FOGGY
611,,10:00:00,Winter,1,Thursday,16.75,,35.62,16.14,Rainy 
2806,2023-04-27,21:00:00,Spring,4,Thursday,13.38,1010.84,53.86,2.03,Sunny 
2619,2023-04-20,02:00:00,SPRING,4,Thursday,15.51,1005.37,60.44,4.96,cloudy
1872,2023-03-19,23:00:00,Spring,3,sunday,16.31,1007.98,73.43,14.77,Cloudy
2304,2023-04-06,23:00:00,Spring,4,Thursday,24.07,1017.26,45.74,19.21, Foggy
1574,2023-03-07,01:00 PM,Spring,3,Tuesday,20.53,1016.49,,16.07,Rainy
1656,2023-03-10,23:00:00,Spring,3,Friday,,1014.54,60.48,11.77,stormy
748,2023-02-01,03:00:00,Winter,2,Wednesday,2.35,1032.29,77.75,15.61,Rainy
1133,2023-02-17,04:00:00,Winter,2,Friday,7.73,1008.59,57.52,17.67,WINDY
1025,2023-02-12,16:00:00,Winter,2,Sunday,10.98,1008.28,53.02,12.43,windy
854,2023-02-05,13:00:00,Winter,2,Sunday,17.96,1006.34,46.75,11.12,FOGGY
1674,2023-03-11,17:00:00,Spring,3,Saturday,16.81,1016.73,62.81,5.52,Rainy
2870,2023-04-30,13:00:00,SPRING,4,Sunday,23.86,1013.86,35.82,4.64,Stormy
372,2023-01-16,11:00:00,Winter,1,Monday,9.12,1020.46,33.72,1.44,foggy
63,2023-01-03,14:00:00,Winter,1,tuesday,16.83,,36.09,17.51,Windy
1941,2023-03-22,20:00:00,Spring,3,Wednesday,24.57,1018.71,39.61,15.64,Sunny 
1119,2023-02-16,14:00:00,Winter,2,Thursday,14.47,1017.35,67.69,15.08,sunny
3190,2023-05-13,21:00:00,SPRING,5,Saturday,20.11,1006.4,63.8,10.39,sunny
2317,2023-04-07,12:00:00,Spring,4,Friday,,1018.39,51.3,0.44,stormy
139,2023-01-06,18:00:00,Winter,1,Friday,13.84,1015.04,60.06,9.53,Sunny
674,2023-01-29,01:00:00,Winter,1,Sunday,7.8,1011.92,60.01,20.59,Stormy
2124,2023-03-30,11:00:00,Spring,3,Thursday,17.43,1008.56,40.19,16.45,RAINY
2533,2023-04-16,12:00:00,Spring,4,Sunday,18.83,1003.8,59.87,5.78,cloudy
2826,2023-04-28,17:00:00,Spring,4,Friday,19.1,1013.28,44.16,1.05,WINDY
607,2023-01-26,06:00:00,Winter,1,Thursday,0.34,1017.11,,11.63,
1118,2023-02-16,13:00:00,Winter,2,Thursday,150.0,1016.1,59.85,19.7,rainy
2430,2023-04-12,05:00:00,Spring,4,Wednesday,19.29,1004.47,63.92,8.32,foggy
3112,2023-05-10,15:00:00,Spring,5,Wednesday,13.73,1028.7,43.12,4.84,Cloudy
381,2023-01-16,20:00:00,Winter,1,Monday,14.11,1017.66,51.6,6.24,FOGGY
3331,2023-05-19,18:00:00,spring,5,Friday,14.28,1006.39,,12.11,SUNNY
1661,2023-03-11,04:00:00,Spring,3,Saturday,12.5,1027.37,42.2,7.98,RAINY
927,2023-02-08,14:00:00,WINTER,2,Wednesday,7.3,1015.46,47.13,20.11,Stromy
2372,2023-04-09,19:00:00,SPRING,4,Sunday,10.54,,52.57,19.17,WINDY
2257,2023-04-05,12:00 AM,Spring,4,Wednesday,18.24,1018.56,48.45,18.43,Stormy
2519,2023-04-15,22:00:00,Spring,4,Saturday,22.94,1016.67,68.77,10.14, Foggy
2799,2023-04-27,14:00:00,Spring,4,Thursday,16.6,1008.07,49.81,17.1,Sunny
1099,2023-02-15,18:00:00,winter,2,Wednesday,9.62,1008.74,67.59,3.85,RAINY
2970,05-04-2023,17:00:00,Spring,5,Thursday,17.03,1010.56,59.49,8.26,Windy
2450,2023-04-13,01:00:00,Spring,4,Thursday,17.74,1016.0,53.27,4.9,sunny
709,2023-01-30,12:00:00,Winter,1,Monday,15.81,1010.81,51.35,10.2,
2926,2023-05-02,21:00:00,spring,5,Tuesday,21.02,1018.02,30.08,21.3,Foggy
3220,15/05/2023,03:00:00,Spring,5,Monday,6.93,1019.54,67.41,17.06, Foggy
1031,2023-02-12,22:00:00,Winter,2,Sunday,4.96,,69.37,13.25,Foggy
673,2023-01-29,00:00:00,Winter,1,Sunday,11.78,1017.9,,10.54, Foggy
2683,2023-04-22,18:00:00,Spring,4,Saturday,6.54,1004.13,31.45,14.02,STORMY
3322,2023-05-19,09:00:00,Spring,5,Friday,16.01,1013.62,72.76,13.54,foggy
841,2023-02-05,00:00:00,Winter,2,Sunday,2.23,999.5,28.09,3.87,cloudy
1518,2023-03-05,05:00:00,spring,3,Sun,22.34,1009.02,63.65,2.95,Sunny
512,2023-01-22,07:00:00,Winter,1,Sunday,3.89,1021.97,55.0,11.94,Cludy
2894,2023-05-01,13:00:00,Spring,5,Monday,15.9,1013.17,46.13,13.97,Foggy
2523,2023-04-16,02:00:00,Spring,4,Sunday,21.85,1025.05,48.42,5.17,Windy
2223,2023-04-03,14:00:00,Spring,4,Monday,17.66,1010.89,,15.19,RAINY
898,2023-02-07,09:00:00,Winter,2,Tuesday,14.2,1009.83,71.03,15.62,Cloudy
1709,2023-03-13,04:00:00,Spring,3,Monday,12.24,1013.87,60.79,4.94,Stromy
1264,2023-02-22,15:00:00,Winter,2,Wednesday,,1010.83,36.75,5.27,WINDY
2293,2023-04-06,12:00:00,Spring,4,Thursday,19.36,1015.74,38.52,12.27,Foggy
412,2023-01-18,03:00:00,Winter,1,Wednesday,2.69,1016.43,52.19,17.91,Sunny 
2283,2023-04-06,02:00:00,Spring,4,Thursday,20.85,1020.96,73.31,24.08,Windy
2845,2023-04-29,12:00:00,Spring,4,Saturday,17.96,1020.81,63.77,12.34,WINDY
278,2023-01-12,13:00:00,Winter,1,Thursday,4.88,1028.31,,13.3,CLOUDY
2115,30/03/2023,02:00:00,Spring,3,Thursday,150.0,1013.19,42.03,21.54,Sunny 
3182,2023-05-13,13:00:00,Spring,5,Saturday,21.44,1020.96,67.22,10.17,CLOUDY
3273,2023-05-17,08:00:00,Spring,5,Wednesday,13.99,1028.54,48.23,12.92, Foggy
1812,2023-03-17,11:00:00,Spring,3,Friday,21.49,1007.97,53.24,12.09,SUNNY
312,2023-01-13,23:00:00,Winter,1,Friday,4.75,1003.21,,,Stormy
1289,2023-02-23,16:00:00,Winter,2,Thursday,10.59,1008.77,41.96,11.93,cloudy
91,2023-01-04,18:00:00,Winter,1,Wednesday,10.6,1025.26,53.37,14.41,Rainy 
744,2023-01-31,23:00:00,Winter,1,Tuesday,1.16,1028.9,68.67,12.63,Foggy
2962,2023-05-04,09:00:00,Spring,5,Thursday,18.36,1012.13,70.49,4.14,cloudy
121,2023-01-06,00:00:00,Winter,1,Friday,7.36,1005.36,30.9,13.22,windy
1401,2023-02-28,08:00:00,Winter,2,Tuesday,7.06,1012.17,51.79,17.82,Cludy
2913,2023-05-02,08:00:00,Spring,5,Tuesday,19.04,1020.89,77.37,300.0,SUNNY
2036,2023-03-26,19:00:00,Spring,3,Sunday,14.85,1007.13,33.3,9.21,Foggy
2878,2023-04-30,21:00:00,Spring,4,Sun,23.93,1021.49,70.13,-20.0,RAINY
599,2023-01-25,22:00:00,WINTER,1,Wednesday,0.52,1007.8,53.75,3.3,windy
2399,2023-04-10,22:00:00,Spring,4,Monday,24.26,1022.09,56.55,9.29,Sunny 
385,2023-01-17,00:00:00,Winter,1,Tuesday,10.57,1008.74,37.45,5.23,sunny
1246,2023-02-21,21:00:00,Winter,2,Tuesday,2.01,1020.1,59.3,11.12,windy
1811,2023-03-17,10:00:00,Spring,3,Friday,21.44,1009.45,42.19,8.14,Sunny 
2499,2023-04-15,02:00:00,Spring,4,Saturday,21.31,1001.01,72.91,19.81,windy
747,2023-02-01,02:00:00,Winter,2,Wednesday,-0.27,1005.32,53.16,12.56,Stromy
222,2023-01-10,05:00:00,Winter,1,Tuesday,11.41,1027.77,63.76,9.84,windy
2748,2023-04-25,11:00:00,Spring,4,Tuesday,21.12,1019.44,53.54,16.67,STORMY
188,2023-01-08,19:00:00,winter,1,Sunday,4.94,1001.75,41.15,3.89,Sunny
2168,01/04/2023,07:00:00,Spring,4,Saturday,19.92,1019.39,71.81,21.42,WINDY
261,2023-01-11,20:00:00,Winter,1,wednesday,16.42,1009.33,71.18,11.77, Foggy
3332,2023-05-19,19:00:00,Spring,5,Friday,20.83,1025.11,19.62,-19.67,Sunny
187,2023-01-08,18:00:00,Winter,1,Sunday,10.59,1007.19,57.8,7.47,Foggy
64,2023/01/03,15:00:00,Winter,1,Tuesday,N/A,1021.26,32.21,9.09, Foggy
2007,2023-03-25,14:00:00,Spring,3,Saturday,2.31,1011.9,37.87,,STORMY
688,2023-01-29,15:00:00,Winter,1,Sunday,,1011.36,81.33,21.44,Stromy
2560,2023-04-17,15:00:00,Spring,4,Monday,23.81,1011.52,32.41,17.04,Windy
240,2023-01-10,23:00:00,Winter,1,Tuesday,9.71,1016.65,63.55,14.69,Stromy
49,03/01/2023,00:00:00,Winter,1,Tuesday,9.07,1003.03,,14.31,rainy
393,2023-01-17,08:00:00,Winter,1,Tuesday,0.19,1008.77,66.91,4.47,
283,2023-01-12,18:00:00,Winter,1,Thursday,7.68,1015.63,59.82,14.53,CLOUDY
1609,2023/03/09,00:00:00,Spring,3,Thursday,10.59,1002.28,57.03,10.04,Cludy
576,2023-01-24,23:00:00,Winter,1,Tuesday,13.26,1005.02,49.24,13.5,stormy
1583,2023-03-07,22:00:00,Spring,3,Tuesday,24.96,1013.89,74.77,3.85,CLOUDY
2590,2023-04-18,21:00:00,Spring,4,Tuesday,20.5,997.07,49.58,12.73,windy
684,2023-01-29,11:00:00,Winter,1,Sunday,10.81,1005.96,84.81,8.81,WINDY
1009,2023-02-12,00:00:00,Winter,2,Sunday,2.24,990.29,42.86,17.74,Rainy 
2892,2023-05-01,11:00:00,Spring,5,Monday,23.35,1012.97,57.77,10.51,cloudy
510,2023-01-22,05:00:00,Winter,1,Sunday,9.96,1008.93,54.62,1.39,stormy
182,2023-01-08,13:00:00,Winter,1,Sunday,8.85,1011.53,55.28,14.09,Rainy
2048,2023-03-27,07:00:00,Spring,3,Monday,21.41,1020.57,64.06,9.54,stormy
1524,2023-03-05,11:00:00,Spring,3,Sunday,17.19,1006.03,56.08,16.43,Foggy
81,2023-01-04,08:00:00,Winter,1,Wednesday,,1017.76,42.73,24.55,windy
2731,24/04/2023,18:00:00,Spring,4,Monday,,1002.11,80.38,10.44,Rainy 
1263,2023-02-22,14:00:00,Winter,2,Wednesday,13.61,1011.51,65.94,14.11,sunny
2635,2023-04-20,18:00:00,Spring,4,Thursday,23.49,1003.62,27.71,23.21,Foggy
3117,2023-05-10,08:00 PM,Spring,5,Wednesday,19.29,1010.69,50.65,14.53,WINDY
1082,2023-02-15,01:00:00,Winter,2,Wednesday,4.19,1021.29,46.07,17.4,Cloudy
2110,2023-03-29,21:00:00,Spring,3,Wednesday,18.79,1014.56,54.64,15.06,Sunny 
2432,2023-04-12,07:00:00,Spring,4,Wednesday,14.25,1010.6,,3.75,WINDY
856,2023-02-05,15:00:00,Winter,2,Sunday,4.96,1012.38,61.39,14.51,SUNNY
2520,2023-04-15,23:00:00,SPRING,4,Saturday,14.72,1004.37,60.38,5.76,Sunny
1485,2023-03-03,20:00:00,Spring,3,Friday,24.14,1000.36,73.67,25.39,
1615,2023-03-09,06:00:00,Spring,3,Thursday,12.09,1020.97,44.53,300.0,Sunny 
2240,2023-04-04,07:00:00,Spring,4,Tuesday,12.19,1010.14,69.3,10.2,Stromy
969,2023-02-10,08:00:00,Winter,2,Friday,2.51,1001.18,43.91,19.15,
3032,2023-05-07,07:00:00,Spring,5,Sunday,22.49,1008.14,52.97,16.72,Sunny
78,2023-01-04,05:00:00,Winter,1,Wednesday,10.74,1011.38,51.73,18.59,stormy
3113,2023-05-10,16:00:00,Spring,5,Wednesday,19.6,1012.12,52.07,,stormy
1104,2023/02/15,23:00:00,WINTER,2,Wednesday,2.71,993.02,58.01,15.65,RAINY
2390,2023-04-10,13:00:00,SPRING,4,Monday,10.64,1018.87,46.38,9.99,WINDY
3030,2023-05-07,05:00:00,Spring,5,Sunday,18.85,1016.86,43.61,,stormy
2999,2023-05-05,22:00:00,SPRING,5,Friday,15.97,1005.42,61.77,4.91,STORMY
1989,2023-03-24,20:00:00,Spring,3,Friday,16.65,1001.88,75.28,24.6,CLOUDY
2402,2023-04-11,01:00:00,Spring,4,Tuesday,22.29,1025.2,12.97,14.61,WINDY
1450,2023-03-02,09:00:00,Spring,3,Thursday,33.49,1010.93,62.65,8.1,Rainy
3420,2023-05-23,11:00:00,Spring,5,Tuesday,16.23,1013.68,,NA,Foggy
455,2023-01-19,22:00:00,Winter,1,Thursday,-2.76,1007.25,51.83,6.08,  WINDY  
2247,2023-04-04,14:00:00,Spring,4,Tuesday,,1026.33,44.82,8.32,CLOUDY
778,2023-02-02,09:00:00,Winter,2,Thursday,10.25,998.04,37.57,10.3,Rainy
2572,18/04/2023,03:00:00,Spring,4,Tuesday,18.61,1015.51,,12.06,FOGGY
1229,2023-02-21,04:00:00,Winter,2,Tuesday,12.14,1014.26,35.92,13.27, Foggy
3335,2023-05-19,22:00:00,Spring,5,Friday,17.04,1008.2,,9.07,Rainy 
1655,2023-03-10,22:00:00,Spring,3,Friday,23.45,1031.92,,10.65,SUNNY
774,2023-02-02,05:00:00,Winter,2,Thursday,,1016.36,42.04,19.68,Cludy
2638,2023-04-20,21:00:00,Spring,4,Thursday,16.06,1018.7,44.66,3.54,stormy
915,2023-02-08,02:00:00,Winter,2,wednesday,8.04,996.31,57.41,25.28,
980,2023-02-10,19:00:00,Winter,2,Friday,7.56,1017.39,69.24,11.64, Foggy
1112,2023-02-16,07:00:00,Winter,2,Thursday,-1.68,1006.91,41.83,12.6,Rainy 
1898,,01:00:00,SPRING,3,Tuesday,19.98,1014.36,42.3,15.65,Rainy
1895,2023-03-20,22:00:00,Spring,3,Monday,7.24,1012.75,,3.43,SUNNY
1659,2023-03-11,02:00:00,Spring,3,Saturday,16.03,1006.9,43.59,,Stormy
1444,2023-03-02,03:00:00,Spring,3,Thursday,21.49,1006.31,59.62,4.18,Sunny
539,2023-01-23,10:00:00,Winter,1,Monday,8.1,,36.1,8.3,RAINY
1131,2023-02-17,02:00:00,Winter,2,FRIDAY,5.56,1021.59,62.45,24.45,Rainy
1847,2023-03-18,22:00:00,Spring,3,Saturday,16.76,1015.51,50.26,13.89,rainy
2083,2023-03-28,18:00:00,Spring,3,Tuesday,18.28,1012.0,51.77,18.86,Cloudy
2220,2023-04-03,11:00:00,Spring,4,Monday,16.62,1003.2,63.5,8.11,windy
99,2023-01-05,02:00:00,WINTER,1,Thursday,1.4,1027.65,72.69,9.18,WINDY
632,2023-01-27,07:00:00,Winter,1,FRIDAY,12.61,1016.86,61.3,15.64,Stormy
2265,2023-04-05,08:00:00,Spring,4,Wednesday,17.08,,32.77,18.91,stormy
207,2023-01-09,14:00:00,Winter,1,Monday,5.77,1024.63,78.69,8.86,Foggy
738,2023-01-31,17:00:00,Winter,1,Tuesday,7.07,999.96,,,  foggy  
2988,2023-05-05,11:00:00,Spring,5,Friday,13.88,1003.39,74.11,3.32,FOGGY
396,2023-01-17,11:00:00,Winter,1,Tuesday,9.0,1022.19,39.76,12.37,Rainy
1995,2023-03-25,02:00:00,Spring,3,Saturday,13.06,1018.78,56.28,1.71,FOGGY
463,2023-01-20,06:00:00,WINTER,1,Friday,12.85,1016.42,45.31,22.65,CLOUDY
2459,2023-04-13,10:00:00,Spring,4,Thursday,15.72,1010.17,87.48,18.33,
146,2023-01-07,01:00:00,Winter,1,Saturday,9.69,1009.68,64.49,25.62,  Cloudy  
2912,2023-05-02,07:00:00,Spring,5,Tuesday,20.55,1018.74,72.2,,WINDY
299,2023-01-13,10:00:00,Winter,1,Friday,,1015.56,31.11,14.64, Foggy
1124,2023-02-16,19:00:00,Winter,2,Thursday,5.05,1009.33,67.85,22.06,FOGGY
2620,2023-04-20,03:00:00,spring,4,Thursday,13.03,1022.22,83.51,14.36,Foggy
1945,2023-03-23,00:00:00,Spring,3,Thursday,23.2,1004.85,,6.36,SUNNY
506,2023-01-22,01:00:00,Winter,1,Sunday,8.3,1015.22,75.41,4.15,RAINY
2540,2023-04-16,19:00:00,Spring,4,Sunday,,1008.02,62.54,19.27,foggy
2237,2023-04-04,04:00:00,Spring,4,Tuesday,13.06,1011.82,52.01,,Stormy
2897,2023-05-01,16:00:00,Spring,5,Monday,20.78,1021.67,45.91,6.34, Foggy
88,2023-01-04,15:00:00,Winter,1,Wednesday,4.41,1011.29,59.66,20.85,sunny
1707,2023-03-13,02:00:00,Spring,3,Monday,21.75,1008.22,32.57,-11.93,Stormy
1413,2023-02-28,20:00:00,Winter,2,Tuesday,15.24,1020.51,52.36,12.5,FOGGY
3334,2023-05-19,21:00:00,Spring,5,Friday,20.44,1032.08,70.05,19.59, Foggy
314,2023-01-14,01:00:00,Winter,1,Saturday,,200.0,73.42,4.74,Cludy
2189,2023-04-02,04:00:00,spring,4,Sunday,21.1,1010.0,45.16,19.62,windy
2627,2023-04-20,10:00:00,Spring,4,Thursday,,1019.11,49.12,0.7,stormy
2228,2023-04-03,19:00:00,spring,4,Monday,20.82,1018.48,41.81,7.08,STORMY
1152,2023-02-17,23:00:00,Winter,2,Friday,2.54,1010.97,49.82,14.94,FOGGY
420,2023-01-18,11:00:00,Winter,1,Wednesday,14.09,1025.17,69.97,9.41,sunny
3367,2023-05-21,06:00:00,Spring,5,Sunday,19.3,1023.54,63.6,12.35,sunny
1453,02/03/2023,12:00:00,spring,3,Thursday,31.52,1011.15,71.55,20.65,Sunny
284,2023-01-12,19:00:00,Winter,1,Thursday,16.07,1016.63,51.34,17.78,RAINY
380,2023-01-16,07:00 PM,Winter,1,Monday,15.57,1018.05,39.64,23.12,FOGGY
1347,2023-02-26,02:00:00,Winter,2,Sunday,12.21,1013.19,75.27,2.92,
605,2023-01-26,04:00:00,Winter,1,Thursday,10.76,1015.72,60.86,4.04,
2262,2023-04-05,05:00:00,Spring,4,Wednesday,16.49,1001.12,74.17,300.0,Cludy
2346,2023-04-08,17:00:00,Spring,4,Saturday,17.99,1004.46,36.11,5.97,RAINY
1925,2023-03-22,04:00:00,Spring,3,Wednesday,23.16,,61.67,,Rainy 
259,2023-01-11,18:00:00,Winter,1,Wednesday,10.0,1018.18,47.75,21.44,sunny
1584,2023-03-07,23:00:00,Spring,3,TUESDAY,15.78,1500.0,53.28,12.5,SUNNY
2477,2023-04-14,04:00:00,Spring,4,Friday,22.85,1002.93,64.55,25.94,Sunny 
1577,2023-03-07,16:00:00,Spring,3,Tuesday,8.26,1020.83,,17.14,Sunny
2322,,17:00:00,Spring,4,Friday,18.99,992.83,61.43,14.35,CLOUDY
2844,2023-04-29,11:00:00,Spring,4,Saturday,,1010.96,38.36,1.91,Windy
984,2023-02-10,23:00:00,Winter,2,Friday,12.44,,55.9,14.33,Windy
1860,2023-03-19,11:00:00,Spring,3,Sunday,14.14,1012.54,32.29,15.79,Sunny
879,2023-02-06,14:00:00,Winter,2,Monday,16.56,999.02,61.52,14.85,Cludy
1244,2023-02-21,19:00:00,Winter,2,Tuesday,2.96,996.31,32.92,3.76,SUNNY
2242,2023-04-04,09:00:00,Spring,4,Tuesday,,1000.64,49.55,13.78,Foggy
1317,2023-02-24,20:00:00,Winter,2,Friday,13.96,1006.45,71.38,8.71,Cloudy
1687,2023-03-12,06:00:00,Spring,3,Sunday,12.99,1005.62,40.68,15.11,STORMY
996,11-Feb-2023,11:00:00,Winter,2,Saturday,14.81,,102.28,,cloudy
2067,2023-03-28,02:00:00,SPRING,3,Tuesday,6.92,1011.44,67.55,5.59,CLOUDY
1282,2023-02-23,09:00:00,Winter,2,Thursday,11.45,1007.53,50.89,11.91,Foggy
2585,2023-04-18,16:00:00,Spring,4,Tue,13.89,1025.99,47.08,-,Windy
1704,2023-03-12,23:00:00,Spring,3,Sunday,13.81,996.14,33.64,13.07,Cloudy
2406,2023-04-11,05:00:00,Spring,4,Tuesday,19.81,1008.92,57.73,17.35,Stromy
433,2023-01-19,00:00:00,Winter,1,Thursday,9.84,1027.71,51.65,9.9,rainy
219,2023-01-10,02:00:00,Winter,1,Tue,1.1,1007.15,54.5,22.77,rainy
1270,2023-02-22,21:00:00,Winter,2,Wednesday,8.21,1021.3,60.02,20.87,  Stromy  
1916,2023-03-21,19:00:00,Spring,3,Tuesday,24.86,1014.14,44.91,15.98,Cloudy
1714,2023-03-13,09:00:00,Spring,3,Monday,,999.19,55.34,22.16,sunny
2537,04-16-2023,16:00:00,Spring,4,Sunday,19.13,1021.94,37.46,11.1,Cloudy
2419,2023-04-11,18:00:00,Spring,4,Tuesday,12.86,,64.38,20.91,WINDY
3244,2023-05-16,03:00:00,Spring,5,Tuesday,16.86,1014.85,150.0,16.74,cloudy
1848,2023-03-18,23:00:00,Spring,3,Sat,20.2,1019.67,74.24,12.47,Cloudy
563,2023-01-24,10:00:00,Winter,1,Tuesday,7.05,1020.37,53.09,,Cludy
255,2023-01-11,14:00:00,WINTER,1,Wednesday,4.74,1009.13,50.19,14.54,sunny
22,2023-01-01,21:00:00,Winter,1,Sunday,3.96,1008.99,68.73,13.97,Sunny 
993,2023-02-11,08:00:00,Winter,2,Saturday,18.08,1023.33,49.04,5.39,WINDY
1992,2023-03-24,23:00:00,Spring,3,Friday,15.2,1009.32,70.45,, Foggy
2900,2023-05-01,19:00:00,Spring,5,Monday,9.82,1033.19,,11.28,Windy
2727,2023-04-24,14:00:00,Spring,4,monday,17.59,999.36,42.48,14.02,Rainy 
262,2023-01-11,21:00:00,Winter,1,Wednesday,7.14,1020.07,64.78,2.54,stormy
1236,2023-02-21,11:00:00,Winter,2,Tuesday,10.94,1011.35,,7.63,CLOUDY
858,2023-02-05,17:00:00,Winter,2,Sunday,10.22,1021.81,62.0,20.08,Rainy
2910,2023-05-02,05:00:00,Spring,5,Tuesday,17.75,1010.99,51.86,15.65,rainy
1580,2023-03-07,19:00:00,Spring,3,Tuesday,29.62,1008.77,69.36,11.36,foggy
1398,2023-02-28,05:00:00,Winter,2,Tuesday,13.93,1025.32,46.7,10.48,rainy
192,2023-01-08,23:00:00,Winter,1,Sunday,13.75,1007.37,,22.62,foggy
1837,18/03/2023,12:00:00,Spring,3,Saturday,15.74,1004.86,42.67,4.27,CLOUDY
3390,2023-05-22,05:00:00,Spring,5,Monday,9.14,1007.37,64.63,15.03,Cloudy
2821,2023-04-28,12:00:00,Spring,4,Friday,,1010.31,50.38,9.92,Rainy
2384,2023-04-10,07:00:00,Spring,4,Monday,10.37,1008.22,67.3,,Cloudy
1372,2023-02-27,03:00:00,Winter,2,Monday,-3.92,1018.96,57.01,14.57,  RAINY  
2300,2023-04-06,19:00:00,Spring,4,Thursday,25.69,1024.31,,9.25,WINDY
2916,2023-05-02,11:00:00,Spring,5,Tuesday,,1008.27,78.22,8.23,Windy
1231,2023-02-21,06:00:00,WINTER,2,Tuesday,16.32,1015.44,63.81,20.49,sunny
645,2023-01-27,20:00:00,winter,1,Friday,,1020.97,,22.55,rainy
2771,2023-04-26,10:00:00,Spring,4,Wednesday,,1026.84,,9.42,Rainy 
465,2023-01-20,08:00:00,WINTER,1,Friday,14.96,1011.0,59.33,13.56,Rainy 
627,2023-01-27,02:00:00,Winter,1,Friday,2.57,1006.4,,19.47,Rainy
1319,2023-02-24,22:00:00,Winter,2,Friday,2.0,1018.59,48.85,16.7,cloudy
3251,2023-05-16,10:00:00,Spring,5,Tuesday,18.06,1017.22,30.83,6.48,Rainy
2711,2023-04-23,22:00:00,Spring,4,Sunday,11.6,1004.01,42.56,15.55,CLOUDY
2472,2023-04-13,23:00:00,Spring,4,Thursday,20.72,1004.24,52.9,9.99,WINDY
2295,2023-04-06,14:00:00,Spring,4,Thursday,24.29,1008.73,39.6,,
658,2023-01-28,09:00:00,Winter,1,Saturday,5.78,1009.16,59.45,14.78,Sunny 
893,2023-02-07,04:00:00,Winter,2,Tuesday,9.12,1020.23,50.54,19.87,windy
2636,2023-04-20,19:00:00,Spring,4,Thursday,11.03,1014.47,56.04,4.86,rainy
303,2023-01-13,14:00:00,Winter,1,Friday,0.99,1027.0,36.34,7.84,Rainy 
571,2023-01-24,18:00:00,Winter,1,Tuesday,-0.63,1007.58,72.91,6.11,WINDY
1063,2023-02-14,06:00:00,Winter,2,Tuesday,10.46,1012.54,71.13,13.26,RAINY
3074,2023-05-09,01:00:00,Spring,5,Tuesday,23.63,1025.82,,19.62,SUNNY
2546,2023-04-17,01:00:00,Spring,4,Monday,10.9,1014.79,66.05,-15.71,cloudy
2389,2023-04-10,12:00:00,Spring,4,Monday,,1011.19,48.54,24.05,Sunny
678,2023-01-29,05:00:00,Winter,1,Sunday,6.24,1025.51,42.72,21.19,Stromy
319,2023-01-14,06:00:00,WINTER,1,Saturday,2.54,1010.47,73.2,12.85,Rainy 
237,2023-01-10,20:00:00,Winter,1,tuesday,17.23,1004.44,32.12,7.85,STORMY
2813,2023-04-28,04:00:00,spring,4,Friday,24.19,1010.94,74.25,,Stromy
77,2023-01-04,04:00:00,Winter,1,wednesday,7.9,,74.16,8.45,STORMY
794,2023-02-03,01:00:00,Winter,2,Friday,1.41,1019.21,39.97,7.49,Cloudy
1736,2023-03-14,07:00:00,Spring,3,Tuesday,15.86,1020.72,74.5,17.76,windy
899,2023-02-07,10:00:00,Winter,2,Tuesday,19.52,1001.16,73.89,18.88,Stromy
1840,2023-03-18,15:00:00,Spring,3,Saturday,19.53,1011.15,37.12,23.66,foggy
730,2023-01-31,09:00:00,Winter,1,Tue,7.12,1018.35,56.47,19.78,Windy
3147,2023-05-12,02:00:00,Spring,5,Friday,14.5,1013.48,76.3,13.62,Stormy
1102,2023-02-15,09:00 PM,Winter,2,Wednesday,7.37,1019.78,53.27,9.69,Stromy
2100,2023-03-29,11:00:00,Spring,3,Wednesday,22.63,1014.35,65.15,11.77,stormy
1752,2023-03-14,23:00:00,Spring,3,Tuesday,21.54,1019.22,79.12,20.12,Sunny 
3361,2023-05-21,,Spring,5,Sunday,24.36,1012.5,55.94,14.04,
1215,,14:00:00,Winter,2,Monday,12.35,1020.59,56.96,11.15,  Rainy   
2009,2023-03-25,16:00:00,Spring,3,Saturday,25.06,1019.28,50.1,23.91,Windy
3421,2023-05-23,12:00:00,Spring,5,Tuesday,9.52,1015.94,44.56,17.19,Stromy
2811,2023-04-28,02:00:00,Spring,4,Friday,16.92,1022.1,49.7,13.36,Cloudy
2313,2023-04-07,08:00:00,spring,4,Friday,24.65,999.6,42.9,22.06,  sunny  
2410,2023-04-11,09:00:00,Spring,4,Tuesday,17.62,1024.98,45.83,10.56,RAINY
799,2023-02-03,06:00:00,Winter,2,FRIDAY,19.41,1008.06,31.97,0.72,FOGGY
295,2023-01-13,06:00:00,Winter,1,Friday,-0.46,1012.21,40.17,5.38,Foggy
1174,2023-02-18,21:00:00,Winter,2,Saturday,12.76,1017.22,52.14,10.81, Foggy
2599,2023-04-19,06:00:00,Spring,4,Wednesday,23.45,1010.13,65.76,6.84,
3267,2023-05-17,02:00 AM,Spring,5,Wednesday,18.33,1026.42,90.98,15.19,Cloudy
1759,2023-03-15,06:00:00,Spring,3,Wednesday,20.5,1005.14,,19.34,  WINDY  
1388,2023-02-27,19:00:00,Winter,2,Mon,5.54,1023.62,40.41,14.44,WINDY
2788,2023-04-27,03:00:00,Spring,4,Thursday,11.61,1020.29,53.89,9.54,Stromy
1008,2023-02-11,23:00:00,Winter,2,Saturday,15.99,1019.42,67.93,3.5,Stromy
2114,2023-03-30,01:00 AM,Spring,3,Thursday,13.57,1008.0,38.48,16.39,Stormy
3184,2023-05-13,15:00:00,Spring,5,Saturday,,1029.32,48.93,10.89,
2982,05-05-2023,05:00:00,Spring,5,friday,15.52,1013.59,91.6,13.81,WINDY
3060,2023-05-08,11:00:00,Spring,5,Monday,29.51,1006.9,,9.64,Windy
1551,2023-03-06,14:00:00,Spring,3,Monday,15.24,1004.22,89.38,23.2,stormy
1772,2023-03-15,19:00:00,Spring,3,Wednesday,16.46,996.16,57.07,0.68,cloudy
2756,2023-04-25,19:00:00,Spring,4,Tuesday,20.77,1000.01,66.45,300.0,foggy
2998,2023-05-05,21:00:00,Spring,5,Fri,30.73,1026.7,47.16,3.29,Cludy
1455,2023-03-02,14:00:00,Spring,3,Thursday,13.93,1014.41,36.25,10.41,RAINY
185,2023-01-08,16:00:00,Winter,1,Sunday,9.28,1020.86,79.98,18.09,Cludy
1297,2023-02-24,00:00:00,WINTER,2,Friday,13.2,997.36,49.47,13.28,cloudy
1665,2023-03-11,08:00:00,Spring,3,Saturday,,1025.29,53.33,13.79,SUNNY
1799,2023-03-16,22:00:00,Spring,3,Thursday,17.59,1020.93,66.21,13.79,cloudy
3349,2023-05-20,12:00:00,Spring,5,Saturday,20.27,1004.85,60.4,10.63,RAINY
247,2023-01-11,06:00:00,Winter,1,Wednesday,7.98,1003.73,77.55,17.26,
2281,2023-04-06,00:00:00,Spring,4,Thursday,7.04,1001.62,65.22,12.08,FOGGY
741,31-Jan-2023,20:00:00,Winter,1,Tuesday,3.88,1008.13,47.07,5.66,Sunny 
1354,2023-02-26,09:00:00,winter,2,sunday,4.18,1020.01,44.36,15.87,WINDY
2211,2023/04/03,02:00:00,Spring,4,Monday,14.47,1018.76,53.95,,Foggy
126,2023-01-06,05:00 AM,Winter,1,Friday,12.63,1028.28,34.02,15.38,Windy
1936,2023-03-22,15:00:00,Spring,3,Wednesday,21.55,1011.88,45.53,15.6,Foggy
337,2023-01-15,00:00:00,Winter,1,sunday,,1001.12,16.69,17.61,CLOUDY
851,2023-02-05,10:00:00,Winter,2,Sunday,10.46,1017.56,57.93,11.41,Cludy
1285,2023-02-23,12:00:00,Winter,2,Thursday,10.4,1018.83,44.61,8.05,SUNNY
1710,2023-03-13,05:00:00,Spring,3,Monday,22.64,998.84,46.33,10.45,STORMY
2828,2023-04-28,19:00:00,Spring,4,Friday,,1003.95,53.11,5.56,WINDY
2634,2023-04-20,17:00:00,Spring,4,Thursday,15.83,1019.52,30.66,4.72,Rainy
1416,2023-02-28,23:00:00,Winter,2,Tuesday,7.73,1005.62,55.11,3.13,Rainy 
2688,2023-04-22,23:00:00,Spring,4,Saturday,8.53,1011.72,59.88,18.6,FOGGY
2004,2023-03-25,11:00:00,Spring,3,Saturday,17.43,1012.55,49.34,20.07,RAINY
475,2023-01-20,18:00:00,Winter,1,Friday,6.71,1025.79,,10.23,Stromy
1705,2023-03-13,00:00:00,Spring,3,Monday,8.18,1001.15,54.96,8.74,Foggy
2185,2023-04-02,00:00:00,Spring,4,Sunday,19.04,1011.09,77.17,,RAINY
1887,2023-03-20,14:00:00,Spring,3,Monday,23.29,1016.76,55.18,6.12,Sunny 
3291,2023-05-18,02:00:00,spring,5,Thursday,17.59,1010.07,57.78,15.79,WINDY
2505,2023-04-15,08:00:00,Spring,4,Saturday,12.63,1016.67,44.28,22.77,Rainy 
1171,2023-02-18,18:00:00,Winter,2,Saturday,6.84,null,77.07,7.8,cloudy
2160,2023-03-31,23:00:00,Spring,3,Friday,24.37,1003.91,62.64,,Cloudy
2532,2023-04-16,11:00:00,Spring,4,Sunday,16.6,1011.98,,4.33,  WINDY  
895,2023-02-07,06:00:00,Winter,2,Tuesday,3.84,1007.89,42.77,5.6,Stromy
361,2023-01-16,00:00:00,Winter,1,Monday,11.31,1022.39,57.72,4.22, Foggy
719,2023-01-30,22:00:00,Winter,1,Monday,150.0,1008.32,54.53,6.54,Rainy 
1146,2023-02-17,17:00:00,Winter,2,Friday,,1005.12,54.91,16.7,Cludy
2468,2023-04-13,19:00:00,Spring,4,Thursday,19.9,1010.51,55.88,4.63,Sunny
3076,2023-05-09,03:00:00,Spring,5,Tuesday,19.14,1012.38,74.43,14.43,Sunny
811,2023-02-03,18:00:00,Winter,2,Friday,8.06,1035.95,29.97,18.35,Rainy 
472,2023-01-20,15:00:00,Winter,1,Friday,7.87,1015.24,42.86,14.54,Foggy
2527,2023-04-16,06:00:00,Spring,4,Sunday,13.71,1008.63,63.44,11.36,Cludy
323,2023-01-14,10:00:00,Winter,1,Saturday,2.48,995.78,60.83,26.96,Stormy
2605,2023-04-19,12:00:00,Spring,4,Wed,24.36,1014.74,67.82,12.06,CLOUDY
2677,2023-04-22,12:00:00,Spring,4,Saturday,20.94,1007.35,,6.64,FOGGY
2144,2023-03-31,07:00:00,Spring,3,Friday,20.05,1022.72,52.83,14.43,foggy
949,2023-02-09,12:00:00,Winter,2,Thursday,9.29,1011.07,55.12,-10.05,Cloudy
2951,2023-05-03,22:00:00,Spring,5,Wednesday,18.0,1013.27,47.31,9.34,Sunny
1867,2023-03-19,18:00:00,Spring,3,Sunday,28.56,1006.12,50.15,9.8,Windy
2906,2023-05-02,01:00:00,Spring,5,Tuesday,16.43,1023.6,150.0,6.17,Rainy 
2480,2023-04-14,07:00:00,Spring,4,Friday,24.58,1008.69,52.19,12.57,Stromy
391,2023-01-17,06:00:00,Winter,1,Tuesday,7.89,1007.02,18.64,17.3,sunny
271,2023-01-12,06:00:00,Winter,1,Thu,6.26,1010.21,50.18,24.46,Sunny 
440,2023-01-19,07:00:00,Winter,1,Thursday,7.31,1020.62,79.18,19.89,WINDY
437,2023-01-19,04:00:00,Winter,1,Thursday,3.36,1014.91,,15.01,rainy
1325,2023-02-25,04:00:00,Winter,2,Saturday,8.4,1019.07,65.44,13.67,Windy
1489,2023-03-04,00:00:00,Spring,3,Saturday,,1019.48,62.96,17.15,windy
2766,2023-04-26,05:00:00,Spring,4,Wednesday,12.09,,28.16,18.04,stormy
689,2023-01-29,16:00:00,Winter,1,Sunday,5.67,1011.79,53.89,9.29,Stormy
3173,2023-05-13,04:00 AM,Spring,5,Saturday,23.86,1012.25,48.92,12.78,rainy
3298,2023-05-18,09:00:00,Spring,5,Thursday,22.28,1012.89,42.02,7.39,windy
102,2023-01-05,05:00:00,Winter,1,thursday,5.75,1017.98,38.99,11.15,  Stormy  
2046,2023-03-27,05:00:00,Spring,3,Monday,1.79,1015.38,54.97,, Foggy
2176,2023-04-01,15:00:00,Spring,4,Saturday,25.96,1008.3,33.35,15.83,Stormy
3381,2023-05-21,20:00:00,Spring,5,Sunday,15.82,1006.0,,9.76,FOGGY
743,2023-01-31,22:00:00,Winter,1,Tuesday,-1.1,1015.16,26.32,11.59,Foggy
3011,2023-05-06,10:00:00,Spring,5,Saturday,19.63,1012.19,53.53,16.86,STORMY
3033,2023-05-07,,Spring,5,Sunday,23.86,1008.81,84.4,,cloudy
1181,2023-02-19,04:00:00,Winter,2,Sunday,13.04,1017.14,55.39,10.18,Windy
2301,2023-04-06,20:00:00,Spring,4,Thursday,26.32,1009.19,47.64,10.3,Rainy
1820,2023-03-17,19:00:00,SPRING,3,Fri,12.73,1012.46,53.76,16.62,windy
2942,2023-05-03,01:00 PM,Spring,5,Wednesday,17.65,1018.8,52.18,5.77,Sunny
1385,2023-02-27,16:00:00,Winter,2,Monday,2.72,1010.17,36.51,17.71,SUNNY
404,2023-01-17,19:00:00,winter,1,Tuesday,999.0,1012.38,52.29,31.16,Cloudy
1939,03-22-2023,18:00:00,Spring,3,Wednesday,22.05,1007.2,55.81,12.75,WINDY
3031,2023-05-07,06:00:00,Spring,5,SUNDAY,22.73,1012.36,59.28,10.16, Foggy
167,2023-01-07,22:00:00,Winter,1,Saturday,4.44,1013.85,51.18,21.02,Cludy
3146,2023-05-12,01:00:00,Spring,5,Friday,19.74,1009.87,53.55,21.68,RAINY
3394,2023-05-22,09:00:00,Spring,5,Monday,18.4,1005.39,56.57,11.13,WINDY
156,2023/01/07,11:00:00,Winter,1,Saturday,4.05,1016.77,83.23,20.07,CLOUDY
2895,2023-05-01,14:00:00,Spring,5,Monday,15.31,1016.75,73.24,,windy
2105,2023-03-29,16:00:00,Spring,3,Wednesday,17.68,1013.74,46.75,8.94,
1361,2023-02-26,16:00:00,Winter,2,Sunday,4.99,1007.93,42.24,, Foggy
257,2023-01-11,16:00:00,Winter,1,Wednesday,16.64,1016.49,55.57,12.72,cloudy
2086,2023-03-28,21:00:00,Spring,3,Tuesday,18.44,1012.87,93.75,4.02,  WINDY  
3245,2023-05-16,04:00:00,Spring,5,Tuesday,21.93,,62.87,,STORMY
1438,2023-03-01,21:00:00,Spring,3,Wednesday,,1005.19,54.32,300.0,sunny
3279,2023-05-17,14:00:00,Spring,5,Wednesday,22.36,1011.67,95.19,8.37,Foggy
3393,2023-05-22,08:00:00,Spring,5,Monday,14.98,996.3,50.59,5.47,Sunny
1182,2023-02-19,05:00:00,Winter,2,Sunday,7.6,987.64,58.16,9.07,sunny
2456,2023-04-13,07:00:00,Spring,4,Thursday,19.48,1016.16,42.9,9.24,sunny
14,2023-01-01,13:00:00,winter,1,Sunday,4.62,1017.89,70.46,17.59,sunny
3321,2023-05-19,08:00:00,Spring,5,Friday,15.85,1013.64,56.82,6.27,rainy
3350,2023-05-20,13:00:00,Spring,5,Saturday,19.41,1007.2,46.22,19.04,SUNNY
1392,2023-02-27,23:00:00,Winter,2,Monday,8.16,1018.52,71.32,16.15,Rainy 
180,2023-01-08,11:00:00,Winter,1,Sunday,8.57,1014.2,49.55,11.66,Rainy
417,2023-01-18,08:00:00,Winter,1,Wednesday,14.48,1012.82,40.01,8.97,Rainy 
2024,2023-03-26,07:00:00,Spring,3,Sunday,17.48,1009.08,55.63,27.82,
2057,2023-03-27,16:00:00,Spring,3,Monday,22.61,1009.16,48.51,25.11,Stromy
1338,2023-02-25,17:00:00,Winter,2,Saturday,-1.99,1013.27,,14.25,cloudy
2661,2023-04-21,20:00:00,Spring,4,Friday,19.37,1008.2,71.04,10.75,cloudy
1377,2023-02-27,08:00:00,Winter,2,Monday,5.58,1019.73,39.23,3.19,Cloudy
1457,2023-03-02,16:00:00,Spring,3,Thursday,15.02,999.6,250.0,12.21,Cludy
92,2023-01-04,19:00:00,Winter,1,wednesday,11.45,1009.79,58.36,12.08,cloudy
2757,2023-04-25,20:00:00,Spring,4,Tuesday,18.62,1025.78,,3.5,
1838,2023-03-18,13:00:00,Spring,3,Saturday,13.5,1024.36,41.27,12.76,Windy
1350,2023-02-26,05:00:00,Winter,2,Sunday,9.2,1018.86,26.61,13.87,windy
209,2023-01-09,16:00:00,Winter,1,Monday,2.98,1006.86,54.48,13.41,Cludy
3151,2023-05-12,06:00:00,Spring,5,Friday,24.26,1012.02,49.5,9.92,FOGGY
152,2023-01-07,07:00:00,Winter,1,Saturday,10.07,1028.01,43.39,4.53,Sunny
570,2023-01-24,17:00:00,Winter,1,Tuesday,11.4,,64.99,14.78,Stormy
349,2023-01-15,12:00:00,Winter,1,Sunday,18.07,1014.09,49.52,13.11,  Foggy  
3284,2023-05-17,19:00:00,Spring,5,Wednesday,20.19,1012.99,52.71,14.9,Sunny
919,2023-02-08,06:00:00,Winter,2,Wednesday,2.28,,54.03,12.44,Windy
2958,2023-05-04,05:00:00,Spring,5,THURSDAY,13.91,1013.98,46.74,8.3,CLOUDY
2284,2023-04-06,03:00:00,Spring,4,THURSDAY,19.22,1015.19,32.15,8.81,Cloudy
2963,2023-05-04,10:00:00,Spring,5,Thursday,6.58,1011.29,62.03,12.91,Rainy 
664,2023-01-28,03:00 PM,Winter,1,Sat,10.55,1021.24,45.13,17.13,sunny
3072,2023-05-08,23:00:00,Spring,5,Monday,17.3,1017.85,58.69,3.49,STORMY
2637,2023-04-20,20:00:00,Spring,4,Thursday,16.66,1016.59,60.31,17.42,WINDY
44,2023-01-02,19:00:00,Winter,1,Monday,7.61,1015.73,59.15,16.96,sunny
2286,2023-04-06,05:00:00,Spring,4,Thursday,17.99,1011.58,58.73,9.65, Foggy
310,2023-01-13,21:00:00,Winter,1,Friday,16.39,1008.57,63.53,21.77,Sunny 
1200,2023-02-19,23:00:00,Winter,2,Sunday,10.43,997.41,24.24,16.44,Windy
1228,2023-02-21,03:00:00,Winter,2,Tuesday,9.34,1006.41,47.23,19.95,Cloudy
3387,2023/05/22,02:00:00,SPRING,5,Monday,19.95,1021.99,38.75,18.23,Cludy
313,2023-01-14,00:00:00,Winter,1,Sat,9.17,1000.55,59.96,17.0,Sunny 
776,2023-02-02,07:00:00,Winter,2,Thursday,4.47,1019.84,79.74,18.42,  FOGGY  
2382,2023-04-10,05:00:00,Spring,4,Monday,13.39,1006.44,37.17,14.65,Rainy 
3157,2023-05-12,12:00:00,Spring,5,Friday,6.32,1016.43,53.17,9.98,foggy
2203,2023-04-02,18:00:00,Spring,4,Sunday,20.44,1019.14,57.16,13.98,Cloudy
263,2023-01-11,22:00:00,Winter,1,Wednesday,15.38,1024.04,45.62,14.37,Stromy
1570,2023-03-07,09:00:00,Spring,3,Tuesday,22.55,1011.53,36.86,12.34,RAINY
1168,2023-02-18,15:00:00,Winter,2,Saturday,3.72,1013.28,64.78,2.21,Stormy
917,2023-02-08,04:00:00,Winter,2,Wednesday,13.96,1002.94,65.97,15.54,Sunny 
3243,2023-05-16,02:00:00,Spring,5,Tuesday,19.32,1014.93,52.19,16.99, Foggy
2701,2023-04-23,12:00:00,Spring,4,Sun,15.16,1017.1,59.35,12.26,foggy
398,2023-01-17,13:00:00,WINTER,1,Tuesday,3.86,1013.69,38.92,5.53,stormy
1932,2023-03-22,11:00:00,Spring,3,Wednesday,26.19,1001.55,35.72,2.3,RAINY
3415,2023-05-23,06:00:00,spring,5,Tuesday,28.27,1022.19,57.55,13.2,rainy
2558,2023-04-17,13:00:00,Spring,4,Monday,15.34,1006.45,69.33,4.81,
572,2023-01-24,19:00:00,Winter,1,Tue,5.68,1016.7,66.75,N/A,FOGGY
3035,2023-05-07,10:00:00,Spring,5,Sunday,17.79,,,17.94,Rainy 
2085,2023-03-28,20:00:00,Spring,3,Tuesday,13.15,1002.18,57.23,10.97,FOGGY
2510,2023-04-15,13:00:00,Spring,4,Saturday,16.48,1010.5,64.28,23.91,Stormy
1910,2023-03-21,13:00:00,Spring,3,Tuesday,12.51,1010.11,76.53,1.03,WINDY
712,2023-01-30,15:00:00,Winter,1,Monday,9.08,1004.22,46.17,6.98,CLOUDY
3221,2023-05-15,04:00:00,Spring,5,Monday,19.53,0.0,39.6,13.02,cloudy
1538,2023-03-06,01:00:00,Spring,3,Monday,10.61,1015.06,,6.7,Stromy
3373,2023-05-21,12:00:00,Spring,5,Sunday,19.33,1008.22,42.61,16.56,RAINY
2905,2023-05-02,00:00:00,Spring,5,TUESDAY,,1020.22,58.26,17.45,Cloudy
69,2023-01-03,20:00:00,Winter,1,TUESDAY,13.82,1013.08,40.28,14.77,
1565,2023-03-07,04:00:00,Spring,3,Tuesday,24.95,1002.24,39.95,10.01,Stromy
940,2023-02-09,03:00:00,Winter,2,Thursday,8.52,1029.34,59.16,11.87,Windy
1980,2023-03-24,11:00:00,Spring,3,Friday,16.63,1009.34,44.66,14.81,cloudy
3180,2023-05-13,11:00:00,Spring,5,Saturday,17.43,1001.42,84.07,6.35,WINDY
1001,2023-02-11,04:00 PM,Winter,2,Saturday,-80.0,1012.75,55.27,14.84,stormy
3382,2023-05-21,21:00:00,Spring,5,Sunday,14.38,1018.66,34.29,15.75,SUNNY
1533,2023-03-05,20:00:00,Spring,3,Sunday,13.92,1001.36,59.53,8.72,FOGGY
3160,2023-05-12,15:00:00,Spring,5,Friday,23.18,1019.84,63.2,9.85,
3045,2023-05-07,20:00:00,Spring,5,Sunday,8.06,1006.03,32.19,14.3,Sunny 
1045,2023-02-13,12:00:00,Winter,2,Monday,7.95,1015.46,82.2,9.94,Sunny 
9,2023-01-01,08:00:00,Winter,1,Sunday,7.93,1004.54,67.34,4.67,Cloudy
368,2023-01-16,07:00:00,Winter,1,Monday,2.02,1016.56,72.95,8.34,Windy
258,2023-01-11,05:00 PM,Winter,1,Wednesday,11.07,1004.82,51.14,1.99,Cloudy
1387,2023-02-27,18:00:00,Winter,2,Mon,6.17,999.63,85.54,14.81,sunny
1829,2023-03-18,04:00:00,Spring,3,Saturday,19.12,997.43,38.23,21.24,CLOUDY
962,2023-02-10,01:00:00,Winter,2,FRIDAY,16.04,1019.63,71.36,9.22,STORMY
2331,2023-04-08,02:00:00,Spring,4,Saturday,999.0,1009.75,,2.31,Windy
1230,2023-02-21,05:00:00,Winter,2,Tuesday,13.31,1009.99,250.0,19.76,cloudy
3192,2023-05-13,23:00:00,Spring,5,Saturday,18.92,1017.95,55.22,13.14,Stormy
2141,2023-03-31,04:00:00,Spring,3,Friday,15.99,1018.68,68.92,13.25,Cloudy
753,2023-02-01,08:00:00,Winter,2,Wednesday,13.41,1009.23,53.6,19.95,Sunny 
2996,2023-05-05,19:00:00,Spring,5,Friday,11.35,1010.72,17.15,10.19,Rainy
165,2023-01-07,20:00:00,Winter,1,Saturday,8.07,1012.81,57.97,11.13,sunny
2557,2023-04-17,12:00:00,Spring,4,Monday,24.37,1020.4,,12.52, Foggy
3250,2023-05-16,09:00:00,Spring,5,Tuesday,17.61,1008.78,78.14,4.61,foggy
119,2023-01-05,22:00:00,Winter,1,Thursday,0.42,1023.93,,10.51,
318,2023-01-14,05:00:00,Winter,1,Saturday,150.0,1022.89,71.37,15.65,FOGGY
2118,2023-03-30,05:00:00,Spring,3,Thursday,11.96,1008.47,53.86,21.23,Stormy
1065,2023-02-14,08:00:00,Winter,2,Tuesday,3.82,1024.4,53.62,,WINDY
1264,2023-02-22,15:00:00,Winter,2,Wednesday,,1010.83,36.75,5.27,WINDY
760,2023/02/01,15:00:00,Winter,2,Wednesday,6.29,1014.36,40.56,10.76,Cloudy
1358,2023-02-26,13:00:00,WINTER,2,SUNDAY,4.14,998.81,44.71,8.3,Rainy 
1314,2023-02-24,05:00 PM,Winter,2,Friday,5.67,1001.14,42.73,5.2,SUNNY
2104,2023-03-29,15:00:00,Spring,3,Wednesday,12.71,1015.09,46.33,13.77,Rainy
428,2023-01-18,19:00:00,Winter,1,Wednesday,7.34,1005.2,71.61,11.28,Rainy
2231,2023-04-03,22:00:00,Spring,4,Mon,26.42,1016.14,38.68,11.26,WINDY
881,2023-02-06,16:00:00,Winter,2,Monday,10.51,993.05,40.52,21.77,windy
1845,2023-03-18,20:00:00,Spring,3,Saturday,,1017.87,63.59,14.38,STORMY
2042,2023-03-27,01:00:00,Spring,3,Monday,9.16,1036.94,81.19,16.34,windy
1666,2023-03-11,09:00:00,Spring,3,Saturday,22.17,1007.96,67.96,4.25,
2337,2023-04-08,08:00:00,Spring,4,Saturday,18.16,1011.71,59.96,16.5,Windy
370,2023-01-16,09:00:00,Winter,1,Monday,7.4,1016.36,41.69,9.38,sunny
478,2023-01-20,21:00:00,Winter,1,Friday,2.03,1014.14,80.99,25.39,Rainy 
1611,2023-03-09,02:00:00,Spring,3,Thursday,8.5,1011.97,,17.41,stormy
1869,2023-03-19,20:00:00,Spring,3,Sunday,11.82,1023.2,53.57,22.38,Stormy
1266,2023-02-22,17:00:00,Winter,2,Wednesday,6.47,1021.38,49.97,3.95,foggy
3240,2023-05-15,23:00:00,Spring,5,Monday,14.91,,70.41,4.37,Cloudy
695,2023-01-29,22:00:00,Winter,1,Sunday,6.72,1011.07,54.07,14.88,Cloudy
2682,2023-04-22,17:00:00,Spring,4,Saturday,21.19,1007.33,48.47,3.13,WINDY
106,2023-01-05,09:00:00,Winter,1,Thursday,18.3,1027.04,51.27,17.83,Rainy 
2952,2023-05-03,23:00:00,Spring,5,Wednesday,18.36,1008.5,33.67,13.29,CLOUDY
1027,2023-02-12,,Winter,2,Sunday,7.69,1014.94,50.59,20.14,RAINY
3189,2023-05-13,20:00:00,spring,5,Saturday,12.09,1014.76,28.89,9.61,windy
1598,2023-03-08,13:00:00,Spring,3,Wednesday,22.21,1019.04,25.87,11.98,Sunny 
584,2023-01-25,07:00:00,Winter,1,Wednesday,0.41,1010.14,68.36,15.45,cloudy
2267,2023-04-05,10:00:00,Spring,4,Wednesday,20.28,,41.55,,Rainy 
1252,2023-02-22,03:00:00,Winter,2,Wednesday,11.66,0.0,70.73,14.93,rainy
428,2023-01-18,19:00:00,Winter,1,Wednesday,7.34,1005.2,71.61,11.28,Rainy
1573,2023-03-07,12:00:00,Spring,3,Tuesday,25.24,1010.48,51.38,20.8,Cludy
1708,2023-03-13,03:00:00,Spring,3,Monday,17.14,1009.51,61.63,7.5,Rainy
273,2023-01-12,08:00:00,Winter,1,Thursday,6.7,1011.43,53.93,11.78,STORMY
311,2023-01-13,22:00:00,Winter,1,Friday,6.1,1011.37,46.27,5.91,
2737,2023-04-25,00:00:00,Spring,4,Tuesday,22.59,1022.68,45.33,16.76, Foggy
2242,2023-04-04,09:00:00,Spring,4,Tuesday,,1000.64,49.55,13.78,Foggy
1625,2023-03-09,16:00:00,Spring,3,Thursday,,1022.46,54.0,9.85,Rainy
2405,2023-04-11,04:00:00,Spring,4,Tuesday,23.08,1003.63,70.41,8.11,cloudy
3053,2023-05-08,04:00:00,Spring,5,Monday,24.49,1004.3,34.21,11.96,Rainy 
40,2023-01-02,15:00:00,Winter,1,Monday,17.33,1016.79,37.13,15.94,Cludy
2628,2023-04-20,11:00 AM,Spring,4,Thursday,20.46,1003.95,40.57,12.0,sunny
2934,2023-05-03,05:00:00,Spring,5,Wednesday,22.68,1011.46,43.41,11.32,rainy
10,2023-01-01,09:00:00,Winter,1,Sunday,9.04,997.32,35.08,13.18,Windy
2111,2023-03-29,22:00:00,Spring,3,Wednesday,14.02,1024.2,51.45,4.13,Cludy
3134,,13:00:00,Spring,5,Thursday,19.35,1021.7,44.45,2.8,STORMY
3398,2023-05-22,13:00:00,Spring,5,Monday,14.48,1014.64,,21.1,Sunny 
1156,2023-02-18,03:00:00,Winter,2,saturday,5.73,1026.81,41.69,16.63,FOGGY
554,2023-01-24,01:00:00,Winter,1,Tuesday,12.41,1009.38,47.95,13.6,FOGGY
711,2023-01-30,14:00:00,Winter,1,Monday,9.48,1000.87,77.15,4.99,FOGGY
2062,2023-03-27,21:00:00,Spring,3,Monday,14.47,1002.2,55.3,9.6,STORMY
195,2023-01-09,02:00:00,Winter,1,Monday,,1011.02,53.88,15.72,
3075,2023-05-09,02:00:00,SPRING,5,Tuesday,16.28,1007.91,43.32,,Rainy
1180,2023-02-19,03:00:00,Winter,2,Sunday,19.94,1022.47,65.84,12.67,Rainy
1051,2023-02-13,18:00:00,WINTER,2,Monday,9.22,1004.28,40.22,6.18,WINDY
2671,2023-04-22,06:00:00,Spring,4,Saturday,13.84,1013.76,52.31,,CLOUDY
1277,2023-02-23,04:00:00,Winter,2,Thursday,10.0,1014.61,39.55,12.28,Rainy 
1948,2023-03-23,03:00:00,Spring,3,Thursday,17.71,1022.02,56.71,7.24,Stormy
431,2023-01-18,10:00 PM,Winter,1,Wednesday,10.57,1010.92,,15.69,Stromy
688,2023-01-29,15:00:00,Winter,1,Sunday,,1011.36,81.33,21.44,Stromy
706,2023-01-30,09:00 AM,WINTER,1,Monday,6.61,1019.76,54.27,3.57,Cludy
1522,2023-03-05,09:00:00,Spring,3,Sunday,17.52,1010.34,50.34,2.71,Cludy
210,2023-01-09,17:00:00,Winter,1,Monday,15.75,1005.01,69.76,10.72,RAINY
1089,2023-02-15,08:00:00,Winter,2,Wednesday,6.75,999.62,61.06,16.3,Windy
1940,2023-03-22,19:00:00,Spring,3,Wednesday,13.22,,33.89,4.21,Stromy
125,2023-01-06,04:00:00,Winter,1,Friday,2.81,1011.48,41.87,3.7,Sunny 
2886,2023-05-01,05:00:00,Spring,5,Monday,14.79,1021.89,59.13,17.48,rainy
2650,2023-04-21,09:00:00,Spring,4,Friday,20.5,1020.08,,14.15,RAINY
3161,2023-05-12,16:00:00,Spring,5,Fri,10.75,1011.39,51.46,18.29,sunny
376,2023-01-16,15:00:00,Winter,1,Monday,11.89,1008.59,42.73,11.98,SUNNY
1604,2023-03-08,19:00:00,SPRING,3,Wednesday,8.98,,60.47,7.92,RAINY
2759,2023-04-25,22:00:00,Spring,4,Tuesday,9.66,1020.92,41.83,6.09,foggy
1594,2023-03-08,09:00:00,Spring,3,Wednesday,,1023.2,52.42,18.59,cloudy
3294,2023-05-18,05:00:00,Spring,5,Thursday,15.07,1017.07,64.82,18.77,STORMY
1202,2023-02-20,01:00:00,Winter,2,Monday,6.69,1000.23,43.91,15.91,SUNNY
264,2023-01-11,23:00:00,Winter,1,Wednesday,10.47,1015.09,,7.97, Foggy
742,2023-01-31,21:00:00,Winter,1,Tuesday,14.12,1010.93,60.29,8.58,Stormy
2722,2023-04-24,09:00:00,Spring,4,Monday,22.33,,42.43,6.93,Cloudy
2287,2023-04-06,06:00:00,SPRING,4,Thursday,15.85,999.36,51.28,9.12,SUNNY
999,2023-02-11,14:00:00,Winter,2,Saturday,-1.88,1019.01,24.02,12.17,Sunny
1556,2023-03-06,19:00:00,spring,3,Monday,24.0,1012.74,53.69,23.28,
1235,2023-02-21,10:00:00,Winter,2,Tuesday,8.02,1022.84,69.74,3.6,STORMY
2738,2023-04-25,01:00:00,Spring,4,Tuesday,14.22,0.0,44.61,18.16,Cloudy
3171,2023-05-13,02:00:00,Spring,5,Saturday,20.39,1014.25,65.31,2.54,SUNNY
2012,2023-03-25,19:00:00,Spring,3,Saturday,22.77,1019.31,45.56,7.76,stormy
2525,2023-04-16,04:00:00,Spring,4,Sunday,21.37,1015.44,49.0,8.5,FOGGY
1535,2023-03-05,22:00:00,Spring,3,Sunday,23.45,1008.43,,17.73,Foggy
1828,2023-03-18,03:00:00,Spring,3,Saturday,12.75,1005.22,150.0,7.46,STORMY
685,2023-01-29,12:00 PM,Winter,1,Sunday,6.32,,78.31,17.12,windy
2643,2023-04-21,02:00:00,Spring,4,Friday,15.6,1026.03,27.28,8.87,windy
306,2023-01-13,17:00:00,Winter,1,Friday,2.06,1015.48,64.51,14.48,
3344,2023-05-20,07:00:00,Spring,5,Saturday,19.09,1013.53,54.63,14.48,  Sunny  
3192,2023-05-13,23:00:00,Spring,5,Saturday,18.92,1017.95,55.22,13.14,Stormy
2855,2023-04-29,22:00:00,Spring,4,Saturday,17.83,1008.91,50.46,17.05,rainy
1356,2023-02-26,11:00:00,Winter,2,Sunday,,1003.48,68.89,11.45,Sunny 
2591,2023-04-18,22:00:00,Spring,4,Tuesday,18.44,1007.15,58.68,4.54,foggy
3215,2023-05-14,22:00:00,Spring,5,Sunday,21.59,1014.78,55.16,3.6,rainy
1630,2023-03-09,21:00:00,Spring,3,Thursday,26.46,,14.45,14.04,Windy
1211,2023-02-20,10:00:00,Winter,2,Monday,3.97,1013.61,65.28,11.15,windy
3167,2023-05-12,22:00:00,Spring,5,Friday,16.17,1007.92,57.05,10.06,
2137,2023-03-31,00:00:00,Spring,3,Friday,18.3,,56.22,300.0, Foggy
1265,2023-02-22,16:00:00,Winter,2,Wednesday,11.55,1013.16,52.92,9.46,stormy
1427,2023-03-01,10:00:00,Spring,3,Wednesday,16.28,996.31,69.61,13.79,CLOUDY
3353,2023-05-20,16:00:00,Spring,5,Saturday,28.27,1016.68,43.8,14.51,stormy
2056,2023-03-27,15:00:00,Spring,3,Monday,9.74,1020.74,63.17,14.7,Cludy
2793,2023-04-27,08:00:00,Spring,4,Thursday,17.46,,68.42,14.01,Stromy
253,2023-01-11,12:00:00,Winter,1,Wednesday,13.25,1008.72,74.76,13.19,Stormy
2863,2023-04-30,06:00:00,Spring,4,Sunday,22.81,999.62,46.28,6.87,cloudy
675,2023-01-29,02:00:00,Winter,1,Sunday,13.41,1002.5,64.33,19.97,Rainy 
2452,2023-04-13,,Spring,4,Thursday,22.11,1002.51,57.36,17.86,windy
3405,2023-05-22,20:00:00,Spring,5,Monday,19.81,1003.22,27.34,7.09,
422,2023-01-18,13:00:00,Winter,1,Wednesday,2.1,1022.5,,,Rainy
3234,2023-05-15,17:00:00,Spring,5,Monday,22.72,1012.93,72.01,4.05,Rainy 
1871,2023-03-19,22:00:00,Spring,3,Sunday,16.87,1015.36,46.62,10.13,windy
3059,2023-05-08,10:00:00,Spring,5,Monday,13.7,1012.42,,8.69, Foggy
740,2023-01-31,19:00:00,Winter,1,Tuesday,12.66,1011.11,72.03,5.36,STORMY
353,2023-01-15,16:00:00,Winter,1,Sunday,6.39,1010.99,74.92,15.34,foggy
1542,2023-03-06,05:00:00,Spring,3,Monday,25.9,1008.11,72.04,11.08,windy
3111,2023-05-10,14:00:00,Spring,5,Wednesday,19.47,1007.83,45.56,3.36,WINDY
54,2023-01-03,05:00:00,Winter,1,Tuesday,12.77,1018.21,50.27,16.55,STORMY
486,2023-01-21,05:00:00,Winter,1,Saturday,9.54,,59.04,9.94,Sunny 
1504,2023-03-04,15:00:00,SPRING,3,Saturday,150.0,1021.75,62.19,6.83,foggy
1488,2023-03-03,23:00:00,Spring,3,Friday,9.67,1001.04,57.05,12.15,Rainy 
3330,2023-05-19,17:00:00,Spring,5,friday,29.67,1016.23,52.88,,CLOUDY
2504,2023-04-15,07:00:00,Spring,4,Saturday,11.42,1009.27,67.34,12.25,foggy
3396,2023-05-22,11:00:00,SPRING,5,Monday,18.28,1005.56,10.47,20.1,Sunny 
1411,2023-02-28,18:00:00,WINTER,2,Tuesday,11.93,1008.52,12.5,20.16,
2749,2023-04-25,12:00:00,Spring,4,Tuesday,,1009.62,35.31,13.45,CLOUDY
3179,2023-05-13,10:00:00,Spring,5,Saturday,17.38,1019.94,57.39,12.55,Sunny
1719,2023-03-13,14:00:00,Spring,3,Monday,11.25,1009.36,34.79,6.61,Foggy
2795,2023-04-27,10:00:00,Spring,4,Thursday,,1020.47,49.57,13.07,Windy
1587,2023/03/08,02:00:00,Spring,3,Wednesday,18.16,1013.61,N/A,19.64,Sunny 
889,2023-02-07,00:00:00,Winter,2,Tuesday,9.73,1033.09,27.4,11.81,Stormy
387,2023-01-17,02:00:00,Winter,1,Tuesday,4.99,1016.75,40.02,13.81,stormy
499,2023-01-21,18:00:00,Winter,1,Saturday,13.94,1018.67,60.27,18.42,windy
2500,2023-04-15,03:00:00,Spring,4,Saturday,8.01,1007.36,missing,15.87,windy
3159,2023-05-12,14:00:00,Spring,5,Friday,17.27,1005.28,55.36,20.32,
3043,2023-05-07,18:00:00,Spring,5,Sunday,17.62,1013.64,92.87,14.23,Stromy
693,2023-01-29,20:00:00,Winter,1,Sunday,5.42,1011.43,51.91,7.52,cloudy
1195,2023-02-19,18:00:00,Winter,2,Sun,7.88,1022.62,38.57,7.06,FOGGY
2149,2023-03-31,12:00:00,Spring,3,Friday,27.68,1014.09,53.56,10.81,Sunny 
13,2023-01-01,12:00:00,winter,1,Sunday,9.72,998.9,59.86,9.69,windy
224,2023-01-10,07:00:00,Winter,1,Tuesday,13.33,1022.35,75.73,15.89,Foggy
824,2023-02-04,07:00:00,Winter,2,Saturday,14.38,,36.89,,Stormy
2015,2023-03-25,22:00:00,Spring,3,Saturday,18.4,1010.69,57.75,6.05,RAINY
354,2023-01-15,17:00:00,Winter,1,Sunday,10.28,1030.32,45.35,17.57,STORMY
1564,2023-03-07,03:00:00,Spring,3,Tuesday,31.19,1015.41,49.21,1.23,
2914,2023-05-02,09:00:00,Spring,5,Tuesday,19.33,1026.43,23.14,,CLOUDY
1919,2023-03-21,22:00:00,SPRING,3,tuesday,19.67,1010.68,42.42,null,cloudy
2236,2023-04-04,03:00:00,Spring,4,Tuesday,25.08,1027.73,52.82,14.08,STORMY
1187,2023-02-19,10:00 AM,Winter,2,Sunday,16.02,1010.72,57.08,5.48,Stromy
912,2023-02-07,23:00:00,Winter,2,Tuesday,3.94,1004.09,58.88,13.28, Foggy
2431,2023-04-12,06:00:00,Spring,4,Wednesday,16.38,1014.9,56.55,12.14,Cloudy
952,2023-02-09,15:00:00,Winter,2,Thursday,3.54,1017.11,55.52,0.19,Windy
1292,2023-02-23,19:00:00,Winter,2,Thursday,,1020.79,,11.1,FOGGY
1451,2023-03-02,10:00:00,Spring,3,Thursday,,1011.09,48.84,22.91,  Foggy  
1640,2023-03-10,07:00:00,Spring,3,Fri,17.46,1021.9,65.28,20.41,windy
861,2023-02-05,20:00:00,Winter,2,Sunday,8.73,1008.09,57.11,21.53,SUNNY
2069,2023-03-28,04:00:00,Spring,3,Tuesday,15.34,1009.89,38.14,14.27,Sunny 
1059,2023-02-14,02:00:00,Winter,2,Tuesday,4.95,,,4.92,Sunny
1775,2023-03-15,22:00:00,Spring,3,Wednesday,31.55,1012.49,41.84,3.56,sunny
2768,2023-04-26,07:00:00,Spring,4,Wednesday,25.37,1016.27,44.54,2.29,Cludy
2200,02-Apr-2023,15:00:00,Spring,4,Sunday,15.43,1020.18,73.84,19.13,Stromy
1144,2023-02-17,15:00:00,Winter,2,Friday,12.04,1008.32,43.76,10.67,rainy
2285,2023-04-06,04:00:00,Spring,4,Thursday,17.03,1021.4,45.83,16.78,Windy
1702,2023-03-12,21:00:00,Spring,3,Sunday,,,41.35,,windy
2364,2023-04-09,11:00:00,Spring,4,Sunday,14.87,1014.84,66.67,7.61,RAINY
2296,2023-04-06,15:00:00,Spring,4,Thursday,17.52,1009.89,51.76,14.0,stormy
1348,2023-02-26,03:00:00,Winter,2,Sunday,1.35,995.58,missing,12.97,SUNNY
790,2023-02-02,21:00:00,Winter,2,Thursday,1.81,1013.88,74.93,13.88,Sunny 
1839,2023-03-18,14:00:00,Spring,3,Saturday,,1022.43,74.67,17.18,  Stormy  
1060,2023-02-14,03:00:00,Winter,2,Tuesday,15.18,1010.22,76.8,11.53,CLOUDY
97,2023-01-05,00:00:00,Winter,1,Thursday,4.2,,60.13,23.26,Cloudy
1423,2023-03-01,06:00:00,Spring,3,Wednesday,11.66,1011.65,56.03,1.52,stormy
2090,2023-03-29,01:00:00,Spring,3,Wednesday,17.72,1005.88,46.54,8.44,Sunny
2912,2023-05-02,07:00:00,Spring,5,Tuesday,20.55,1018.74,72.2,,WINDY
849,2023-02-05,08:00:00,Winter,2,Sunday,7.63,1012.39,84.59,3.68,foggy
2044,2023-03-27,03:00:00,Spring,3,Monday,19.31,1006.73,47.94,18.73,cloudy
528,2023-01-22,23:00:00,Winter,1,Sunday,6.36,1017.83,46.84,11.02,Rainy 
1727,,22:00:00,Spring,3,Monday,16.16,1015.3,37.54,9.85,FOGGY
629,2023-01-27,04:00:00,Winter,1,Friday,10.74,1010.96,53.12,13.97,Cloudy
1671,2023-03-11,14:00:00,Spring,3,Saturday,16.42,1015.14,65.73,11.69,Sunny 
1561,2023-03-07,,Spring,3,Tuesday,16.92,1005.49,74.99,17.57,STORMY
2373,2023-04-09,20:00:00,Spring,4,sunday,150.0,1015.15,58.14,11.73,RAINY
736,2023-01-31,15:00:00,Winter,1,Tuesday,12.98,,64.61,10.86, Foggy
3278,2023-05-17,13:00:00,Spring,5,WEDNESDAY,15.27,1005.1,,13.97,cloudy
2239,2023-04-04,06:00:00,Spring,4,Tuesday,13.31,1008.63,50.77,18.3,WINDY
3132,2023-05-11,11:00:00,Spring,5,Thursday,14.14,1018.23,38.93,20.0,windy
491,2023-01-21,10:00:00,Winter,1,Saturday,7.73,1015.28,62.82,15.87, Foggy
123,2023-01-06,02:00:00,Winter,1,FRIDAY,16.44,1020.05,54.88,20.88,CLOUDY
3041,2023-05-07,16:00:00,spring,5,Sunday,15.92,1018.64,58.53,12.34,Stormy
96,2023-01-04,23:00:00,Winter,1,WEDNESDAY,3.8,1008.2,23.14,8.85,sunny
1623,2023-03-09,14:00:00,Spring,3,Thursday,NA,200.0,56.62,6.56,cloudy
1293,2023-02-23,20:00:00,Winter,2,Thursday,4.17,1003.98,59.65,4.36,Rainy 
1296,2023-02-23,23:00:00,Winter,2,Thursday,9.09,1009.43,51.99,14.21,STORMY
359,2023-01-15,22:00:00,Winter,1,Sunday,12.3,1008.34,52.49,13.7,SUNNY
2511,2023-04-15,14:00:00,Spring,4,saturday,18.62,1011.27,51.11,12.75,stormy
1669,2023-03-11,12:00:00,Spring,3,Saturday,19.85,1013.99,69.04,16.66, Foggy
149,2023-01-07,04:00:00,Winter,1,Saturday,,1015.67,70.56,8.94,Foggy
2359,2023-04-09,06:00:00,Spring,4,Sunday,16.59,1007.9,,3.48,windy
704,2023-01-30,07:00:00,Winter,1,Monday,16.69,1010.43,82.49,16.88,RAINY
932,2023-02-08,19:00:00,Winter,2,Wednesday,4.89,1017.66,62.45,18.42,Sunny 
1875,2023-03-20,02:00:00,Spring,3,Monday,999.0,1030.0,13.39,-,FOGGY
680,2023-01-29,07:00:00,Winter,1,Sunday,11.13,1020.08,46.11,12.74,Sunny
1914,2023-03-21,17:00:00,Spring,3,Tuesday,999.0,1016.86,71.25,10.0,cloudy
344,2023-01-15,07:00:00,Winter,1,Sunday,1.14,1000.09,77.07,10.74,Windy
2246,2023-04-04,13:00:00,Spring,4,Tue,16.46,1023.95,53.52,16.96,Stormy
937,2023-02-09,00:00:00,Winter,2,Thursday,3.02,1011.55,22.34,13.07,Cloudy
346,2023-01-15,09:00:00,Winter,1,Sunday,11.39,1009.1,87.36,8.37,STORMY
1309,2023-02-24,12:00:00,Winter,2,Friday,2.72,1010.94,59.62,24.41,Stromy
74,2023-01-04,01:00:00,Winter,1,Wednesday,5.05,1019.8,60.36,7.84,STORMY
1223,2023-02-20,22:00:00,Winter,2,Monday,9.14,1018.09,42.67,4.68,Windy
454,2023-01-19,21:00:00,WINTER,1,Thursday,16.06,1020.17,50.97,6.65,Cludy
147,2023-01-07,02:00:00,Winter,1,Saturday,8.91,1014.99,48.11,6.9,Windy
2545,2023-04-17,00:00:00,Spring,4,Monday,17.61,1017.4,77.63,18.71,RAINY
1461,2023-03-02,20:00:00,Spring,3,Thursday,999.0,1003.43,32.6,0.74,Rainy
2011,2023-03-25,18:00:00,Spring,3,SATURDAY,16.99,missing,33.37,17.68,STORMY
3023,2023-05-06,22:00:00,Spring,5,Saturday,24.18,200.0,,4.14,WINDY
429,2023-01-18,20:00:00,Winter,1,Wednesday,-2.86,1019.78,46.97,11.46,CLOUDY
384,2023-01-16,23:00:00,Winter,1,Monday,9.62,1011.82,,2.43,rainy
1261,2023-02-22,12:00:00,Winter,2,Wednesday,10.5,999.46,52.44,,SUNNY
308,2023-01-13,19:00:00,Winter,1,Friday,12.82,1030.68,46.64,3.78,foggy
2356,2023-04-09,03:00:00,Spring,4,sunday,19.46,1015.24,59.38,12.69,CLOUDY
2496,2023-04-14,23:00:00,Spring,4,Friday,15.77,1008.97,,13.46,sunny
2445,2023-04-12,20:00:00,spring,4,Wednesday,20.0,1014.33,67.55,14.21,sunny
2121,2023-03-30,08:00:00,Spring,3,Thursday,16.39,1012.74,83.69,4.05,Rainy 
1903,2023-03-21,06:00:00,Spring,3,Tuesday,16.12,1012.61,58.53,10.13,Windy
3317,2023-05-19,04:00:00,Spring,5,Friday,23.78,1022.01,51.39,16.61,Windy
2633,2023-04-20,16:00:00,Spring,4,Thursday,23.65,1013.25,78.11,8.84,RAINY
1013,2023-02-12,04:00:00,Winter,2,Sunday,7.48,1016.15,43.93,13.09,foggy
1803,2023-03-17,02:00:00,Spring,3,Friday,11.65,1022.24,90.51,9.73,STORMY
2487,2023-04-14,14:00:00,Spring,4,Friday,,998.74,,8.32,Cloudy
2128,2023-03-30,15:00:00,Spring,3,Thursday,15.0,1017.75,55.05,15.51,sunny
302,2023-01-13,13:00:00,winter,1,Friday,8.24,1013.32,44.47,8.02,foggy
256,2023-01-11,15:00:00,winter,1,Wednesday,10.61,1008.41,54.63,24.85,STORMY
343,,06:00:00,Winter,1,Sunday,5.78,1005.92,52.41,22.27,Stormy
1922,2023-03-22,01:00:00,Spring,3,Wednesday,22.97,1020.22,47.5,15.26,Sunny 
1036,2023-02-13,03:00:00,Winter,2,Monday,11.09,1026.11,60.72,13.87,Sunny
3389,2023-05-22,04:00:00,SPRING,5,Monday,15.38,1019.09,32.41,9.49,windy
62,2023-01-03,13:00:00,Winter,1,Tuesday,2.0,1010.32,47.88,8.08,Stromy
1378,2023-02-27,09:00:00,Winter,2,Monday,6.86,1011.87,57.03,16.37,Cludy
1512,2023-03-04,23:00:00,Spring,3,Saturday,18.55,1009.67,55.03,21.2,Cludy
2864,2023-04-30,07:00:00,Spring,4,Sunday,8.94,1004.74,91.62,,RAINY
2755,2023-04-25,18:00:00,Spring,4,Tuesday,17.13,1007.02,35.02,19.85,Windy
2169,2023-04-01,08:00:00,SPRING,4,SATURDAY,17.66,1022.55,49.87,17.41, Foggy
400,2023-01-17,15:00:00,Winter,1,Tuesday,11.1,1029.46,55.31,7.63,Sunny
122,2023-01-06,01:00:00,Winter,1,FRIDAY,4.22,1001.62,45.3,5.51,Cludy
2103,2023-03-29,14:00:00,Spring,3,Wednesday,14.86,,52.8,18.04,Windy
931,2023-02-08,18:00:00,Winter,2,Wed,12.98,1026.63,,1.28,Rainy
1403,2023-02-28,10:00:00,Winter,2,Tuesday,12.49,1013.3,64.89,22.6,Rainy
493,2023-01-21,12:00:00,Winter,1,Saturday,7.03,,63.9,5.64,Windy
2706,2023-04-23,17:00:00,Spring,4,Sunday,13.05,1012.49,31.4,14.23,WINDY
2229,2023-04-03,20:00:00,Spring,4,Monday,16.88,1015.26,52.71,14.6,stormy
806,2023-02-03,13:00:00,Winter,2,Friday,2.75,1019.06,75.56,-20.0,Rainy
176,2023-01-08,07:00:00,Winter,1,Sunday,5.39,1021.39,44.43,3.55,Windy
3423,2023-05-23,14:00:00,Spring,5,Tuesday,14.65,1019.43,84.53,7.87,Cloudy
2045,2023-03-27,04:00 AM,Spring,3,Monday,26.0,1025.23,66.36,10.48,CLOUDY
2990,2023-05-05,13:00:00,Spring,5,Friday,24.92,1016.17,42.5,18.4,sunny
2218,2023-04-03,09:00:00,spring,4,Mon,18.22,1002.07,70.87,12.49,Sunny 
3326,2023-05-19,13:00:00,Spring,5,Friday,18.79,1013.55,46.84,16.96, Foggy
2102,2023-03-29,13:00:00,Spring,3,Wednesday,24.76,994.08,85.78,1.76,
530,2023-01-23,01:00:00,Winter,1,Monday,6.86,1005.05,16.56,10.85,Windy
3399,2023-05-22,14:00:00,Spring,5,Monday,10.15,1022.86,55.58,9.06,rainy
587,2023-01-25,10:00:00,Winter,1,wednesday,-2.77,1021.78,47.82,6.82,rainy
825,2023-02-04,08:00:00,Winter,2,SATURDAY,16.38,1005.44,37.7,18.82,STORMY
2180,2023-04-01,19:00:00,Spring,4,Saturday,,1014.17,62.85,7.2,Sunny
495,2023-01-21,14:00:00,winter,1,Saturday,13.62,1020.58,43.41,14.44,WINDY
2260,2023-04-05,03:00:00,Spring,4,Wednesday,null,1023.78,,11.96,  Windy  
155,2023-01-07,10:00:00,Winter,1,Saturday,8.55,1018.81,62.22,13.34,STORMY
1466,2023-03-03,01:00:00,Spring,3,Friday,24.22,1022.82,,,stormy
1047,2023-02-13,14:00:00,Winter,2,Monday,5.61,1015.88,,7.7,RAINY
1050,2023-02-13,17:00:00,Winter,2,Monday,13.49,1000.47,9.89,15.43,
37,2023-01-02,12:00:00,Winter,1,Monday,9.3,1019.25,36.45,4.08,Stormy
401,2023-01-17,16:00:00,Winter,1,Tuesday,7.09,1024.0,45.31,7.2,windy
212,2023-01-09,19:00:00,Winter,1,Monday,8.83,1016.94,59.34,26.73,sunny
654,2023-01-28,05:00:00,Winter,1,Saturday,6.99,1012.95,63.98,16.01,foggy
2476,2023-04-14,03:00:00,Spring,4,Fri,22.67,1015.96,38.24,11.75,WINDY
3266,2023-05-17,01:00:00,Spring,5,Wednesday,20.62,1030.36,61.97,18.9,stormy
101,2023-01-05,04:00:00,Winter,1,Thursday,0.03,1008.2,55.08,12.28,Sunny
1703,2023-03-12,22:00:00,Spring,3,Sunday,16.12,1002.56,61.62,3.4,cloudy
3379,2023-05-21,18:00:00,Spring,5,Sunday,9.32,1015.71,,2.91,SUNNY
1513,2023-03-05,00:00:00,Spring,3,Sunday,11.27,1006.11,75.66,18.12,WINDY
602,2023-01-26,01:00:00,Winter,1,Thursday,16.37,,-15.0,16.98,  Foggy  
1739,2023-03-14,10:00:00,Spring,3,Tuesday,10.68,1007.65,40.03,1.47,
2954,2023-05-04,01:00:00,Spring,5,Thursday,16.58,1025.54,64.68,16.22,foggy
1328,2023-02-25,07:00:00,Winter,2,Saturday,4.21,1005.17,50.91,19.4,Stormy
1337,2023-02-25,16:00:00,Winter,2,Saturday,6.35,1026.4,50.88,1.21,Windy
3343,2023-05-20,06:00:00,Spring,5,Saturday,17.05,1011.75,51.63,,WINDY
1506,2023-03-04,17:00:00,Spring,3,Saturday,19.25,1016.19,92.38,10.35,FOGGY
2785,2023-04-27,00:00:00,Spring,4,Thursday,13.2,1003.54,46.93,10.9,FOGGY
1482,2023-03-03,17:00:00,Spring,3,Friday,9.24,1006.11,65.09,13.0,Windy
1147,2023-02-17,18:00:00,Winter,2,Friday,7.06,,70.32,17.51,STORMY
3197,2023-05-14,04:00:00,Spring,5,Sunday,16.16,1020.57,,,windy
907,2023-02-07,18:00:00,Winter,2,Tuesday,17.49,1005.42,42.49,16.58,stormy
3193,2023-05-14,00:00:00,Spring,5,Sunday,16.78,1013.92,74.47,15.88,Sunny 
3425,2023-05-23,16:00:00,Spring,5,Tuesday,21.58,1020.29,40.57,14.61,stormy
780,2023-02-02,11:00:00,Winter,2,Thursday,7.03,1006.95,70.73,21.93,Foggy
779,2023-02-02,10:00:00,Winter,2,Thursday,6.5,,60.83,13.51,Rainy 
2417,2023-04-11,16:00:00,Spring,4,Tuesday,15.04,1023.19,53.3,9.7,SUNNY
997,2023-02-11,12:00:00,WINTER,2,Saturday,9.21,996.34,63.3,8.71,STORMY
3195,2023-05-14,02:00:00,Spring,5,Sunday,12.57,1023.15,13.26,11.48, Foggy
1061,2023-02-14,04:00:00,Winter,2,Tuesday,,,46.15,16.19, Foggy
2580,2023-04-18,11:00:00,Spring,4,Tuesday,,999.65,71.99,24.36,CLOUDY
2091,2023-03-29,02:00:00,Spring,3,Wednesday,21.28,,35.15,9.38, Foggy
1712,2023-03-13,07:00:00,Spring,3,Monday,30.21,1016.5,56.38,14.86,Windy
1917,2023-03-21,20:00:00,Spring,3,Tuesday,22.47,1018.14,39.55,9.1,Foggy
758,2023-02-01,13:00:00,Winter,2,Wednesday,N/A,1013.28,17.68,8.05,STORMY
1885,2023-03-20,12:00:00,Spring,3,Monday,15.84,996.04,43.96,10.13,sunny
3360,2023-05-20,23:00:00,Spring,5,Saturday,3.9,1019.67,69.01,9.41,Windy
3123,2023-05-11,02:00:00,Spring,5,Thursday,17.95,,65.51,12.74,RAINY
1079,2023-02-14,22:00:00,Winter,2,Tuesday,10.47,1016.07,48.86,18.04,Cludy
792,2023-02-02,23:00:00,Winter,2,Thursday,2.23,998.99,49.15,12.95,Stormy
1134,2023-02-17,05:00:00,Winter,2,Friday,10.5,1005.97,,8.17,Stormy
2175,2023-04-01,14:00:00,Spring,4,Saturday,29.73,1001.8,53.44,,Sunny 
2815,2023-04-28,06:00:00,Spring,4,Friday,4.35,1013.04,48.11,5.62,Stormy
2173,2023-04-01,12:00:00,Spring,4,Sat,28.19,1014.18,62.66,-20.0,Sunny 
2254,2023-04-04,21:00:00,Spring,4,Tuesday,5.4,1014.19,51.79,6.14,sunny
325,2023-01-14,12:00:00,Winter,1,Saturday,12.6,1010.68,59.01,13.93,Stormy
720,2023-01-30,23:00:00,Winter,1,Monday,3.32,1007.66,59.38,10.88,Stromy
2425,2023-04-12,12:00 AM,Spring,4,Wednesday,18.62,1017.92,73.05,3.06,
356,2023-01-15,19:00:00,Winter,1,Sunday,10.69,,49.53,6.96, Foggy
2135,2023-03-30,22:00:00,Spring,3,thursday,150.0,1026.58,59.98,15.88, Foggy
2705,2023-04-23,16:00:00,Spring,4,Sunday,18.48,1014.62,54.94,22.23,foggy
559,2023-01-24,06:00:00,Winter,1,Tuesday,-1.85,1020.14,36.83,,STORMY
58,2023-01-03,09:00:00,Winter,1,Tuesday,4.42,1018.44,44.04,13.3,Cludy
378,2023-01-16,17:00:00,Winter,1,Monday,999.0,1024.82,37.87,10.84,stormy
3133,2023-05-11,12:00 PM,Spring,5,Thursday,21.76,1013.16,55.0,8.66,WINDY
2724,2023-04-24,11:00 AM,Spring,4,Monday,17.85,1017.2,49.96,13.61,foggy
1073,2023-02-14,16:00:00,Winter,2,Tuesday,15.55,1017.84,62.63,9.42,FOGGY
1315,2023-02-24,18:00:00,Winter,2,Friday,5.94,1007.09,30.59,24.14,windy
1796,2023-03-16,19:00:00,Spring,3,Thursday,19.57,1010.13,65.95,6.41,Rainy
2058,27/03/2023,05:00 PM,Spring,3,Monday,,1018.88,55.1,0.91, Foggy
1250,2023-02-22,01:00:00,Winter,2,Wednesday,11.56,1037.9,,6.91,Cludy
3358,2023-05-20,21:00:00,Spring,5,Saturday,15.94,1012.79,45.13,-20.0,Sunny
821,2023-02-04,04:00:00,Winter,2,Saturday,3.69,1013.24,22.71,17.26,Cloudy
2604,2023-04-19,11:00:00,Spring,4,Wednesday,12.65,1008.78,55.05,10.83,CLOUDY
1908,2023-03-21,11:00:00,Spring,3,Tuesday,9.97,1016.16,71.09,6.88,Sunny 
2207,2023-04-02,22:00:00,Spring,4,Sunday,22.42,1002.07,38.78,14.02,Sunny 
1920,2023-03-21,23:00:00,Spring,3,Tue,16.93,984.19,44.48,6.75,windy
1921,2023-03-22,00:00:00,Spring,3,Wednesday,20.66,1006.56,51.77,21.25,Rainy
1080,2023-02-14,23:00:00,Winter,2,Tuesday,,1022.02,57.32,9.98,cloudy
1884,2023-03-20,11:00:00,Spring,3,Monday,18.44,1009.48,47.07,5.55,Cloudy
985,2023-02-11,00:00:00,winter,2,SATURDAY,14.25,1002.34,49.76,,sunny
2623,2023-04-20,06:00:00,Spring,4,Thursday,13.07,1006.81,39.88,12.51,STORMY
731,2023-01-31,,Winter,1,Tuesday,4.41,1018.96,52.08,11.61,sunny
1108,2023-02-16,03:00 AM,Winter,2,Thu,8.51,1009.14,28.28,1.38,FOGGY
3153,2023-05-12,08:00:00,SPRING,5,Friday,7.74,1015.48,,22.01,Cloudy
1494,2023-03-04,05:00:00,Spring,3,Saturday,21.43,,61.7,,WINDY
2792,2023-04-27,07:00:00,Spring,4,Thursday,29.34,,35.94,17.78,Rainy
1846,2023-03-18,21:00:00,Spring,3,Saturday,22.66,1016.16,50.31,7.22,
942,2023-02-09,05:00:00,WINTER,2,Thursday,9.13,1013.14,40.37,19.82,Stromy
3283,2023-05-17,18:00:00,SPRING,5,Wednesday,11.34,1020.53,54.65,19.3,FOGGY
877,2023-02-06,12:00:00,Winter,2,Monday,5.49,1002.02,59.84,11.63,Rainy 
3270,2023-05-17,05:00:00,Spring,5,Wednesday,20.01,1027.84,70.3,15.21,Stromy
2946,2023-05-03,17:00:00,Spring,5,Wednesday,17.6,1008.11,27.46,9.35,SUNNY
2678,2023-04-22,13:00:00,SPRING,4,Saturday,17.09,1008.56,72.62,24.7,windy
536,2023-01-23,07:00:00,winter,1,Monday,8.82,1013.41,57.6,,STORMY
504,2023-01-21,23:00:00,Winter,1,Saturday,,1005.48,67.44,10.84,Cludy
407,2023-01-17,22:00:00,Winter,1,Tuesday,17.37,1021.64,48.29,19.69, Foggy
3230,2023-05-15,13:00:00,Spring,5,Monday,18.49,1010.92,42.52,5.49,Stromy
569,2023-01-24,16:00:00,Winter,1,Tuesday,4.62,1013.27,38.69,5.49,WINDY
2984,2023-05-05,07:00:00,Spring,5,Friday,16.0,1020.25,49.36,13.57,CLOUDY
1685,2023-03-12,04:00:00,Spring,3,Sunday,22.06,1015.66,99.03,5.83,CLOUDY
2575,2023-04-18,06:00:00,Spring,4,Tuesday,6.22,1025.6,71.3,14.67,cloudy
583,2023-01-25,06:00:00,Winter,1,Wednesday,,1019.79,50.59,11.57,Rainy 
3114,2023-05-10,17:00:00,Spring,5,Wednesday,20.75,1008.76,48.63,8.98,STORMY
1313,2023-02-24,16:00:00,Winter,2,Friday,12.1,1016.39,40.51,8.77,Foggy
3096,2023-05-09,23:00:00,Spring,5,Tuesday,17.61,1032.0,44.76,9.83,FOGGY
679,2023-01-29,06:00:00,WINTER,1,Sunday,10.5,1001.81,60.51,0.6,Sunny
685,2023-01-29,12:00:00,Winter,1,Sunday,6.32,,78.31,17.12,windy
2869,2023-04-30,12:00:00,Spring,4,Sunday,12.19,1011.71,48.03,20.54,Windy
2921,2023-05-02,16:00:00,Spring,5,Tuesday,13.05,1010.71,84.28,12.47,Sunny
1351,2023-02-26,,Winter,2,Sunday,,1009.82,63.02,12.55,STORMY
1057,14/02/2023,00:00:00,Winter,2,Tuesday,1.13,1017.16,83.03,14.52,WINDY
812,2023-02-03,19:00:00,Winter,2,Friday,,1019.18,61.62,7.6,STORMY
246,2023-01-11,05:00:00,Winter,1,Wednesday,11.93,1016.4,40.5,11.71,
1621,2023-03-09,12:00:00,Spring,3,thursday,21.47,996.78,41.71,10.0,Stormy
1722,2023-03-13,17:00:00,Spring,3,Monday,18.9,1006.48,32.86,22.83,Stromy
1219,2023-02-20,18:00:00,Winter,2,Monday,1.78,1014.86,45.88,5.91,FOGGY
2592,2023-04-18,23:00:00,Spring,4,Tuesday,13.28,1018.17,39.77,15.23,Windy
3137,2023-05-11,16:00:00,Spring,5,Thursday,14.75,1006.93,51.57,13.01,WINDY
480,2023-01-20,23:00:00,Winter,1,Friday,4.06,1008.03,52.48,9.17,Sunny
1384,2023-02-27,15:00:00,Winter,2,Monday,14.58,1014.68,52.59,27.01,Rainy 
770,2023-02-02,01:00:00,Winter,2,Thursday,11.88,1017.42,,10.51,Cludy
1355,2023-02-26,10:00:00,Winter,2,Sunday,6.09,997.19,46.45,4.93,Rainy
2616,2023-04-19,23:00:00,Spring,4,wednesday,,1005.08,44.7,6.93,STORMY
2586,2023-04-18,17:00:00,Spring,4,Tuesday,15.75,996.99,,6.19,FOGGY
3099,2023-05-10,02:00:00,Spring,5,Wednesday,24.68,1006.8,44.56,11.04,WINDY
1600,08-Mar-2023,15:00:00,Spring,3,Wednesday,,1002.72,68.2,3.4,Foggy
795,2023-02-03,02:00:00,Winter,2,Friday,0.67,1008.99,69.63,15.09,Cludy
555,,02:00:00,Winter,1,Tuesday,5.82,1012.47,86.5,10.52,stormy
2195,2023/04/02,10:00:00,Spring,4,Sunday,16.28,1022.14,72.36,10.97,RAINY
992,2023-02-11,07:00:00,Winter,2,Saturday,4.96,1015.9,59.67,0.66,CLOUDY
2831,2023-04-28,22:00:00,Spring,4,Friday,19.9,1018.53,57.14,21.62,STORMY
3078,2023-05-09,05:00:00,Spring,5,Tuesday,20.76,1028.18,79.53,14.65,CLOUDY
642,2023-01-27,17:00:00,Winter,1,Friday,3.52,1009.74,,15.91,Cloudy
941,2023-02-09,04:00:00,Winter,2,Thursday,9.61,1012.91,42.8,16.94,Windy
2647,2023-04-21,06:00:00,Spring,4,Friday,13.79,1002.86,67.39,13.93,Sunny
1120,2023-02-16,15:00:00,Winter,2,Thursday,5.69,1019.05,34.08,18.32,Cloudy
1042,2023-02-13,09:00:00,Winter,2,Monday,5.84,1019.35,50.54,10.52,CLOUDY
3109,2023-05-10,12:00:00,Spring,5,Wednesday,9.95,1015.62,43.35,10.51,Foggy
2179,2023-04-01,18:00:00,Spring,4,Saturday,12.16,1010.37,71.62,15.4,WINDY
2699,2023-04-23,10:00:00,Spring,4,Sunday,18.27,1016.53,67.8,10.33,Cludy
2781,2023-04-26,20:00:00,Spring,4,Wednesday,20.07,1013.44,64.86,,windy
144,2023-01-06,23:00:00,Winter,1,FRIDAY,9.63,1011.25,67.44,,Cloudy
ID_129,2023-01-06,08:00:00,Winter,1,Friday,6.81,1005.74,46.35,16.53,Cludy
3176,2023-05-13,07:00:00,SPRING,5,Saturday,NA,1017.04,39.88,7.39,Foggy
600,2023-01-25,23:00:00,Winter,1,Wednesday,3.39,1004.97,58.11,12.42,STORMY
496,2023-01-21,15:00:00,WINTER,1,Saturday,,1001.96,45.6,17.17,stormy
608,2023-01-26,07:00:00,Winter,1,Thursday,13.62,1010.33,63.47,5.88,Stromy
1653,2023-03-10,20:00:00,Spring,3,Friday,14.06,1014.63,65.23,17.78,Sunny 
2113,2023-03-30,00:00:00,Spring,3,thursday,14.07,1015.66,28.67,14.72,Sunny
553,2023-01-24,00:00:00,Winter,1,Tuesday,6.43,1012.99,36.24,15.63,
1407,2023-02-28,14:00:00,Winter,2,Tuesday,16.58,1012.22,59.92,17.71,Rainy 
1003,2023-02-11,18:00:00,Winter,2,Saturday,5.56,1018.07,,3.57,WINDY
2352,2023-04-08,23:00:00,Spring,4,Saturday,21.12,1027.44,,9.44,CLOUDY
517,2023-01-22,12:00:00,Winter,1,Sunday,?,1008.34,18.42,11.19,Foggy
1991,2023-03-24,22:00:00,Spring,3,Fri,14.85,1026.1,43.3,16.41,STORMY
2992,2023-05-05,15:00:00,Spring,5,Friday,,0.0,56.17,21.26,WINDY
2902,2023-05-01,21:00:00,Spring,5,Mon,15.28,1004.38,42.93,13.35,stormy
1515,2023-03-05,02:00:00,Spring,3,Sunday,18.37,1021.21,94.63,15.59, Foggy
1597,2023-03-08,12:00 PM,Spring,3,Wednesday,20.2,1023.14,54.63,3.47,SUNNY
2483,2023-04-14,10:00:00,Spring,4,Friday,21.44,1017.38,44.42,6.92,WINDY
1007,2023-02-11,22:00:00,Winter,2,Saturday,4.61,1010.45,43.28,10.44,foggy
3010,2023/05/06,09:00:00,Spring,5,Saturday,16.69,994.31,81.02,5.58,windy
944,2023-02-09,07:00:00,WINTER,2,Thursday,4.09,1006.92,28.43,14.83,Foggy
3288,,23:00:00,Spring,5,Wednesday,15.1,1009.34,66.88,13.51,Stormy
2403,2023-04-11,02:00:00,Spring,4,tuesday,,1016.99,56.92,15.81,cloudy
214,2023-01-09,21:00:00,Winter,1,Monday,4.81,1022.51,76.31,8.58,Rainy
213,2023-01-09,20:00:00,Winter,1,Monday,4.81,1008.75,,,FOGGY
1053,02-13-2023,20:00:00,Winter,2,Monday,3.72,1003.99,51.15,8.77,Cloudy
3254,2023-05-16,13:00:00,Spring,5,TUESDAY,11.74,,45.13,4.13,SUNNY
1049,2023-02-13,16:00:00,Winter,2,Monday,14.42,993.59,150.0,9.02,windy
399,17-Jan-2023,14:00:00,Winter,1,Tuesday,10.18,1020.23,19.56,5.94,Stromy
1475,2023-03-03,10:00:00,Spring,3,Friday,10.14,1021.65,,,stormy
65,2023-01-03,16:00:00,Winter,1,Tuesday,14.33,1007.34,61.66,16.65,windy
3359,2023-05-20,,Spring,5,Saturday,19.74,1016.25,36.0,19.0,Foggy
350,2023-01-15,13:00:00,winter,1,Sunday,1.26,1005.23,,8.06,FOGGY
1660,2023-03-11,03:00:00,Spring,3,Saturday,19.91,1002.5,49.04,11.75,Cludy
2087,2023-03-28,22:00:00,Spring,3,Tuesday,8.05,1015.66,49.35,13.9,Sunny
ID_1468,2023-03-03,03:00:00,Spring,3,Friday,14.73,1009.91,45.47,13.25,Windy
1785,2023-03-16,08:00:00,Spring,3,Thursday,14.74,1008.11,47.08,20.12, Foggy
535,2023-01-23,06:00:00,winter,1,Monday,8.51,1025.39,36.41,3.19,foggy
1753,2023-03-15,00:00:00,Spring,3,Wednesday,24.73,1024.55,59.37,12.19,sunny
3079,2023-05-09,06:00:00,Spring,5,Tuesday,13.81,1002.52,49.19,16.52,WINDY
402,2023-01-17,17:00:00,Winter,1,Tuesday,5.59,1005.37,56.84,21.75, Foggy
2473,2023-04-14,00:00:00,Spring,4,Friday,19.28,1004.05,73.78,17.49,Sunny
973,2023-02-10,12:00:00,Winter,2,Friday,8.72,1019.8,65.39,15.5,Windy
2762,2023-04-26,01:00:00,Spring,4,Wednesday,17.98,1019.88,76.83,8.47,Foggy
2233,2023-04-04,00:00:00,Spring,4,Tuesday,12.98,1014.01,49.5,13.06,stormy
226,2023-01-10,09:00 AM,Winter,1,Tuesday,9.84,1009.85,55.43,19.67,Rainy
204,2023-01-09,11:00:00,WINTER,1,Monday,15.23,1014.57,70.48,3.09,foggy
2224,2023-04-03,15:00:00,Spring,4,Monday,13.32,1004.39,38.15,24.27,foggy
3248,2023-05-16,07:00:00,Spring,5,Tuesday,15.69,1016.64,51.37,8.46,Sunny
936,2023-02-08,23:00:00,Winter,2,Wednesday,4.43,1017.17,59.83,13.01,Foggy
3026,2023-05-07,01:00:00,Spring,5,Sunday,9.82,1005.65,52.75,18.67,FOGGY
3341,2023-05-20,04:00:00,Spring,5,Sat,17.13,1003.03,42.6,, Foggy
2581,2023-04-18,12:00:00,Spring,4,Tuesday,19.26,1017.79,70.56,10.35,Cloudy
124,2023-01-06,03:00:00,Winter,1,Friday,8.39,1006.11,77.85,15.23,foggy
988,2023-02-11,03:00:00,Winter,2,Saturday,6.6,1002.77,62.73,6.99,stormy
3038,2023-05-07,13:00:00,Spring,5,Sunday,16.44,1004.27,21.89,10.42,
1680,2023-03-11,23:00:00,Spring,3,Saturday,23.24,200.0,81.17,17.16,FOGGY
1882,2023-03-20,09:00:00,Spring,3,Monday,17.63,1006.67,70.24,9.58,Foggy
2443,2023/04/12,18:00:00,Spring,4,Wednesday,21.52,998.81,-3.84,,Stromy
1490,2023-03-04,01:00:00,Spring,3,Saturday,17.38,1017.82,48.32,24.32,Windy
2471,2023-04-13,22:00:00,Spring,4,Thursday,18.23,1011.06,37.01,14.69,Cludy
2190,02-Apr-2023,05:00:00,Spring,4,SUNDAY,15.51,1015.35,57.45,20.77,STORMY
2576,2023-04-18,07:00:00,Spring,4,Tuesday,27.54,1005.18,83.31,6.21,  foggy  
3375,2023-05-21,14:00:00,Spring,5,Sun,10.85,1023.29,56.82,10.78,Stromy
1253,2023-02-22,04:00:00,Winter,2,Wednesday,4.33,1011.87,78.97,16.4,Foggy
3169,2023-05-13,00:00:00,Spring,5,Saturday,16.45,1011.62,31.22,14.14,WINDY
2321,2023-04-07,16:00:00,Spring,4,Friday,23.72,1013.85,42.35,16.21,Sunny
3263,2023-05-16,22:00:00,Spring,5,Tuesday,,1009.49,59.23,21.48,Cludy
1097,2023-02-15,16:00:00,Winter,2,Wednesday,4.96,1009.77,44.71,3.4,windy
1196,2023-02-19,19:00:00,Winter,2,Sunday,9.4,1015.33,29.64,6.13,sunny
701,2023-01-30,04:00:00,WINTER,1,Monday,8.92,1034.54,60.25,5.98,STORMY
2993,2023-05-05,16:00:00,Spring,5,Friday,19.93,991.34,58.94,3.3,
2381,2023-04-10,04:00 AM,SPRING,4,MONDAY,23.15,1028.86,69.31,25.03,FOGGY
1307,2023-02-24,10:00:00,Winter,2,friday,22.68,1004.41,48.57,14.5,Rainy
2676,2023-04-22,11:00:00,Spring,4,Saturday,,1017.9,48.68,19.63,Rainy 
1683,2023-03-12,02:00:00,Spring,3,Sunday,12.78,1027.27,80.22,6.7,WINDY
2377,2023-04-10,00:00:00,Spring,4,Monday,27.24,,53.18,16.36,Stromy
1121,2023-02-16,16:00:00,Winter,2,Thursday,2.03,1015.29,42.32,15.32,stormy
2108,2023-03-29,19:00:00,SPRING,3,Wednesday,9.1,1008.74,43.5,11.53,Rainy 
1748,2023-03-14,19:00:00,Spring,3,Tuesday,17.89,1012.54,63.82,17.77,STORMY
3282,2023-05-17,17:00:00,Spring,5,Wednesday,19.75,993.23,70.8,9.03,STORMY
1897,2023-03-21,00:00:00,Spring,3,Tuesday,21.31,1006.42,39.41,16.91,rainy
2743,2023-04-25,06:00:00,Spring,4,TUESDAY,21.05,1016.8,60.66,10.91,FOGGY
2925,2023-05-02,20:00:00,spring,5,Tuesday,14.85,1003.14,61.43,3.26,Rainy 
1959,2023-03-23,14:00:00,Spring,3,Thursday,21.21,1010.84,58.27,7.05,SUNNY
2349,2023-04-08,20:00:00,Spring,4,Saturday,16.91,1012.75,,16.21,Sunny 
1862,2023-03-19,13:00:00,Spring,3,Sunday,9.1,1025.02,66.64,,RAINY
501,2023-01-21,20:00:00,Winter,1,Saturday,4.62,1011.84,,10.15,STORMY
175,2023-01-08,06:00:00,Winter,1,Sunday,9.63,1002.99,68.86,10.89,RAINY
3426,2023-05-23,17:00:00,spring,5,Tuesday,14.57,,41.07,7.49, Foggy
617,2023-01-26,16:00:00,Winter,1,Thursday,12.35,1020.1,43.55,12.23,  stormy  
3351,2023-05-20,14:00:00,Spring,5,Saturday,12.74,1005.18,54.23,7.37,Stromy
1888,2023-03-20,15:00:00,Spring,3,Monday,21.7,1026.44,-15.0,23.5,SUNNY
1723,2023-03-13,18:00:00,Spring,3,Monday,14.83,1012.23,70.16,33.17,Sunny
3338,2023-05-20,01:00:00,Spring,5,Saturday,8.18,1008.4,40.41,14.8,FOGGY
386,2023-01-17,01:00:00,Winter,1,Tuesday,7.86,1027.18,79.92,9.26,Rainy
565,2023-01-24,12:00:00,Winter,1,Tuesday,12.43,1009.63,,13.19,windy
534,2023-01-23,05:00:00,Winter,1,Monday,11.36,1017.73,49.69,8.56,Stormy
2919,2023-05-02,14:00:00,Spring,5,Tuesday,11.37,1029.84,24.08,7.2,STORMY
2151,2023-03-31,14:00:00,Spring,3,Friday,16.08,1006.9,93.79,14.51,SUNNY
2569,2023-04-18,00:00:00,Spring,4,Tuesday,27.84,,43.59,15.43,Sunny 
2016,2023-03-25,23:00:00,Spring,3,Saturday,18.53,1014.2,32.45,17.97, Foggy
2032,2023-03-26,15:00:00,Spring,3,Sunday,16.33,1020.08,68.19,6.32,CLOUDY
3007,2023-05-06,06:00:00,Spring,5,Saturday,22.83,1016.93,38.09,26.69,stormy
1074,2023-02-14,17:00:00,WINTER,2,Tuesday,0.58,1011.33,73.1,2.84,Stormy
1631,2023-03-09,22:00:00,Spring,3,Thursday,16.26,1012.4,49.47,,RAINY
1326,2023-02-25,05:00:00,Winter,2,Saturday,6.96,,67.87,15.32,stormy
2171,2023-04-01,10:00:00,Spring,4,Saturday,12.38,1013.82,,16.99, Foggy
1767,2023-03-15,14:00:00,Spring,3,WEDNESDAY,19.18,1005.49,49.23,10.77,windy
90,2023-01-04,17:00:00,winter,1,Wednesday,7.91,1010.69,59.84,7.04,Windy
2808,2023-04-27,23:00:00,Spring,4,Thursday,16.69,1013.08,59.54,8.47,WINDY
1039,2023-02-13,06:00:00,winter,2,Monday,8.43,,69.85,10.7,Stromy
1745,2023-03-14,16:00:00,Spring,3,Tuesday,,1021.02,78.4,,stormy
1136,2023-02-17,07:00:00,Winter,2,Friday,2.8,1028.56,27.68,8.41,Cloudy
1026,2023-02-12,17:00:00,Winter,2,Sunday,0.5,1006.77,75.27,17.32,cloudy
2080,2023-03-28,15:00:00,Spring,3,Tuesday,17.06,1019.72,42.62,9.04,cloudy
2528,2023-04-16,07:00:00,Spring,4,Sunday,17.62,1023.51,44.55,23.19,Foggy
885,2023-02-06,08:00 PM,Winter,2,Monday,11.39,1006.5,54.26,11.04,RAINY
3305,2023-05-18,16:00:00,Spring,5,Thursday,20.22,1022.77,,3.68,Sunny 
3030,2023-05-07,05:00:00,Spring,5,Sunday,18.85,1016.86,43.61,,stormy
2939,2023-05-03,10:00:00,Spring,5,Wednesday,13.37,1010.91,46.01,19.41,Sunny 
1614,2023-03-09,05:00:00,Spring,3,Thursday,12.51,1008.05,32.4,5.97,sunny
3400,2023-05-22,15:00:00,Spring,5,Monday,18.84,1018.87,250.0,13.88,STORMY
1278,2023-02-23,05:00:00,Winter,2,thursday,999.0,1013.65,47.79,27.24,Foggy
2649,2023-04-21,08:00:00,Spring,4,Friday,17.59,1019.68,60.04,15.0,CLOUDY
1880,2023-03-20,07:00:00,Spring,3,Monday,26.91,1011.02,19.32,16.02,Cloudy
2181,2023-04-01,20:00:00,Spring,4,Saturday,16.45,1014.54,,300.0,WINDY
452,2023-01-19,19:00:00,Winter,1,Thursday,-1.02,1000.33,59.01,15.05,STORMY
561,2023-01-24,08:00:00,Winter,1,Tuesday,8.53,1017.68,84.65,2.61,Cludy
2672,2023-04-22,07:00:00,spring,4,Saturday,10.11,1006.2,30.43,10.44,
1741,2023-03-14,12:00:00,Spring,3,Tuesday,23.58,1014.86,62.48,9.95,STORMY
48,2023-01-02,23:00:00,Winter,1,Monday,3.77,1000.88,48.3,17.14,WINDY
1386,2023-02-27,17:00:00,WINTER,2,Monday,16.45,,73.36,10.81, Foggy
105,2023-01-05,08:00:00,Winter,1,Thursday,15.76,1013.93,72.69,12.41,sunny
2930,2023-05-03,01:00:00,Spring,5,wednesday,19.86,1007.12,42.3,22.46,windy
2251,2023-04-04,18:00:00,Spring,4,Tuesday,21.83,1021.59,62.48,0.35,STORMY
1472,2023-03-03,07:00:00,Spring,3,Friday,10.61,1026.38,43.94,6.99,foggy
503,2023-01-21,22:00:00,Winter,1,saturday,11.3,1020.5,30.89,7.42,Stromy
2329,2023-04-08,00:00:00,Spring,4,Saturday,23.39,1012.31,53.05,2.78,Sunny 
1960,2023-03-23,15:00:00,Spring,3,Thursday,21.52,1012.38,,9.83,Stromy
413,2023-01-18,04:00:00,Winter,1,Wednesday,13.94,1033.72,63.69,13.95,WINDY
458,2023-01-20,01:00:00,Winter,1,Friday,7.51,1013.15,65.62,13.4,Stromy
3323,2023-05-19,10:00:00,Spring,5,Friday,14.69,,80.61,17.5,Windy
2515,2023-04-15,18:00:00,Spring,4,Saturday,16.89,999.54,62.17,3.36,Rainy
497,2023-01-21,16:00:00,Winter,1,Saturday,12.77,1017.1,65.88,15.1,SUNNY
1203,2023-02-20,02:00:00,Winter,2,Monday,15.14,1009.64,66.35,0.52,foggy
138,2023-01-06,17:00:00,Winter,1,friday,9.86,1008.17,,11.07,rainy
2458,2023-04-13,09:00:00,Spring,4,Thursday,20.61,1007.77,39.72,7.11,foggy
1445,2023-03-02,04:00:00,Spring,3,Thursday,20.26,1010.15,55.44,16.19,SUNNY
529,2023-01-23,00:00:00,Winter,1,Monday,8.2,1004.98,66.11,8.92,Windy
516,2023-01-22,11:00:00,Winter,1,Sunday,12.25,1011.9,,11.38,foggy
1452,2023-03-02,11:00:00,Spring,3,Thursday,23.89,0.0,20.44,9.83,Rainy 
1529,2023-03-05,16:00:00,Spring,3,Sunday,20.4,1006.02,51.9,5.81,Windy
2750,2023-04-25,13:00:00,Spring,4,Tuesday,19.63,1022.43,66.87,10.29,sunny
2542,2023-04-16,21:00:00,Spring,4,Sunday,5.62,1017.01,,12.7,Stormy
1927,2023-03-22,06:00:00,Spring,3,Wednesday,14.19,1010.6,78.64,11.71,Sunny 
1116,2023-02-16,11:00 AM,Winter,2,Thursday,-80.0,1027.79,67.65,18.98,windy
773,2023-02-02,04:00:00,Winter,2,Thursday,,1014.15,27.73,16.56,STORMY
719,2023-01-30,22:00:00,Winter,1,Monday,150.0,1008.32,54.53,6.54,Rainy 
1004,2023-02-11,19:00:00,Winter,2,Saturday,3.08,1014.59,53.81,8.53,Sunny 
3005,2023-05-06,04:00:00,Spring,5,Saturday,21.09,1007.18,64.57,13.28,SUNNY
1189,2023-02-19,12:00:00,Winter,2,Sunday,6.82,1009.74,46.98,13.77,Sunny 
2481,2023-04-14,08:00:00,Spring,4,friday,12.85,1014.82,29.22,-20.0,Cludy
789,2023-02-02,20:00:00,Winter,2,THURSDAY,-6.53,1010.0,39.42,2.21,Windy
2040,2023-03-26,23:00:00,Spring,3,Sunday,18.91,1004.71,61.54,7.43,Windy
2418,2023-04-11,17:00:00,Spring,4,tuesday,13.38,1015.15,57.81,14.33,STORMY
51,2023-01-03,02:00:00,Winter,1,Tuesday,9.79,200.0,71.25,18.32, Foggy
3130,2023-05-11,09:00:00,Spring,5,Thursday,,1029.86,68.33,11.47, Foggy
1732,2023-03-14,03:00:00,Spring,3,Tuesday,7.84,1002.43,55.32,5.21,  Cloudy  
3042,2023-05-07,17:00:00,Spring,5,Sunday,25.79,1018.3,44.64,11.48,Sunny
1815,2023-03-17,14:00:00,spring,3,Friday,17.58,1018.19,46.23,26.71,stormy
2020,2023-03-26,03:00:00,Spring,3,Sunday,17.59,1022.09,60.39,20.01,rainy
3237,2023-05-15,20:00:00,Spring,5,Monday,12.07,1019.66,67.31,6.15,Rainy 
2288,2023-04-06,07:00:00,SPRING,4,Thursday,15.42,1016.33,64.88,-20.0,cloudy
2426,2023-04-12,01:00:00,Spring,4,Wednesday,16.77,1016.57,63.81,12.04,RAINY
1334,2023-02-25,13:00:00,winter,2,Saturday,9.28,1022.55,43.42,,Sunny 
2037,2023-03-26,20:00:00,Spring,3,Sunday,23.42,1012.8,64.42,21.99,Foggy
1596,2023-03-08,11:00:00,Spring,3,Wednesday,28.29,1001.49,47.27,11.24,Foggy
1480,2023-03-03,15:00:00,Spring,3,Friday,21.99,998.01,64.69,5.41,Stormy
1051,2023-02-13,18:00:00,WINTER,2,Monday,9.22,1004.28,40.22,6.18,WINDY
1562,2023-03-07,01:00:00,Spring,3,Tuesday,14.98,1016.98,63.06,15.85, Foggy
3388,2023-05-22,03:00:00,Spring,5,Monday,28.53,1019.11,66.86,13.02,sunny
1414,2023-02-28,21:00:00,Winter,2,Tuesday,,1022.03,41.86,7.17,Rainy 
2702,2023-04-23,13:00:00,Spring,4,Sunday,,1007.71,46.37,11.93,Cludy
934,2023-02-08,21:00:00,winter,2,Wednesday,150.0,1014.16,66.9,11.27,sunny
3401,2023-05-22,16:00:00,Spring,5,Monday,13.55,1013.45,82.25,20.09,Foggy
316,2023-01-14,03:00:00,Winter,1,Saturday,10.79,1013.61,63.08,6.48,Rainy 
1106,2023-02-16,01:00:00,Winter,2,Thursday,14.85,1004.31,73.83,17.68,WINDY
3203,2023-05-14,10:00:00,Spring,5,Sunday,16.06,1014.78,76.44,10.18,  Rainy   
245,2023-01-11,04:00:00,Winter,1,Wednesday,5.74,993.61,31.24,16.56,RAINY
1834,2023-03-18,09:00:00,Spring,3,Saturday,29.85,1024.16,58.63,,Stormy
3246,2023-05-16,05:00:00,Spring,5,Tuesday,,1012.43,41.44,16.74,  RAINY  
1242,2023-02-21,17:00:00,Winter,2,Tuesday,4.72,1011.11,40.91,18.72,Stromy
1456,2023-03-02,03:00 PM,Spring,3,Thursday,18.17,1015.15,38.28,19.18,
2646,2023-04-21,05:00:00,Spring,4,FRIDAY,12.56,1035.41,47.69,1.31, Foggy
1281,2023-02-23,08:00:00,Winter,2,Thursday,1.1,1009.51,51.14,11.58,RAINY
1798,2023-03-16,21:00:00,Spring,3,Thursday,16.58,996.8,57.37,12.2,rainy
1684,2023-03-12,03:00:00,Spring,3,Sunday,18.74,1007.56,64.22,15.06,Stromy
2783,2023-04-26,22:00:00,SPRING,4,Wednesday,14.49,1020.81,,14.37,rainy
2981,2023-05-05,04:00:00,SPRING,5,FRIDAY,21.57,1015.47,57.01,8.33,Rainy
191,2023-01-08,22:00:00,Winter,1,Sunday,5.12,1013.98,93.4,11.42,rainy
2327,2023-04-07,22:00:00,Spring,4,Friday,22.98,1020.5,67.45,14.24,Stromy
366,2023-01-16,05:00:00,Winter,1,Monday,7.31,1003.21,51.86,6.9,RAINY
1163,2023-02-18,10:00:00,Winter,2,Saturday,-0.08,1011.16,51.27,15.76,stormy
2552,2023-04-17,07:00:00,Spring,4,Monday,18.0,1022.57,77.74,2.95,windy
1905,2023-03-21,08:00:00,Spring,3,Tuesday,18.81,1024.96,35.31,14.36,WINDY
468,2023-01-20,11:00:00,Winter,1,Friday,2.55,1009.71,38.41,10.71,RAINY
2215,2023-04-03,06:00:00,Spring,4,Monday,19.04,1014.06,30.95,1.11,Windy
855,2023-02-05,14:00:00,WINTER,2,Sunday,12.2,,35.61,8.81,Cludy
500,2023-01-21,19:00:00,Winter,1,Saturday,7.87,1005.95,,7.53,SUNNY
1268,2023-02-22,19:00:00,Winter,2,Wednesday,7.9,1015.31,37.32,10.68,sunny
1280,2023-02-23,07:00:00,Winter,2,Thursday,16.37,,31.26,16.9,rainy
2311,2023-04-07,06:00:00,Spring,4,Friday,21.91,1012.48,54.8,5.36,cloudy
2043,2023-03-27,02:00:00,Spring,3,Monday,,1012.09,46.85,19.58,Foggy
3067,2023-05-08,18:00:00,Spring,5,Monday,10.47,1014.17,45.93,15.78,
2587,2023-04-18,18:00:00,Spring,4,Tuesday,21.09,1007.61,68.32,20.39,windy
328,2023-01-14,15:00:00,Winter,1,Saturday,13.43,1016.8,54.62,16.91,
430,2023-01-18,21:00:00,Winter,1,Wednesday,9.66,1014.52,65.64,,STORMY
626,2023-01-27,01:00:00,Winter,1,Friday,10.85,1020.75,50.03,8.33,WINDY
3328,2023-05-19,15:00:00,Spring,5,Friday,25.47,1002.13,46.17,,Stromy
537,2023-01-23,08:00:00,Winter,1,Monday,6.88,1024.92,30.99,7.03,Sunny
2354,2023-04-09,01:00:00,Spring,4,Sunday,,1009.76,36.63,6.64,stormy
3286,2023-05-17,21:00:00,spring,5,Wednesday,18.17,,53.29,12.09,STORMY
345,2023-01-15,08:00:00,Winter,1,Sunday,4.65,1021.32,45.92,22.96,Rainy 
1716,2023-03-13,11:00:00,Spring,3,Monday,13.87,1027.77,84.0,13.54,Sunny
1145,2023-02-17,16:00:00,Winter,2,Friday,2.12,1027.56,46.5,16.99,SUNNY
390,2023-01-17,05:00:00,Winter,1,Tuesday,12.57,1006.57,77.39,10.37,RAINY
488,2023-01-21,07:00:00,Winter,1,Saturday,13.63,1500.0,,19.57,FOGGY
2422,2023-04-11,21:00:00,Spring,4,Tuesday,14.1,1020.94,26.76,2.86,Rainy
2741,2023-04-25,04:00:00,Spring,4,Tuesday,3.13,1002.87,43.78,13.75,WINDY
2851,2023-04-29,18:00:00,Spring,4,Saturday,17.2,1007.27,45.42,5.52,Stormy
1559,2023-03-06,22:00:00,Spring,3,Monday,17.08,993.1,51.67,17.82,Sunny
1339,2023-02-25,18:00:00,Winter,2,Saturday,8.84,,-,,Stromy
845,2023-02-05,04:00:00,Winter,2,Sunday,6.6,,62.59,7.63,Rainy
3369,2023-05-21,08:00:00,Spring,5,Sunday,10.23,1021.04,32.42,14.41,Sunny
12,2023-01-01,11:00:00,Winter,1,Sunday,0.61,1007.24,48.09,18.34,Cludy
2461,2023-04-13,12:00:00,Spring,4,Thursday,12.47,1023.68,46.79,4.49,Windy
1305,2023-02-24,08:00:00,Winter,2,Friday,9.45,1008.94,47.29,4.81,sunny
2707,2023-04-23,18:00:00,Spring,4,Sunday,12.42,1010.77,49.42,13.69,STORMY
2,2023-01-01,01:00:00,Winter,1,Sunday,6.83,1011.13,,16.6,SUNNY
76,2023-01-04,03:00:00,winter,1,WEDNESDAY,3.86,1008.52,66.21,15.66,Windy
1014,2023-02-12,05:00:00,Winter,2,Sunday,10.3,1014.56,39.7,13.24,rainy
3212,2023-05-14,19:00:00,Spring,5,Sunday,28.79,1013.29,82.21,4.98,SUNNY
1428,01/03/2023,11:00:00,Spring,3,Wednesday,14.13,1028.19,56.31,5.78,CLOUDY
2198,2023-04-02,13:00:00,Spring,4,Sunday,21.4,1007.32,23.28,9.46,sunny
2964,2023-05-04,11:00:00,Spring,5,Thu,24.16,1016.5,46.54,1.95,stormy
3233,2023-05-15,16:00:00,Spring,5,Monday,10.61,995.16,44.21,8.25,foggy
2819,2023-04-28,10:00:00,Spring,4,Friday,,1019.27,65.62,16.65,Windy
844,2023-02-05,03:00:00,Winter,2,Sunday,15.25,1027.46,29.76,5.86,Stromy
1866,2023-03-19,17:00:00,Spring,3,Sunday,14.97,1012.74,37.29,5.09,Stormy
2278,2023-04-05,21:00:00,Spring,4,Wednesday,25.66,1016.36,82.72,15.24,  sunny  
1463,2023-03-02,22:00:00,Spring,3,Thursday,13.39,1008.48,58.65,9.18,Stormy
2991,2023-05-05,14:00:00,Spring,5,Friday,18.09,1013.3,,6.06,Cloudy
1987,2023-03-24,18:00:00,Spring,3,Fri,20.06,1005.47,71.81,16.83,stormy
2687,2023-04-22,22:00:00,Spring,4,Saturday,26.39,1012.42,52.27,6.35,RAINY
1269,2023-02-22,20:00:00,Winter,2,WEDNESDAY,11.05,1000.56,58.01,12.6,Cloudy
923,2023-02-08,10:00:00,Winter,2,Wednesday,14.38,1011.79,63.0,17.04,STORMY
749,2023-02-01,04:00:00,Winter,2,Wednesday,8.36,1011.3,40.72,12.46,
154,2023-01-07,09:00:00,Winter,1,Saturday,9.4,1004.0,91.69,12.78,rainy
1781,2023-03-16,04:00:00,SPRING,3,Thursday,15.82,1006.27,47.83,11.73,Cludy
867,2023-02-06,02:00:00,Winter,2,MONDAY,8.88,1002.31,48.82,12.79,Cludy
2791,2023-04-27,06:00:00,Spring,4,Thursday,24.63,1005.22,25.86,26.16,Windy
75,2023-01-04,02:00:00,Winter,1,Wednesday,12.5,1015.46,67.19,15.78,Windy
2225,2023-04-03,16:00:00,Spring,4,Monday,20.65,1015.44,39.14,15.74,Cludy
339,2023-01-15,02:00:00,Winter,1,sunday,10.71,1019.07,46.35,3.55,Rainy 
1285,2023-02-23,12:00:00,Winter,2,Thursday,10.4,1018.83,44.61,8.05,SUNNY
