record_id,date,time,season,month,day_of_week,temperature,pressure,humidity,wind_speed,weather_condition
3110,5/10/2023,13:00:00,Spring,5.0,Wednesday,19.55,1011.3,58.46,16.04,RAINY
668,1/28/2023,19:00:00,Winter,1.0,Saturday,10.76,1018.01,44.55,15.49,Sunny
1373,2/27/2023,4:00:00,Winter,2.0,Monday,4.44,1009.92,48.83,18.13,Sunny
3422,5/23/2023,13:00:00,Spring,5.0,Tuesday,21.48,1024.77,68.61,18.54,stormy
647,1/27/2023,22:00:00,Winter,1.0,Friday,13.48,1007.99,35.21,10.78,sunny
646,1/27/2023,21:00:00,Winter,1.0,Friday,9.86,1016.11,54.2,19.34,windy
2573,4/18/2023,4:00:00,Spring,4.0,Tuesday,15.07,1006.99,40.02,3.65,rainy
3345,5/20/2023,8:00:00,Spring,5.0,Saturday,15.85,1009.11,75.7,15.36,WINDY
1349,2/26/2023,4:00:00,Winter,2.0,Sunday,8.51,1014.19,33.83,16.82,cloudy
3069,5/8/2023,20:00:00,Spring,5.0,Monday,17.2,1003.49,57.91,18.16,Windy
3162,5/12/2023,17:00:00,Spring,5.0,Friday,19.55,1025.9,72.96,9.26,Cloudy
2774,4/26/2023,13:00:00,Spring,4.0,Wednesday,17.69,1014.31,46.04,15.7,rainy
358,1/15/2023,21:00:00,Winter,1.0,Sunday,6.89,1010.79,59.61,16.89,rainy
3391,5/22/2023,6:00:00,Spring,5.0,Monday,18.25,1014.36,26.71,9.76,FOGGY
340,1/15/2023,3:00:00,Winter,1.0,Sunday,5.27,1016.13,32.82,13.1,foggy
2133,3/30/2023,20:00:00,SPRING,3.0,Thursday,23.05,1009.43,41.77,3.34,RAINY
432,1/18/2023,23:00:00,Winter,1.0,Wednesday,3.32,1021.69,46.96,16.85,sunny
2805,4/27/2023,20:00:00,Spring,4.0,Thursday,23.52,1011.98,64.63,9.7,Cloudy
1856,3/19/2023,7:00:00,Spring,3.0,Sunday,15.86,1012.92,37.99,18.18,Sunny 
3404,5/22/2023,19:00:00,Spring,5.0,Monday,12.72,1007.24,92.28,12.82, Foggy
2502,4/15/2023,5:00:00,Spring,4.0,Saturday,23.99,1006.83,70.01,7.31,Cludy
1232,2/21/2023,7:00:00,Winter,2.0,Tuesday,10.24,1008.99,48.27,13.43,windy
3410,5/23/2023,1:00:00,Spring,5.0,Tuesday,15.31,1001.13,80.17,12.64,RAINY
783,2/2/2023,14:00:00,Winter,2.0,Thursday,8.36,1009.71,53.66,11.77,Stormy
1424,3/1/2023,7:00:00,Spring,3.0,Wednesday,19.66,1004.62,80.67,15.14,FOGGY
1259,2/22/2023,10:00:00,Winter,2.0,Wednesday,11.66,1017.31,65.74,26.37,FOGGY
1613,3/9/2023,4:00:00,Spring,3.0,Thursday,6.74,1015.69,50.91,17.82,Cloudy
1191,2/19/2023,14:00:00,Winter,2.0,Sunday,1.65,1018.35,65.08,14.31,Foggy
3154,5/12/2023,9:00:00,Spring,5.0,Friday,10.36,1025.46,56.13,14.93,Rainy
2273,4/5/2023,16:00:00,Spring,4.0,Wednesday,17.34,1008.38,65.46,9.91,windy
2608,4/19/2023,15:00:00,Spring,4.0,Wednesday,23.53,1003,48.66,18.17, Foggy
842,2/5/2023,1:00:00,Winter,2.0,Sunday,4.45,1028.63,47.11,13.07,Windy
1929,3/22/2023,8:00:00,Spring,3.0,Wednesday,16.76,1015.67,74.49,16.01,WINDY
1064,2/14/2023,7:00:00,Winter,2.0,Tuesday,9.05,1004.27,58.51,18.21,Cludy
2343,4/8/2023,14:00:00,Spring,4.0,Saturday,22.88,1015.95,32.41,11.7,Cludy
705,1/30/2023,8:00:00,Winter,1.0,Monday,10.41,1015.95,60.91,0.43,sunny
2850,4/29/2023,17:00:00,Spring,4.0,Saturday,18.59,1006.57,54.43,10.74,Foggy
2401,4/11/2023,0:00:00,Spring,4.0,Tuesday,7.01,1023.15,57.85,9.72,stormy
595,1/25/2023,18:00:00,Winter,1.0,Wednesday,6.2,1002.39,48.8,13.56,SUNNY
232,1/10/2023,15:00:00,Winter,1.0,Tuesday,13.98,1000.81,46.62,14.26,Stormy
734,1/31/2023,13:00:00,Winter,1.0,tuesday,3.55,1020.64,68.14,20.84,RAINY
304,1/13/2023,15:00:00,Winter,1.0,Friday,4.41,1020.16,50.58,19.49,Foggy
1768,3/15/2023,15:00:00,Spring,3.0,Wednesday,26.03,996.35,73.09,6.38,Stromy
1774,3/15/2023,21:00:00,Spring,3.0,Wednesday,10.7,1022.53,65.13,1.7,foggy
615,1/26/2023,14:00:00,Winter,1.0,Thursday,5.1,1014.92,-15,14.83,Rainy 
2017,3/26/2023,0:00:00,Spring,3.0,Sunday,13.59,1013.72,72.47,17.55,Foggy
2824,4/28/2023,3:00 PM,Spring,4.0,Friday,23.89,1027.67,28.43,4.62,windy
2873,4/30/2023,16:00:00,Spring,4.0,Sunday,14.86,1022.66,42.79,13.08,Foggy
1172,2/18/2023,19:00:00,Winter,2.0,Saturday,2.81,1018.32,43.06,6.3,foggy
231,1/10/2023,14:00:00,WINTER,1.0,tuesday,13.37,1004.79,56.99,7.8,windy
700,1/30/2023,3:00:00,Winter,1.0,Monday,10.87,998.71,49.61,13.81,WINDY
2807,4/27/2023,22:00:00,Spring,4.0,Thursday,22.3,990.86,95.72,21.01,Stromy
1662,3/11/2023,5:00:00,spring,3.0,Saturday,13.11,1027.39,63.29,6.38,CLOUDY
765,2/1/2023,20:00:00,Winter,2.0,Wednesday,5.22,1014.64,36.97,9.63,Cloudy
460,1/20/2023,3:00:00,Winter,1.0,Friday,2.28,1013.87,54.5,10.75,Rainy 
810,2/3/2023,17:00:00,Winter,2.0,Friday,13.04,1002.96,57.77,17.63,Cloudy
1658,3/11/2023,1:00:00,Spring,3.0,Saturday,15.04,1016.52,31.48,14.74,stormy
86,4/1/2023,13:00:00,Winter,1.0,Wednesday,3.89,1014.95,58.67,8.96,Windy
2395,4/10/2023,18:00:00,Spring,4.0,Monday,9.95,1019.03,38.77,9.97,Rainy 
115,1/5/2023,18:00:00,Winter,1.0,Thursday,7.46,1004.72,46.7,4.81,Stormy
3214,5/14/2023,21:00:00,Spring,5.0,SUNDAY,14.09,1009.32,37.47,1.13,CLOUDY
1241,2/21/2023,16:00:00,Winter,2.0,Tuesday,6.41,1004.76,53.15,13.85,stormy
2553,4/17/2023,8:00:00,Spring,4.0,Monday,18.05,1007.49,50.34,14.42,Rainy
1821,3/17/2023,20:00:00,Spring,3.0,Friday,14.13,1023.94,84.5,11.77,SUNNY
1795,3/16/2023,18:00:00,Spring,3.0,Thursday,23.94,1005.28,48.78,7.65,cloudy
1197,2/19/2023,8:00 PM,winter,2.0,SUNDAY,21.78,1010.56,65.96,8.1,Windy
759,2/1/2023,14:00:00,Winter,2.0,Wednesday,10.27,1005.14,55.88,14.68,CLOUDY
543,1/23/2023,14:00:00,Winter,1.0,Monday,6.83,1016.73,69.81,11.54,WINDY
1109,2/16/2023,4:00:00,Winter,2.0,Thursday,9.13,1008.51,46.7,16.18,CLOUDY
2718,4/24/2023,5:00:00,Spring,4.0,Monday,14.44,1017.76,74.48,13.69,Cloudy
2145,3/31/2023,8:00 AM,Spring,3.0,Friday,18.08,1005.1,21.16,14.59,windy
1279,2/23/2023,6:00:00,Winter,2.0,Thursday,7.8,1001.77,52.99,15.12,Stromy
1066,2/14/2023,9:00:00,Winter,2.0,Tuesday,12.99,1010.71,66.39,10.25,RAINY
1035,2/13/2023,2:00:00,Winter,2.0,Monday,7.72,1015.7,68.37,12.03,windy
633,1/27/2023,8:00:00,Winter,1.0,Friday,18.28,1003.95,62.1,6.44,SUNNY
3175,5/13/2023,6:00:00,Spring,5.0,Saturday,25.12,1011.93,34.2,8.86,RAINY
1586,3/8/2023,1:00:00,Spring,3.0,Wednesday,13.37,1012.09,52.85,11.01,rainy
930,2/8/2023,17:00:00,Winter,2.0,wednesday,24.22,1031.46,52.28,11.36,windy
1237,2/21/2023,12:00:00,Winter,2.0,Tuesday,16.74,1021.32,43.9,3.99,cloudy
1876,3/20/2023,3:00:00,Spring,3.0,Monday,150,1013.97,66.3,12.6,STORMY
3370,5/21/2023,9:00:00,Spring,5.0,Sunday,16.24,1005.03,60.24,13.21,  sunny  
781,2/2/2023,12:00:00,Winter,2.0,Thursday,5.58,1008.1,62.37,9.85,SUNNY
35,1/2/2023,10:00:00,Winter,1.0,Monday,4.08,1010.42,67.2,4.61,rainy
1672,3/11/2023,15:00:00,Spring,3.0,Saturday,18.08,1014.15,47.26,6.45,Windy
292,1/13/2023,3:00:00,WINTER,1.0,Friday,13.11,1032.52,75.76,15.38,windy
3397,5/22/2023,12:00:00,Spring,5.0,Monday,21.6,1017.17,45.89,14.57,Cloudy
153,1/7/2023,8:00:00,Winter,1.0,Saturday,-0.89,1024.97,64.82,11.67,FOGGY
3140,5/11/2023,19:00:00,Spring,5.0,Thursday,18.04,1012.94,38.18,3.29,Rainy
206,1/9/2023,13:00:00,winter,1.0,Monday,5.41,1024.27,89.48,9.82,Stormy
1100,2/15/2023,19:00:00,Winter,2.0,Wednesday,3.5,1005.29,71.2,17.66,CLOUDY
1096,2/15/2023,15:00:00,Winter,2.0,Wednesday,8.79,1014.41,45,13.19,STORMY
697,1/30/2023,0:00:00,Winter,1.0,Monday,5.56,1010.18,43.45,4.22,SUNNY
297,1/13/2023,8:00:00,Winter,1.0,Friday,3.05,1020.53,40.26,10.65,Foggy
2071,3/28/2023,6:00:00,spring,3.0,Tuesday,16.42,1024,67.1,5.66,rainy
2675,4/22/2023,10:00:00,Spring,4.0,Saturday,24.89,1030.19,62.82,0.51,STORMY
2923,5/2/2023,18:00:00,Spring,5.0,Tuesday,16.48,1023.46,46.42,22.57,Rainy
2065,3/28/2023,0:00:00,SPRING,3.0,Tuesday,23.61,1014.83,50.15,13.61,Sunny
217,1/10/2023,0:00:00,Winter,1.0,Tuesday,4.94,1009.9,59.29,14.01,STORMY
525,1/22/2023,20:00:00,Winter,1.0,Sunday,11.35,1004.43,31.69,16.91,WINDY
1465,3/3/2023,0:00:00,Spring,3.0,Friday,6.88,1008.86,50.49,8.21,Stormy
94,1/4/2023,21:00:00,winter,1.0,WEDNESDAY,15.26,1020.67,87.3,7.4,FOGGY
1090,2/15/2023,9:00:00,Winter,2.0,Wednesday,9.14,1010.41,63.87,16.08,windy
1603,3/8/2023,18:00:00,Spring,3.0,Wednesday,15.81,1014.46,61.59,11.41,SUNNY
205,1/9/2023,12:00:00,Winter,1.0,monday,9.34,1020.12,56.23,18.39,rainy
3289,5/18/2023,0:00:00,Spring,5.0,Thursday,13.47,1023.45,29.52,16.71,CLOUDY
3414,5/23/2023,5:00:00,Spring,5.0,Tuesday,24.71,1011.15,250,10.1,Sunny 
1017,2/12/2023,8:00:00,Winter,2.0,Sunday,3.04,1007.94,57.84,13.78,foggy
445,1/19/2023,12:00:00,Winter,1.0,Thursday,4.94,1012.7,48.56,7.85,Rainy 
2770,4/26/2023,9:00:00,Spring,4.0,Wed,15.24,1004.53,37.34,21.37,WINDY
1287,2/23/2023,14:00:00,Winter,2.0,Thursday,12.54,1013.99,53.14,10.73,WINDY
902,2/7/2023,13:00:00,Winter,2.0,Tuesday,11.91,1006.67,43.3,18.49,Cloudy
2742,4/25/2023,5:00:00,Spring,4.0,Tuesday,19.45,1011.64,64.53,5.84,Cludy
3052,5/8/2023,3:00:00,SPRING,5.0,Monday,25.41,1019.07,67.49,15.53,FOGGY
1225,2/21/2023,0:00:00,Winter,2.0,Tuesday,-0.44,1004.04,65.06,15.62,Sunny
1288,2/23/2023,15:00:00,Winter,2.0,Thursday,11.73,1015.6,89.14,6.89,FOGGY
3385,5/22/2023,0:00:00,Spring,5.0,Monday,13.57,1019.21,39.92,9.8,foggy
443,1/19/2023,10:00:00,Winter,1.0,Thursday,8.62,1017.41,55.65,22.17,FOGGY
30,1/2/2023,5:00:00,Winter,1.0,Monday,7.83,1003.65,72.14,16.51,Rainy
733,1/31/2023,12:00:00,Winter,1.0,Tuesday,15.89,1020.88,68.04,9.27,CLOUDY
2764,4/26/2023,3:00:00,Spring,4.0,Wednesday,19.94,1013,67.4,7.53,Stormy
3199,5/14/2023,6:00:00,Spring,5.0,Sunday,26.41,1010.26,92.55,12.15,Cloudy
2008,3/25/2023,15:00:00,Spring,3.0,Saturday,9.87,1013.66,48.78,21.01,cloudy
1592,3/8/2023,7:00:00,Spring,3.0,Wednesday,24.95,1027.3,51.3,1.81,sunny
1376,2/27/2023,7:00:00,Winter,2.0,Monday,11.52,1017.27,57.48,3.71,Rainy
3116,5/10/2023,19:00:00,Spring,5.0,Wednesday,10.31,1030.47,40.51,11.03,RAINY
846,2/5/2023,5:00:00,Winter,2.0,Sunday,18.83,1022.52,58.19,18.16,Stormy
2132,3/30/2023,19:00:00,Spring,3.0,Thursday,9.28,1004.56,150,13.27,Stormy
2345,4/8/2023,16:00:00,Spring,4.0,Saturday,7.68,1022.77,49,12.94,stormy
3231,5/15/2023,14:00:00,Spring,5.0,Monday,12.32,1016.24,47.2,3.47,Sunny 
2719,4/24/2023,6:00:00,Spring,4.0,Monday,21.44,1017.88,76.29,0.3,RAINY
2059,3/27/2023,18:00:00,Spring,3.0,Monday,7.78,1008.37,70.84,16.73, Foggy
670,1/28/2023,21:00:00,Winter,1.0,Saturday,9.75,1000.48,56.43,10.42, Foggy
1817,3/17/2023,16:00:00,Spring,3.0,Friday,17.26,1007.75,68.11,12.47,sunny
3092,5/9/2023,19:00:00,Spring,5.0,Tuesday,21.75,999.5,51.21,15.5,stormy
2394,4/10/2023,17:00:00,Spring,4.0,Monday,15.55,991.04,61.08,6.93,foggy
1462,3/2/2023,21:00:00,Spring,3.0,Thursday,21.6,1008.64,98.91,6.03,Rainy
57,1/3/2023,8:00:00,Winter,1.0,Tuesday,5.64,1021.71,55.96,5.53,rainy
1668,3/11/2023,11:00:00,Spring,3.0,Saturday,19.93,1018.62,58.61,8.01,Rainy
777,2/2/2023,8:00:00,Winter,2.0,Thursday,4.35,1015.89,35.6,15.43,Rainy
921,2/8/2023,8:00:00,Winter,2.0,Wednesday,2.4,1009.85,57.68,19.38,Rainy
764,2/1/2023,19:00:00,Winter,2.0,Wednesday,6.56,1006.73,81.02,6.86,stormy
2455,4/13/2023,6:00:00,Spring,4.0,Thursday,18.57,1013.01,38.66,18.65,STORMY
26,1/2/2023,1:00:00,Winter,1.0,Monday,0.92,1009.63,49.86,7.19,STORMY
1902,3/21/2023,5:00:00,Spring,3.0,Tuesday,19.53,1007.15,41.54,8.18,Windy
2077,3/28/2023,12:00:00,Spring,3.0,TUESDAY,22.16,1019.38,33.64,23.47,rainy
370,1/16/2023,9:00:00,Winter,1.0,Monday,7.4,1016.36,41.69,9.38,sunny
1368,2/26/2023,23:00:00,Winter,2.0,Sunday,6.37,1014,77.73,14.29,SUNNY
2362,4/9/2023,9:00:00,Spring,4.0,Sunday,25.17,999.08,43,8.68,Rainy
1915,3/21/2023,18:00:00,Spring,3.0,Tuesday,25.6,995.91,66.4,6.96,cloudy
29,1/2/2023,4:00:00,winter,1.0,Monday,?,1032.71,52.11,13.81,sunny
620,26-Jan-23,19:00:00,Winter,1.0,Thursday,6.85,1024.63,34.92,16.16,Rainy
415,1/18/2023,6:00:00,Winter,1.0,Wednesday,8.84,1023.54,39.9,18.84,windy
686,1/29/2023,13:00:00,Winter,1.0,Sunday,10.07,1016.71,55.65,15.35,Stormy
2147,3/31/2023,10:00:00,Spring,3.0,Friday,16.67,1017.45,82.96,0.85,stormy
2361,4/9/2023,8:00:00,Spring,4.0,Sunday,9.21,1010.99,40.42,12.48,Rainy
1758,3/15/2023,5:00:00,Spring,3.0,Wednesday,12.22,1015.58,34.54,8.81,Stormy
1016,2/12/2023,7:00:00,Winter,2.0,Sunday,11.75,1015.23,40.74,13.91,STORMY
1055,2/13/2023,22:00:00,Winter,2.0,Monday,150,1009.15,59.87,1.18,RAINY
2640,4/20/2023,23:00:00,Spring,4.0,Thursday,19.37,1010.87,53.46,20.18,Rainy 
1526,3/5/2023,13:00:00,Spring,3.0,Sunday,15.06,1014.84,38,14.1,RAINY
1523,3/5/2023,10:00:00,Spring,3.0,Sunday,19.32,1012.68,66.18,12.56,WINDY
1389,2/27/2023,20:00:00,Winter,2.0,Monday,7.14,1018.11,54.05,3.29,Cludy
698,1/30/2023,1:00:00,Winter,1.0,Monday,5.72,1014.45,63.93,8.66,Windy
1675,3/11/2023,18:00:00,Spring,3.0,Saturday,22.99,1022.02,38.05,7.06,WINDY
2928,5/2/2023,23:00:00,Spring,5.0,Tuesday,23.63,1012.21,85.03,12.26,stormy
405,1/17/2023,20:00:00,Winter,1.0,Tuesday,9.49,1006.99,48.6,18.89,Rainy 
1766,3/15/2023,13:00:00,Spring,3.0,Wednesday,25.68,1017.78,44.33,12.7,sunny
1154,2/18/2023,1:00:00,Winter,2.0,Saturday,15.21,1008.9,-15,10.14,Stormy
218,1/10/2023,1:00:00,Winter,1.0,Tuesday,11.29,1029.08,52.35,7.21,Sunny
2490,4/14/2023,17:00:00,Spring,4.0,Friday,19.96,1004.72,64.76,14.56,  Sunny  
3057,5/8/2023,8:00:00,Spring,5.0,Monday,14.97,1023.68,34.63,11.45,windy
28,1/2/2023,3:00:00,Winter,1.0,Mon,9.29,1012.4,26.22,11.84,Stormy
1076,2/14/2023,19:00:00,Winter,2.0,Tuesday,5.88,1002.08,40.39,16.22,rainy
2428,4/12/2023,3:00:00,Spring,4.0,Wed,11.28,1004.4,39.3,16.07,Windy
935,2/8/2023,22:00:00,Winter,2.0,Wednesday,5.71,1011.73,49.44,3.91,WINDY
1808,3/17/2023,7:00:00,Spring,3.0,Friday,18.8,1018.3,39.41,22.13,Sunny
775,2/2/2023,6:00:00,winter,2.0,Thursday,13.21,1017.67,53.06,15.48,Sunny 
630,1/27/2023,5:00:00,Winter,1.0,Friday,8.43,995.25,51.55,6.89,Foggy
797,3/2/2023,4:00:00,Winter,2.0,Friday,4.1,1023.64,37.05,17.36,RAINY
533,1/23/2023,4:00:00,Winter,1.0,Monday,11.58,1018.75,61.58,12.12,Foggy
1765,3/15/2023,12:00:00,Spring,3.0,Wednesday,16.65,1012.78,84.3,16.12,Sunny 
635,1/27/2023,10:00:00,Winter,1.0,Friday,12.88,1020.35,36.31,12.33,Windy
2567,4/17/2023,22:00:00,Spring,4.0,Monday,21.82,1016.21,48.6,11.25,STORMY
514,1/22/2023,9:00:00,Winter,1.0,Sunday,4.71,1010.57,34.81,7.08,Stromy
1002,2/11/2023,17:00:00,Winter,2.0,Saturday,1.17,1017.74,14.43,8.22,windy
2584,4/18/2023,15:00:00,Spring,4.0,Tuesday,27.48,1011.8,58,11.6,Windy
286,1/12/2023,21:00:00,Winter,1.0,Thursday,6.51,1024.01,52.75,12.75,cloudy
3108,5/10/2023,11:00:00,Spring,5.0,Wednesday,16.8,1010.81,75.24,21.23,windy
1816,3/17/2023,15:00:00,Spring,3.0,Friday,27.92,1013.1,60.8,20.16,Rainy
2626,4/20/2023,9:00:00,Spring,4.0,Thursday,25.71,1023.67,66.67,12.45,Foggy
1367,2/26/2023,22:00:00,Winter,2.0,Sunday,-1.84,1012.83,59.4,13.5,Cloudy
1037,2/13/2023,4:00:00,Winter,2.0,Monday,0.41,991.95,60.83,11.43,Rainy 
2464,4/13/2023,15:00:00,Spring,4.0,Thursday,21.43,1007.87,46.46,15.55,CLOUDY
2674,4/22/2023,9:00:00,Spring,4.0,Saturday,23.34,1012.29,65.27,5.54,Sunny
3249,5/16/2023,8:00:00,Spring,5.0,Tuesday,24.5,994.56,73.55,8.73,WINDY
1893,3/20/2023,20:00:00,Spring,3.0,Monday,23.88,1008.33,38.71,12.18,FOGGY
2877,4/30/2023,20:00:00,Spring,4.0,Sunday,27.31,1014,71.49,9.89,Sunny
2023,3/26/2023,6:00:00,Spring,3.0,Sunday,20.2,1008.83,39.24,17.08,windy
3418,5/23/2023,9:00:00,Spring,5.0,Tuesday,18.16,1025.29,81.75,12.45,Rainy 
3172,5/13/2023,3:00:00,SPRING,5.0,SATURDAY,13.53,0,18.09,11.16,stormy
2767,4/26/2023,6:00:00,Spring,4.0,Wednesday,24.36,1010.38,50.53,14.72,Stormy
266,1/12/2023,1:00:00,Winter,1.0,Thursday,11.86,990.21,72.23,1.56,Stormy
2485,4/14/2023,12:00:00,Spring,4.0,Friday,19.56,1019.87,36.06,0.53,foggy
2709,4/23/2023,20:00:00,Spring,4.0,Sunday,15.19,1010.99,79.68,10.59,foggy
1968,3/23/2023,23:00:00,Spring,3.0,Thursday,12.22,1018.8,77.9,23.42, Foggy
1874,3/20/2023,1:00:00,Spring,3.0,Monday,14.99,1013.01,39.11,300,cloudy
68,1/3/2023,19:00:00,Winter,1.0,Tuesday,5.8,1014.05,76.62,3.38,Stormy
2130,3/30/2023,17:00:00,Spring,3.0,Thursday,13.36,1023.31,45.49,18.77,RAINY
1909,3/21/2023,12:00:00,Spring,3.0,Tuesday,22.83,1018.63,82.78,9.49,Stormy
2177,4/1/2023,16:00:00,Spring,4.0,Saturday,26.72,1018.31,58.07,14.45,Sunny 
1990,3/24/2023,21:00:00,Spring,3.0,Friday,17.79,1030.27,56.37,9.72,windy
2423,4/11/2023,22:00:00,Spring,4.0,tuesday,17.91,1015.35,62.27,10.19,windy
1751,3/14/2023,22:00:00,Spring,3.0,Tuesday,21.93,998.78,65.72,10.6,foggy
2947,5/3/2023,18:00:00,spring,5.0,Wednesday,12.32,1014.85,45.16,18.67,Foggy
556,1/24/2023,3:00:00,Winter,1.0,Tuesday,6.21,1007.82,66.16,10.91,Sunny 
2858,4/30/2023,1:00:00,Spring,4.0,Sunday,17.59,1017.51,50.97,14.09,WINDY
520,1/22/2023,15:00:00,Winter,1.0,Sunday,11.08,1022.63,52.91,9.3,Sunny 
269,1/12/2023,4:00:00,Winter,1.0,Thursday,8.38,1002.74,69.94,9.04,Stromy
2041,3/27/2023,0:00:00,Spring,3.0,Monday,17.29,1020.02,66.86,11.87,Stromy
1365,2/26/2023,20:00:00,Winter,2.0,Sun,4.86,1010.78,39.46,10.78,Stromy
2201,4/2/2023,16:00:00,Spring,4.0,Sunday,?,1003.77,62.45,15.81,SUNNY
1033,2/13/2023,0:00:00,Winter,2.0,Monday,4.32,1026.25,51.35,12.01,windy
2148,3/31/2023,11:00:00,Spring,3.0,Friday,14.5,1011.32,76.82,2.18, Foggy
2005,3/25/2023,12:00:00,Spring,3.0,Saturday,14.34,1007.08,86.81,17.87,STORMY
196,1/9/2023,3:00:00,Winter,1.0,Monday,8.89,1002.32,60.7,15.66,stormy
2744,4/25/2023,7:00:00,Spring,4.0,Tuesday,27.15,1016.95,40.47,13.49,rainy
3084,5/9/2023,11:00:00,Spring,5.0,Tuesday,20.53,1018.37,19.66,4.11,Rainy 
2474,4/14/2023,1:00:00,Spring,4.0,Friday,16.18,1011.27,52.95,7.33,Sunny 
1626,3/9/2023,17:00:00,Spring,3.0,Thursday,24.14,1003.32,61.58,3.78,Cludy
2084,3/28/2023,19:00:00,Spring,3.0,Tuesday,18.75,1018.7,70.47,14.33,Rainy
1800,3/16/2023,23:00:00,Spring,3.0,Thursday,20.25,1012.17,81.63,3.12,  windy  
2704,4/23/2023,3:00 PM,Spring,4.0,Sunday,17.5,1014.72,48.1,9.97,Rainy
3417,5/23/2023,8:00:00,Spring,5.0,Tuesday,-80,1008.88,81.35,21.28,foggy
3094,5/9/2023,21:00:00,Spring,5.0,Tuesday,20.69,1005.38,42.33,12.37,Sunny
836,2/4/2023,19:00:00,Winter,2.0,Saturday,11.53,1011.06,39.6,19.38,Rainy 
1606,3/8/2023,21:00:00,Spring,3.0,Wednesday,12.31,1006.43,74.54,12.83,cloudy
498,1/21/2023,17:00:00,Winter,1.0,Saturday,4.79,1016.46,67.01,16.53,FOGGY
1894,3/20/2023,9:00 PM,Spring,3.0,Monday,14.8,1024.87,43.98,-20,Cludy
1517,3/5/2023,4:00:00,Spring,3.0,Sunday,18.9,1010.82,42.46,18.58,foggy
1437,3/1/2023,20:00:00,Spring,3.0,Wednesday,9.15,1015.93,49.24,13.21,Rainy
1429,3/1/2023,12:00:00,Spring,3.0,Wednesday,22.28,1016.18,60.92,9.45,stormy
1267,2/22/2023,18:00:00,Winter,2.0,Wednesday,11.72,1011.36,55.47,21.65,RAINY
1188,2/19/2023,11:00:00,Winter,2.0,Sunday,3.66,1013.78,71.56,10.46,Sunny 
1164,2/18/2023,11:00:00,Winter,2.0,Saturday,8.23,1017.99,65.55,24.93,Sunny
2315,4/7/2023,10:00:00,Spring,4.0,Friday,13.82,1004.23,96.53,10.49,Stromy
1308,2/24/2023,11:00:00,WINTER,2.0,Friday,11,1020.66,82.11,15.04,WINDY
2602,4/19/2023,9:00:00,Spring,4.0,Wednesday,15.89,1021.36,56.81,7.5,RAINY
2348,4/8/2023,19:00:00,Spring,4.0,Saturday,23.14,1019.47,53.21,21.09,Sunny
3131,5/11/2023,10:00:00,Spring,5.0,Thursday,18.02,1008.8,40.75,8.68,Stormy
2729,4/24/2023,16:00:00,Spring,4.0,Monday,10.82,1017.4,43,11.89,Rainy
2760,4/25/2023,23:00:00,Spring,4.0,Tuesday,17.43,1016.46,57.46,7.54,Rainy
3380,5/21/2023,19:00:00,Spring,5.0,Sunday,20.27,1009.01,95.35,8.58,Sunny 
1177,2/19/2023,0:00:00,Winter,2.0,Sunday,10.89,1011.97,76.1,9.1,Stormy
926,2/8/2023,13:00:00,Winter,2.0,Wednesday,13.33,1024.62,41.26,6.98,foggy
2026,3/26/2023,9:00:00,Spring,3.0,SUNDAY,6.02,1007.57,47.79,-0.75,foggy
1018,2/12/2023,9:00:00,Winter,2.0,Sunday,2.05,1021.43,63.58,7.77,Rainy
971,2/10/2023,10:00:00,Winter,2.0,Friday,9.51,1014.4,27.34,6.66,RAINY
862,2/5/2023,9:00 PM,Winter,2.0,Sunday,11.48,1003.87,53.33,7.17,foggy
2961,5/4/2023,8:00:00,Spring,5.0,Thursday,20.99,1005.2,66.52,8.84,windy
172,1/8/2023,3:00:00,WINTER,1.0,Sun,1.89,1018.7,51.4,9.75,CLOUDY
2323,4/7/2023,18:00:00,Spring,4.0,Friday,18.1,1020.13,44.91,14.02,Windy
1275,2/23/2023,2:00:00,Winter,2.0,Thursday,12.45,1004.03,43.5,12.41,FOGGY
84,4/1/2023,11:00:00,Winter,1.0,Wednesday,8.38,1007.58,69.63,11.12,rainy
2465,4/13/2023,16:00:00,Spring,4.0,Thursday,13.71,1009.92,63.34,24.32,Foggy
1954,3/23/2023,9:00:00,Spring,3.0,Thursday,18.78,1009.81,56.76,12.91,sunny
751,2/1/2023,6:00:00,Winter,2.0,Wednesday,-1.54,1006.12,48.8,23.33,windy
3255,5/16/2023,14:00:00,Spring,5.0,Tuesday,9.29,1021.6,49.88,10.48,sunny
2453,4/13/2023,4:00:00,Spring,4.0,Thursday,7.64,1011.36,46.55,7.79,WINDY
3174,5/13/2023,5:00:00,Spring,5.0,Saturday,16.23,1013.25,44.75,18.65,CLOUDY
649,1/28/2023,0:00:00,Winter,1.0,Saturday,7.79,1013.46,67.73,1.48,Cludy
916,2/8/2023,3:00:00,Winter,2.0,Wednesday,6.2,1007.18,60.6,13.87,RAINY
1697,3/12/2023,16:00:00,spring,3.0,Sunday,21.42,1009.63,69.65,5.21,SUNNY
203,1/9/2023,10:00:00,Winter,1.0,Monday,14.28,1005.84,52.2,9.36,CLOUDY
3044,5/7/2023,19:00:00,Spring,5.0,Sunday,7.82,1008.66,26.01,10.02,STORMY
724,1/31/2023,3:00:00,Winter,1.0,Tuesday,11.84,1014.72,62.62,35.56,Rainy 
707,1/30/2023,10:00:00,Winter,1.0,Monday,7.74,1026.63,73.7,11.63,sunny
281,1/12/2023,16:00:00,WINTER,1.0,Thursday,13.53,1022.5,64.58,5.14,Rainy 
1497,3/4/2023,8:00:00,Spring,3.0,Saturday,25.95,1008.45,43.04,12.25,CLOUDY
3191,5/13/2023,22:00:00,Spring,5.0,Saturday,23.8,1023.89,46.2,12.46,Sunny 
2408,4/11/2023,7:00:00,Spring,4.0,Tuesday,13.68,1029.32,85.07,11.42,Cludy
1151,2/17/2023,22:00:00,Winter,2.0,Friday,6.92,1020.5,79.53,19.87,Cludy
1832,3/18/2023,7:00:00,Spring,3.0,Saturday,20.37,1018.66,72.67,14.45,STORMY
1986,3/24/2023,17:00:00,Spring,3.0,Friday,8.14,1015.3,33.34,14.67,foggy
1460,3/2/2023,19:00:00,Spring,3.0,Thursday,8.48,1024.56,36.58,8.45,Stromy
3080,5/9/2023,7:00:00,spring,5.0,Tue,27.13,1016.34,72.53,10.53,stormy
484,1/21/2023,3:00:00,Winter,1.0,Saturday,5.67,1012.15,94.67,2.98,windy
1983,3/24/2023,14:00:00,Spring,3.0,Friday,19.57,1001.12,64.12,20.08,Rainy 
446,1/19/2023,13:00:00,Winter,1.0,Thursday,0.97,1012.34,32.43,16.56,Foggy
235,1/10/2023,18:00:00,Winter,1.0,Tuesday,2.89,1018.67,58.66,8.62,Stromy
1771,3/15/2023,18:00:00,Spring,3.0,Wednesday,19.71,1022.95,43.31,8.09,CLOUDY
822,2/4/2023,5:00:00,Winter,2.0,Saturday,0.19,1025.03,50.05,10.73,Rainy
683,1/29/2023,10:00:00,Winter,1.0,Sunday,4.29,1009.12,73.46,22.11,Cloudy
3104,5/10/2023,7:00:00,SPRING,5.0,Wednesday,19.21,1017.83,77.68,11.08,Cloudy
2848,4/29/2023,15:00:00,Spring,4.0,Saturday,21.03,1010.76,34.29,14.47,RAINY
1161,2/18/2023,8:00:00,Winter,2.0,Saturday,12.07,1014.03,51.62,20.33,Rainy
761,2/1/2023,16:00:00,Winter,2.0,Wednesday,11.05,1014.26,46.2,13.35,WINDY
2981,5/5/2023,4:00:00,SPRING,5.0,FRIDAY,21.57,1015.47,57.01,8.33,Rainy
352,1/15/2023,15:00:00,WINTER,1.0,Sunday,12.98,1006.95,33.67,21.01,stormy
3216,5/14/2023,23:00:00,Spring,5.0,Sunday,26.2,1008.97,63,3.27,Windy
3065,5/8/2023,16:00:00,Spring,5.0,Monday,22.08,1022.41,35.92,16.28, Foggy
168,1/7/2023,23:00:00,Winter,1.0,Saturday,-5.25,1021.73,73.69,0.44,WINDY
1499,3/4/2023,10:00:00,Spring,3.0,Saturday,-,1017.15,67.95,13.03,rainy
1555,3/6/2023,18:00:00,Spring,3.0,Monday,18.06,1003.43,51.02,20.22,foggy
2358,4/9/2023,5:00:00,Spring,4.0,Sunday,8.1,1029.21,67.94,7.02,Cloudy
2078,3/28/2023,13:00:00,Spring,3.0,Tuesday,14.79,1010.88,41.46,28.19,Cludy
1000,2/11/2023,15:00:00,Winter,2.0,Saturday,-2.39,1010.44,79.65,14.16,SUNNY
23,1/1/2023,22:00:00,Winter,1.0,Sunday,5.35,1017.11,56.46,17.81,Windy
804,2/3/2023,11:00 AM,Winter,2.0,Friday,16.34,1025.19,66.03,22.69,RAINY
816,2/3/2023,23:00:00,Winter,2.0,Friday,6.81,1013.37,41.43,19.04,SUNNY
2840,4/29/2023,7:00:00,Spring,4.0,Saturday,18.27,1018.02,44.79,13.75,RAINY
523,1/22/2023,18:00:00,Winter,1.0,Sunday,5.73,1024.62,59.9,13.8,Sunny 
793,2/3/2023,0:00:00,WINTER,2.0,Friday,7.52,1009.67,40.81,15.65,WINDY
961,2/10/2023,0:00:00,Winter,2.0,Friday,4.93,1007.32,69.68,3.77,SUNNY
667,1/28/2023,18:00:00,WINTER,1.0,Saturday,10.32,1002.06,67.72,4.6, Foggy
1502,3/4/2023,13:00:00,Spring,3.0,Saturday,16.93,1019.7,50.18,2.49,  windy  
2139,3/31/2023,2:00:00,Spring,3.0,Friday,20.63,1013.06,69.14,13.09,sunny
3040,5/7/2023,15:00:00,Spring,5.0,Sunday,18.53,1018.66,45.11,13.02,stormy
1122,2/16/2023,17:00:00,Winter,2.0,Thursday,7.83,1000.24,61.31,8.53,stormy
2219,4/3/2023,10:00:00,Spring,4.0,Monday,9.16,1010.59,61.95,10,STORMY
1310,2/24/2023,13:00:00,Winter,2.0,Friday,1.01,1022.62,57.7,17.03,Stromy
1019,2/12/2023,10:00:00,Winter,2.0,Sunday,0.31,1011.84,48.31,12.68,rainy
723,1/31/2023,2:00:00,Winter,1.0,Tuesday,6.07,1016.06,57.12,0.78,Cloudy
1725,13-Mar-23,20:00:00,Spring,3.0,Monday,14.4,1003.99,54.38,3.15,CLOUDY
2099,3/29/2023,10:00:00,Spring,3.0,Wed,25.87,1010.23,42.44,17.37,WINDY
2885,5/1/2023,4:00:00,Spring,5.0,Monday,25.79,1014.5,64.39,20.22,rainy
621,1/26/2023,20:00:00,Winter,1.0,Thursday,4.97,1026.76,84.89,7.4,STORMY
3039,5/7/2023,14:00:00,Spring,5.0,Sunday,23.89,1004.01,65.5,6.3,RAINY
238,1/10/2023,9:00 PM,Winter,1.0,Tuesday,7.77,1014.95,51.38,14.11,Windy
208,1/9/2023,15:00:00,Winter,1.0,Monday,5.9,1010.75,34.83,6.49,foggy
1790,3/16/2023,13:00:00,Spring,3.0,Thursday,23.84,1006.8,42.18,9.58,SUNNY
2338,4/8/2023,9:00:00,Spring,4.0,Saturday,21.05,1010.35,59.87,14.88,Rainy 
1344,2/25/2023,23:00:00,Winter,2.0,Sat,2.52,1012.46,61.47,16.44,CLOUDY
960,2/9/2023,23:00:00,Winter,2.0,Thursday,14.19,1016.04,40.48,10.14,Stromy
1974,3/24/2023,5:00:00,Spring,3.0,Friday,12.03,1004.9,25.97,8.71,WINDY
2109,3/29/2023,20:00:00,Spring,3.0,Wednesday,14.82,1018.93,50.68,12.9,rainy
2424,4/11/2023,23:00:00,Spring,4.0,Tuesday,30.65,1011.18,51.54,7.22,foggy
183,1/8/2023,14:00:00,Winter,1.0,Sunday,5.3,1006.77,57.94,6.13,SUNNY
1901,3/21/2023,4:00:00,Spring,3.0,Tuesday,17.36,1008.93,62.28,6.91,windy
3188,5/13/2023,19:00:00,Spring,5.0,Saturday,18.73,1009.57,33.5,25.15,RAINY
1487,3/3/2023,22:00:00,Spring,3.0,Friday,20.46,1019.67,45.98,19,WINDY
477,1/20/2023,20:00:00,Winter,1.0,FRIDAY,7.46,1016.58,31.44,5.24,rainy
1084,2/15/2023,3:00 AM,Winter,2.0,Wednesday,11.77,1014.6,62.1,8.13,foggy
1476,3/3/2023,11:00:00,Spring,3.0,Friday,17.65,992.82,52.72,18.36, Foggy
406,1/17/2023,21:00:00,Winter,1.0,Tuesday,8.57,1001.49,68.79,7.99,Sunny
625,1/27/2023,0:00:00,Winter,1.0,Friday,6.61,1010.76,66.86,14.04,STORMY
1667,3/11/2023,10:00:00,Spring,3.0,Saturday,14.4,1005.61,36.2,10.71,Windy
1336,2/25/2023,15:00:00,Winter,2.0,Saturday,2.73,1016.42,29.47,8.63,Windy
972,2/10/2023,11:00:00,Winter,2.0,Friday,7.68,1017.29,22.06,11.03,foggy
1530,3/5/2023,17:00:00,Spring,3.0,SUNDAY,22.11,1006.3,63.28,9.94,Foggy
815,2/3/2023,22:00:00,Winter,2.0,Friday,3.59,1007.3,72.8,20.62,windy
1067,2/14/2023,10:00:00,Winter,2.0,Tuesday,7.7,1016.95,59.36,0.03,WINDY
1183,2/19/2023,6:00:00,Winter,2.0,Sunday,15.96,1013.15,37.17,11.7,WINDY
1418,3/1/2023,1:00:00,Spring,3.0,Wednesday,9.35,1023.67,92.46,12.28,Rainy
661,1/28/2023,12:00:00,Winter,1.0,Saturday,17.05,1011.26,42.29,8.09, Foggy
1276,2/23/2023,3:00:00,Winter,2.0,Thursday,13.14,1017.01,58.72,12.47,RAINY
897,2/7/2023,8:00:00,WINTER,2.0,Tuesday,8.36,1002.65,44.56,6.49,stormy
1977,24/03/2023,8:00:00,Spring,3.0,Friday,23.56,1012.43,56.28,10.33,Stormy
333,1/14/2023,20:00:00,Winter,1.0,Saturday,1.95,1017.8,77.96,19.31,FOGGY
2835,4/29/2023,2:00:00,SPRING,4.0,Saturday,19.15,0,105.67,15.09,Cludy
71,3/1/2023,22:00:00,Winter,1.0,Tuesday,8.57,1018.3,78.79,4.57,SUNNY
1969,3/24/2023,0:00:00,Spring,3.0,Friday,32.33,1005.78,97.36,9.87,Stormy
964,2/10/2023,3:00:00,Winter,2.0,Friday,14.48,1004.14,49.52,11.09,WINDY
2887,5/1/2023,6:00:00,Spring,5.0,Monday,18.93,1023.37,58.35,3.1,Cloudy
1103,2/15/2023,22:00:00,Winter,2.0,Wednesday,10.7,1020.01,44.97,11.63,Rainy 
2275,4/5/2023,18:00:00,Spring,4.0,Wednesday,11.69,1003.16,56.61,9,windy
1944,22-Mar-23,23:00:00,Spring,3.0,Wednesday,16.55,1016.55,67.24,15.61,RAINY
1125,2/16/2023,20:00:00,Winter,2.0,Thursday,3.97,1021.61,22.45,4.83,Stromy
533,1/23/2023,4:00:00,Winter,1.0,Monday,11.58,1018.75,61.58,12.12,Foggy
1670,3/11/2023,13:00:00,Spring,3.0,Saturday,18.15,1005.82,45.21,8.7,windy
891,2/7/2023,2:00:00,Winter,2.0,Tuesday,9.16,1006.95,22.15,19.17,rainy
3248,5/16/2023,7:00:00,Spring,5.0,Tuesday,15.69,1016.64,51.37,8.46,Sunny
863,2/5/2023,22:00:00,Winter,2.0,Sunday,6.06,1009.69,47.84,4.47,Stromy
1634,3/10/2023,1:00:00,Spring,3.0,Friday,25.7,1023.04,44.71,16.92,rainy
178,8/1/2023,9:00:00,Winter,1.0,Sunday,-2.41,1026.57,58.17,11.42,CLOUDY
3098,5/10/2023,1:00:00,Spring,5.0,Wednesday,15.27,1012.22,73.43,25.21,Cludy
3310,5/18/2023,21:00:00,Spring,5.0,Thu,7.19,1020.37,65.58,13.54,Rainy 
365,1/16/2023,4:00:00,Winter,1.0,Monday,11.77,1016.05,74.35,16.04,CLOUDY
1332,2/25/2023,11:00:00,Winter,2.0,Saturday,8.99,1012.93,47.23,13.31,Sunny
900,2/7/2023,11:00:00,Winter,2.0,Tuesday,3.13,1021.06,60.04,10.64,SUNNY
2101,3/29/2023,12:00:00,Spring,3.0,Wednesday,19.17,1022.32,64.38,10.98,Foggy
1624,3/9/2023,15:00:00,Spring,3.0,Thursday,22.79,1018.31,39.61,14.29,Stromy
1513,3/5/2023,0:00:00,Spring,3.0,Sunday,11.27,1006.11,75.66,18.12,WINDY
2050,3/27/2023,9:00:00,Spring,3.0,Monday,21.22,1029.62,88.1,12.48,rainy
1464,3/2/2023,23:00:00,spring,3.0,Thursday,21.06,1005.17,34.28,1.21,SUNNY
1431,3/1/2023,14:00:00,Spring,3.0,Wednesday,15.83,1026.78,43.49,8.38,Foggy
1589,3/8/2023,4:00:00,spring,3.0,Wednesday,11.23,1018.88,23.84,10.59,stormy
334,1/14/2023,21:00:00,Winter,1.0,Saturday,6.93,1024.93,57.23,9.98,rainy
1878,3/20/2023,5:00:00,Spring,3.0,Monday,14,1009.01,81.17,26.43,Sunny
1379,2/27/2023,10:00:00,Winter,2.0,Monday,11.19,1015.07,72.93,2.89, Foggy
3097,5/10/2023,0:00:00,Spring,5.0,Wednesday,16.02,1012.39,50.07,3.56,RAINY
2096,3/29/2023,7:00:00,Spring,3.0,Wednesday,18.51,1015.45,56.39,19.46,Rainy 
575,1/24/2023,22:00:00,Winter,1.0,Tuesday,10.09,1024.21,64.76,2.98,windy
1508,3/4/2023,19:00:00,Spring,3.0,Saturday,8.17,200,30.49,9.45,Rainy 
1679,3/11/2023,22:00:00,Spring,3.0,Saturday,25.17,1015.28,25.55,14.76,Cloudy
2414,4/11/2023,13:00:00,Spring,4.0,Tuesday,18.96,1025.15,61.3,19.83, Foggy
1581,3/7/2023,20:00:00,Spring,3.0,Tuesday,24.17,1012.94,49.18,19.84,stormy
2822,4/28/2023,13:00:00,Spring,4.0,Friday,14.78,1007.16,47.14,3.81,Cloudy
82,1/4/2023,9:00:00,Winter,1.0,Wednesday,2.97,1003.29,72.37,16.75,Foggy
2516,4/15/2023,19:00:00,Spring,4.0,Saturday,18.7,1014.91,68.28,22.69,Cludy
199,1/9/2023,6:00:00,Winter,1.0,Monday,9.36,1002.79,38.78,18.32,WINDY
2880,4/30/2023,23:00:00,spring,4.0,Sunday,16.45,1019.28,67.66,10.3,sunny
3235,5/15/2023,18:00:00,Spring,5.0,Monday,22.83,1018.77,24.73,19.94,Sunny
2187,4/2/2023,2:00:00,Spring,4.0,Sunday,28.26,1007.45,53.51,10.37,FOGGY
2522,4/16/2023,1:00:00,Spring,4.0,Sunday,21,1014.41,40.47,3.71,Rainy
1395,2/28/2023,2:00:00,WINTER,2.0,Tuesday,4.66,1014.55,34.78,12.09,Rainy 
532,1/23/2023,3:00:00,Winter,1.0,Monday,8.11,1017.38,37.29,18.69,Cloudy
1721,3/13/2023,16:00:00,Spring,3.0,Monday,18.93,1012.65,44.07,10.87,Windy
2068,3/28/2023,3:00:00,Spring,3.0,Tuesday,14.25,1019.34,32.85,18.35,rainy
409,1/18/2023,0:00:00,Winter,1.0,Wednesday,4.78,1021.24,49.98,9.58,cloudy
2630,4/20/2023,13:00:00,Spring,4.0,Thursday,150,1023.18,31.6,24.7,Stormy
1402,2/28/2023,9:00:00,Winter,2.0,Tuesday,10.09,1014.76,35.94,9.73,sunny
1345,2/26/2023,0:00:00,Winter,2.0,Sunday,20.86,995,64.13,8.66,sunny
1708,3/13/2023,3:00:00,Spring,3.0,Monday,17.14,1009.51,61.63,7.5,Rainy
657,1/28/2023,8:00:00,Winter,1.0,Saturday,10.05,1006.11,76.05,16.19,Foggy
1492,3/4/2023,3:00:00,Spring,3.0,Saturday,24.84,1014.01,67.77,19.34,foggy
331,1/14/2023,18:00:00,WINTER,1.0,Saturday,8.28,1017.24,53.94,14.92,Foggy
2888,5/1/2023,7:00:00,Spring,5.0,Monday,25.26,1005.42,73.8,11.46,Stromy
473,1/20/2023,16:00:00,Winter,1.0,Friday,5.63,1012.88,63.19,12.04,CLOUDY
2255,4/4/2023,22:00:00,Spring,4.0,Tuesday,9.5,1007.12,52.08,16,Stromy
939,2/9/2023,2:00:00,Winter,2.0,Thursday,14.26,1009.41,44.62,0.19,Rainy 
921,2/8/2023,8:00:00,Winter,2.0,Wednesday,2.4,1009.85,57.68,19.38,Rainy
3090,5/9/2023,17:00:00,Spring,5.0,Tuesday,15.52,1013.38,46.66,12.89,  Rainy   
2789,4/27/2023,4:00:00,Spring,4.0,Thursday,11.88,993.18,39.42,18.68,stormy
3355,5/20/2023,18:00:00,Spring,5.0,SATURDAY,7.81,1004.55,57.46,13.98,stormy
494,1/21/2023,13:00:00,Winter,1.0,Saturday,11.28,1014.56,54.72,9.67,foggy
1737,3/14/2023,8:00:00,Spring,3.0,Tuesday,9.03,1021.67,27.42,17.39,Cludy
3100,5/10/2023,3:00:00,Spring,5.0,Wednesday,26.92,1011.68,35.09,8.99,Stromy
2174,4/1/2023,13:00:00,SPRING,4.0,Saturday,20.65,1012.04,54.48,17.43,FOGGY
922,2/8/2023,9:00:00,Winter,2.0,Wednesday,11.02,1006.2,92.28,13.59,SUNNY
1115,2/16/2023,10:00:00,Winter,2.0,Thursday,2.21,1002.33,31.73,15.97,cloudy
2063,3/27/2023,22:00:00,SPRING,3.0,Monday,34.89,1018.41,48.86,5.66,SUNNY
2882,5/1/2023,1:00 AM,Spring,5.0,Monday,13.9,1015.69,59.35,14.36,Stromy
2801,4/27/2023,16:00:00,Spring,4.0,Thursday,22.53,1001.39,45.03,11.27,Sunny
2051,3/27/2023,10:00:00,Spring,3.0,Monday,-1.18,1022.89,46.89,7.19,Rainy
1683,3/12/2023,2:00:00,Spring,3.0,Sunday,12.78,1027.27,80.22,6.7,WINDY
2243,4/4/2023,10:00:00,Spring,4.0,Tuesday,20.67,1024.94,49.13,20.88,Windy
2409,4/11/2023,8:00:00,Spring,4.0,Tuesday,16.51,1007.46,53.98,3.56,Cloudy
991,2/11/2023,6:00:00,winter,2.0,Saturday,4.34,1028.12,55.74,16.61,CLOUDY
2775,4/26/2023,14:00:00,Spring,4.0,Wednesday,11.46,1014.49,63.42,10.81,Rainy
3136,5/11/2023,15:00:00,Spring,5.0,Thursday,13.7,1007.2,50.14,10.4,sunny
392,1/17/2023,7:00:00,Winter,1.0,Tuesday,11.68,1010.75,56,15.1,rainy
3127,5/11/2023,6:00:00,Spring,5.0,Thursday,17.31,200,54.92,9.34,foggy
56,1/3/2023,7:00:00,Winter,1.0,Tuesday,19.57,998.06,65.29,2.32,windy
502,1/21/2023,21:00:00,Winter,1.0,Saturday,-1.47,1014.71,55.02,7.1,WINDY
1521,3/5/2023,8:00:00,Spring,3.0,Sunday,25.74,1015.56,73.32,12.8,CLOUDY
2825,4/28/2023,16:00:00,Spring,4.0,Friday,13.98,1009.24,50.49,9.32,cloudy
838,2/4/2023,21:00:00,Winter,2.0,Saturday,11.39,1011.9,47.21,9.95,Stromy
1858,3/19/2023,9:00:00,Spring,3.0,Sunday,19.01,1000.54,55.6,3.46,stormy
896,2/7/2023,7:00:00,Winter,2.0,Tuesday,18.62,1023.65,83.81,4.66,Stromy
2182,4/1/2023,21:00:00,Spring,4.0,Saturday,17.31,1009.98,102.37,17.44,STORMY
3058,5/8/2023,9:00:00,Spring,5.0,Monday,22.83,1007.22,59.64,-20,Sunny 
2790,4/27/2023,5:00:00,SPRING,4.0,Thursday,15.99,1011.65,64.83,22.83,SUNNY
315,1/14/2023,2:00:00,Winter,1.0,Saturday,16.36,1016.35,44.42,11.67,Cloudy
1410,2/28/2023,17:00:00,Winter,2.0,Tuesday,18.42,1004.94,49.9,13.39,WINDY
309,1/13/2023,20:00:00,Winter,1.0,Friday,7.56,1033.64,42.94,21.83,WINDY
3363,5/21/2023,2:00:00,SPRING,5.0,Sunday,18.72,1006.5,67.33,12.84,STORMY
2235,4/4/2023,2:00:00,Spring,4.0,Tuesday,13.06,1030.93,62.15,11.08,WINDY
1566,3/7/2023,5:00:00,Spring,3.0,Tuesday,25.08,1019.19,52.63,13.85,STORMY
655,1/28/2023,6:00:00,Winter,1.0,Saturday,4.33,1013.66,61.86,20.73,Windy
3102,5/10/2023,5:00:00,spring,5.0,Wednesday,6.63,1013.83,67.91,7,Windy
3178,5/13/2023,9:00:00,Spring,5.0,Saturday,34.42,1019.27,50.99,17.21,CLOUDY
2375,4/9/2023,22:00:00,Spring,4.0,Sunday,24.21,1018.82,55.99,21.99,SUNNY
826,2/4/2023,9:00:00,Winter,2.0,Saturday,9.69,1005.5,58.25,5.85,Windy
3309,5/18/2023,20:00:00,SPRING,5.0,Thursday,19.9,1025.28,74.65,17.19,Stormy
2710,4/23/2023,21:00:00,Spring,4.0,Sunday,14.55,1007.52,-15,8.43,sunny
766,2/1/2023,9:00 PM,Winter,2.0,Wednesday,9.59,1010.34,53.6,8.82,CLOUDY
2332,4/8/2023,3:00:00,Spring,4.0,Saturday,10.77,1015.9,43.04,18.45,Stormy
436,1/19/2023,3:00:00,Winter,1.0,Thursday,7.48,1011.65,56.05,18.97,stormy
419,1/18/2023,10:00:00,Winter,1.0,Wednesday,6.04,1005.62,79.23,10.07,WINDY
798,2/3/2023,5:00:00,WINTER,2.0,Friday,12.46,1027.64,48.85,16.27,Rainy 
573,1/24/2023,20:00:00,Winter,1.0,Tuesday,5.01,1024.38,81.08,17.87,CLOUDY
2714,4/24/2023,1:00:00,Spring,4.0,monday,16.98,1009.91,42.8,7.38,Rainy 
2030,3/26/2023,13:00:00,Spring,3.0,Sunday,12.93,1015.71,51.52,12.06,Stormy
3383,5/21/2023,10:00 PM,Spring,5.0,SUNDAY,26.91,1017.53,64.57,17.22,rainy
929,2/8/2023,16:00:00,Winter,2.0,Wednesday,9.41,995.94,70.19,11.05,SUNNY
45,1/2/2023,20:00:00,Winter,1.0,Monday,8.07,1024.63,51.03,28.32,SUNNY
2330,4/8/2023,1:00:00,Spring,4.0,Saturday,16.58,1005.02,48.04,5.41,Stormy
1548,3/6/2023,11:00:00,Spring,3.0,Monday,17.88,1023.23,71.24,5.54,sunny
641,1/27/2023,16:00:00,Winter,1.0,Friday,2.93,1013.69,41.12,13.53,CLOUDY
1495,3/4/2023,6:00:00,Spring,3.0,Saturday,26.27,1017.98,58.6,14.92,sunny
ID_796,2/3/2023,3:00:00,Winter,2.0,Friday,12.89,1017.18,38.44,10.02,foggy
2631,4/20/2023,14:00:00,Spring,4.0,Thursday,15.94,1014.16,250,11.63,  FOGGY  
186,1/8/2023,17:00:00,Winter,1.0,Sunday,-1.2,1002.76,45.63,12.16,WINDY
251,1/11/2023,10:00:00,Winter,1.0,Wednesday,15,1020.4,55.89,8.12,windy
2730,4/24/2023,17:00:00,Spring,4.0,Monday,17.82,1008.78,39.65,10.29,Cloudy
1558,3/6/2023,21:00:00,Spring,3.0,Monday,22.15,1007.95,59.37,9.82, Foggy
151,1/7/2023,6:00:00,Winter,1.0,Saturday,11.78,1005.62,68.04,20.13,WINDY
15,1/1/2023,14:00:00,Winter,1.0,Sunday,3.8,1010.53,59.97,-17.85,Stromy
3409,5/23/2023,0:00:00,Spring,5.0,Tuesday,23.82,1012.8,21.57,14.25,SUNNY
2607,4/19/2023,14:00:00,Spring,4.0,Wednesday,13.23,1017.06,54.4,8.99,rainy
690,1/29/2023,17:00:00,Winter,1.0,Sunday,8.98,1006.93,38.04,15.74,RAINY
2692,4/23/2023,3:00:00,Spring,4.0,Sunday,25.78,1020.46,9.72,21.47,RAINY
2977,5/5/2023,0:00:00,Spring,5.0,Friday,16.79,1033.64,250,1.15,CLOUDY
1105,2/16/2023,0:00:00,Winter,2.0,Thursday,9.31,997.4,49.74,1.31,Rainy
3107,5/10/2023,10:00:00,Spring,5.0,Wednesday,16.4,1008.14,44.26,12.51,stormy
2136,3/30/2023,23:00:00,Spring,3.0,Thursday,16.4,1002.1,44.74,11.95,FOGGY
2653,4/21/2023,12:00:00,Spring,4.0,Friday,23.67,1007.62,51.95,18.73,FOGGY
710,1/30/2023,13:00:00,Winter,1.0,Monday,17.52,1026.01,88.28,11.05, Foggy
1143,2/17/2023,14:00:00,Winter,2.0,Friday,15.26,1013.11,46.05,10.2,Cludy
1780,3/16/2023,3:00:00,Spring,3.0,Thursday,26.77,1010.08,42.39,16.12,Rainy 
2206,4/2/2023,21:00:00,Spring,4.0,Sunday,19.9,1023.74,58.98,8.11,STORMY
321,1/14/2023,8:00:00,Winter,1.0,Saturday,8.67,1011.78,65.62,17.74,Rainy
3376,5/21/2023,15:00:00,Spring,5.0,Sunday,20.15,1014.89,66.51,15.23,Rainy 
910,2/7/2023,9:00 PM,winter,2.0,TUESDAY,6.3,1015.96,53.14,14.75,Rainy
1620,3/9/2023,11:00:00,Spring,3.0,Thursday,23.19,1005.72,51.34,13.77,CLOUDY
1486,3/3/2023,21:00:00,Spring,3.0,Friday,11.4,1019.17,55.02,2.73,Stromy
118,1/5/2023,21:00:00,Winter,1.0,Thursday,5.35,1008.39,50.87,1.81,STORMY
2303,4/6/2023,22:00:00,Spring,4.0,Thursday,19.24,1020.09,33.23,6.45,WINDY
2212,4/3/2023,3:00:00,Spring,4.0,Monday,20.18,1007.07,49.84,12.73,WINDY
878,2/6/2023,13:00:00,Winter,2.0,Monday,999,1008.73,73.31,6.74,SUNNY
648,1/27/2023,23:00:00,Winter,1.0,Friday,4,1012.49,73.56,9.26,Rainy
1010,2/12/2023,1:00:00,Winter,2.0,Sunday,10.58,1011.23,54.67,7.87,Sunny
2029,3/26/2023,12:00:00,Spring,3.0,Sunday,9.22,1002.85,41.67,11.04,STORMY
1804,3/17/2023,3:00:00,Spring,3.0,Friday,11.55,1009.74,55.21,15.38,WINDY
3239,5/15/2023,10:00 PM,Spring,5.0,Monday,28.59,1003.2,70.37,6.03,sunny
2116,3/30/2023,3:00:00,Spring,3.0,Thursday,14.25,995.7,61.88,5.37,Cloudy
2860,4/30/2023,3:00:00,Spring,4.0,Sunday,17.06,1023.21,60.57,12.11,Windy
2868,4/30/2023,11:00:00,Spring,4.0,Sunday,16.79,1013.98,74.3,11.25,windy
2554,4/17/2023,9:00:00,Spring,4.0,monday,21.35,1012.1,26.3,6.21,windy
2163,4/1/2023,2:00:00,Spring,4.0,Saturday,19.23,1004,38.67,15.37,foggy
1749,3/14/2023,20:00:00,Spring,3.0,Tuesday,22.73,1021.59,45.54,10.21,rainy
3009,5/6/2023,8:00:00,Spring,5.0,Sat,17.38,1012.37,74.58,7.72,Cludy
2817,28-Apr-23,8:00:00,Spring,4.0,Friday,19.58,1023.93,59.21,16.85,Rainy
1094,2/15/2023,13:00:00,Winter,2.0,Wednesday,2.54,1014.08,69.92,15.88,FOGGY
3424,5/23/2023,15:00:00,Spring,5.0,Tuesday,27,1008.61,42.22,13.78,Cloudy
507,1/22/2023,2:00:00,Winter,1.0,Sunday,-7.1,1014.47,82.01,19.43,WINDY
2298,4/6/2023,17:00:00,Spring,4.0,Thursday,17.55,1025.88,40.91,1.15,Foggy
2227,4/3/2023,18:00:00,Spring,4.0,Monday,15.88,1006.88,66.01,2.77,STORMY
644,1/27/2023,19:00:00,Winter,1.0,Friday,6.5,1012.6,94.31,5.33,Cloudy
1972,3/24/2023,3:00:00,Spring,3.0,Friday,18.71,1016.8,72.56,2.07, Foggy
1346,2/26/2023,1:00:00,Winter,2.0,Sunday,5.07,1008.04,41.37,22.11,Windy
2325,4/7/2023,20:00:00,Spring,4.0,Friday,14.2,1007.32,56.95,5.62,Rainy 
2535,4/16/2023,14:00:00,Spring,4.0,Sunday,12.03,998.33,70.27,4.22,rainy
20,1/1/2023,19:00:00,Winter,1.0,Sunday,8.44,1010.61,56.38,0.07,SUNNY
1127,2/16/2023,22:00:00,WINTER,2.0,Thursday,6.93,1016.04,65.36,13.59,sunny
1135,2/17/2023,6:00:00,Winter,2.0,Friday,9.08,1010.57,51.72,16.6,Cludy
906,2/7/2023,17:00:00,Winter,2.0,Tuesday,1.14,1015.81,25.33,12.28,Rainy
860,2/5/2023,19:00:00,Winter,2.0,Sunday,10.87,1002.79,150,13.76,cloudy
2933,5/3/2023,4:00:00,Spring,5.0,Wednesday,15.5,1017.26,39.55,26.67,Foggy
614,1/26/2023,13:00:00,Winter,1.0,Thursday,7.66,1007.27,65.23,20.92, Foggy
233,1/10/2023,16:00:00,Winter,1.0,Tuesday,15.83,1012.47,46.67,23.29,STORMY
1900,3/21/2023,3:00:00,Spring,3.0,Tuesday,10.14,1004.58,69.91,13.53,SUNNY
2302,4/6/2023,21:00:00,Spring,4.0,Thursday,12.4,999.36,70.79,0.94,windy
2918,5/2/2023,13:00:00,Spring,5.0,Tuesday,17.51,999.53,30.8,12.05,cloudy
2763,4/26/2023,2:00:00,Spring,4.0,Wednesday,17.07,1030.37,76.67,1.97,STORMY
2261,4/5/2023,4:00:00,Spring,4.0,Wednesday,19.08,1015.37,61.05,1.05,SUNNY
2667,4/22/2023,2:00:00,Spring,4.0,Sat,21.39,1012.94,67.78,17.49,SUNNY
1176,2/18/2023,23:00:00,Winter,2.0,Saturday,3.04,1001.44,64.99,15.47,cloudy
1213,2/20/2023,12:00:00,Winter,2.0,Monday,5.19,1016.83,15.63,27.29,stormy
2052,3/27/2023,11:00:00,Spring,3.0,Monday,16.01,1009.43,64.18,2.64,Sunny 
2689,4/23/2023,0:00:00,Spring,4.0,Sunday,6.76,1004,46.29,11.98,CLOUDY
2347,4/8/2023,18:00:00,Spring,4.0,Saturday,14.38,1015.93,43.06,22.48,sunny
1608,3/8/2023,23:00:00,Spring,3.0,Wednesday,24.76,1009.27,45.57,-20,WINDY
1374,2/27/2023,5:00:00,Winter,2.0,Monday,6.11,1029.66,61.46,4.35,SUNNY
3183,5/13/2023,14:00:00,Spring,5.0,Saturday,18.25,1016.26,28.63,15.42,windy
2439,4/12/2023,14:00:00,Spring,4.0,Wednesday,12.62,1015.69,48.13,18.28,Stormy
103,1/5/2023,6:00:00,WINTER,1.0,Thursday,8.6,1017.12,65.67,5.25,Cloudy
2398,4/10/2023,21:00:00,Spring,4.0,Monday,7.7,1019.39,68.15,10.13,WINDY
591,1/25/2023,14:00:00,Winter,1.0,wednesday,2.85,1002.18,32.16,18.68,sunny
1471,3/3/2023,6:00 AM,Spring,3.0,Fri,5.98,1024.14,65.08,3,foggy
1020,2/12/2023,11:00:00,Winter,2.0,Sunday,6.18,996.94,49.17,10.17,Foggy
2213,4/3/2023,4:00:00,Spring,4.0,Monday,15.5,1018.35,83.04,7.47,Sunny 
3261,5/16/2023,20:00:00,SPRING,5.0,Tuesday,13.52,1009.12,81.07,6.15,stormy
1477,3/3/2023,12:00:00,Spring,3.0,Friday,13.53,1009.9,52.36,5.4,Foggy
1726,3/13/2023,21:00:00,Spring,3.0,Monday,22.73,0,61.34,9.2,RAINY
320,1/14/2023,7:00:00,Winter,1.0,Saturday,19.6,1016.15,57.88,10.15,Rainy 
2274,4/5/2023,17:00:00,Spring,4.0,Wednesday,12.22,1023.25,73.25,12.93,cloudy
80,1/4/2023,7:00:00,Winter,1.0,Wednesday,11.41,1010.52,59.86,11.22,Cloudy
453,1/19/2023,20:00:00,Winter,1.0,Thursday,0.09,1020.16,47.75,12.88,Windy
1516,3/5/2023,3:00:00,Spring,3.0,Sunday,18.25,1018.78,49.52,26.33, Foggy
2776,4/26/2023,15:00:00,Spring,4.0,Wednesday,19.85,1005.07,40.51,13.42, Foggy
2953,5/4/2023,0:00:00,Spring,5.0,Thursday,23.37,1019.96,42.85,4.49,Rainy 
848,2/5/2023,7:00:00,Winter,2.0,Sunday,12.31,1014.11,31.35,7.18,CLOUDY
2438,4/12/2023,13:00:00,spring,4.0,Wednesday,14.59,1022.22,47.73,12.86,FOGGY
2594,4/19/2023,1:00:00,Spring,4.0,Wednesday,19.65,1008.48,57.15,15.45,Foggy
3299,5/18/2023,10:00:00,Spring,5.0,Thursday,?,998.71,39.95,3.11,WINDY
3056,8-May-23,7:00:00,Spring,5.0,Monday,20.79,1011.62,69.15,14.68,Cloudy
1185,2/19/2023,8:00:00,Winter,2.0,Sunday,4.05,1013.27,34.52,16.21,Rainy 
3087,5/9/2023,2:00 PM,Spring,5.0,Tuesday,13.4,1019.8,58.12,11.73,Rainy 
585,1/25/2023,8:00:00,Winter,1.0,Wednesday,10.5,1013.4,55.11,8.04,CLOUDY
2503,4/15/2023,6:00:00,Spring,4.0,Saturday,13.76,1019.55,68.83,17.11,WINDY
1947,3/23/2023,2:00:00,Spring,3.0,Thursday,18.97,1013.48,56.59,8.17,Rainy 
1844,3/18/2023,19:00:00,Spring,3.0,Saturday,16.03,997.73,62.06,23.83,Stormy
327,1/14/2023,14:00:00,Winter,1.0,Saturday,10.68,1005.81,55.42,11.95,sunny
3101,5/10/2023,4:00:00,Spring,5.0,Wednesday,21.79,1018.52,52,16.1,foggy
1963,3/23/2023,18:00:00,Spring,3.0,Thursday,14.75,1010.39,85.04,10.15,Cloudy
1568,3/7/2023,7:00:00,Spring,3.0,Tuesday,22.84,1016.95,49.56,16.45,Cludy
2784,4/26/2023,23:00:00,Spring,4.0,Wednesday,19.81,1022.3,57.71,3.94,sunny
2549,4/17/2023,4:00:00,Spring,4.0,Monday,23.39,1012.86,49.98,15.39,rainy
3106,5/10/2023,9:00:00,Spring,5.0,Wednesday,13.23,1000.67,36.68,17.19,Foggy
220,1/10/2023,3:00:00,Winter,1.0,Tuesday,5.41,1014.79,54.75,19.13,windy
1843,3/18/2023,18:00:00,Spring,3.0,Saturday,11.57,1008.96,58.13,12.35,rainy
3337,5/20/2023,0:00:00,SPRING,5.0,Saturday,18.66,1015.9,54.78,8.51, Foggy
141,1/6/2023,20:00:00,Winter,1.0,Friday,9.45,1029.6,68.07,10.04,Sunny
485,1/21/2023,4:00:00,Winter,1.0,Saturday,9.27,1016.74,71.29,12.59,sunny
1511,3/4/2023,22:00:00,Spring,3.0,Saturday,22.77,1022.75,88.03,9.86,foggy
3232,5/15/2023,15:00:00,Spring,5.0,Monday,20.22,1012.69,75.2,14.24,Rainy
1400,2/28/2023,7:00:00,Winter,2.0,Tuesday,10.05,1010.79,56.7,14.75,WINDY
135,1/6/2023,14:00:00,Winter,1.0,Friday,3.7,1009.92,70.09,8.54,FOGGY
198,1/9/2023,5:00:00,Winter,1.0,Monday,7.65,999.71,61.44,13.25,Rainy 
1970,3/24/2023,1:00:00,Spring,3.0,Friday,15.04,1015.62,46.27,14.39,Stormy
2690,4/23/2023,1:00:00,Spring,4.0,sunday,17.27,1012.03,61.12,6.58,Sunny
442,1/19/2023,9:00:00,Winter,1.0,thursday,6.77,1006.25,87.56,10.94,Foggy
3285,5/17/2023,20:00:00,Spring,5.0,Wednesday,15.93,1006.18,64.15,11.13,windy
230,1/10/2023,13:00:00,Winter,1.0,Tuesday,11.04,1014.49,48.3,13.16,SUNNY
403,1/17/2023,18:00:00,Winter,1.0,Tuesday,9.62,1010.98,50.62,2.62,FOGGY
456,1/19/2023,23:00:00,Winter,1.0,Thursday,7.34,1013.61,51.63,8.1,FOGGY
3329,5/19/2023,16:00:00,Spring,5.0,Friday,21.23,1004.13,65.24,13.74,stormy
3156,5/12/2023,11:00:00,Spring,5.0,Friday,15.58,1012.77,44.27,11.73,Foggy
2294,4/6/2023,13:00:00,Spring,4.0,Thursday,21.16,1003.79,71.57,9.73,SUNNY
1382,2/27/2023,13:00:00,Winter,2.0,Monday,3.72,1008.11,71.78,12.08,Windy
1864,3/19/2023,15:00:00,spring,3.0,Sunday,12.68,1021.17,39.16,5.7,rainy
3364,5/21/2023,3:00:00,Spring,5.0,Sunday,12.38,1013.65,42.26,12.91,rainy
2803,4/27/2023,18:00:00,Spring,4.0,Thursday,20.43,1026.42,69.93,11.51,sunny
1,1/1/2023,0:00:00,Winter,1.0,Sunday,10.48,1011.89,64.72,21.14,Stormy
739,1/31/2023,18:00:00,Winter,1.0,Tuesday,10.33,1025.17,40.77,22.48,WINDY
832,2/4/2023,15:00:00,Winter,2.0,Sat,13.52,1016.8,54.96,8.46,rainy
920,2/8/2023,7:00:00,Winter,2.0,Wednesday,8.37,1011.8,72.88,11.5,windy
1028,2/12/2023,19:00:00,Winter,2.0,Sunday,7,1014.85,72.19,7.34,cloudy
819,2/4/2023,2:00:00,Winter,2.0,Saturday,12.41,1018.77,41.26,20.13,foggy
360,1/15/2023,23:00:00,Winter,1.0,Sunday,6.76,1025.86,62.36,16.41,foggy
1117,2/16/2023,12:00:00,Winter,2.0,Thursday,5.1,1003.75,67.75,14.51,WINDY
2620,4/20/2023,3:00:00,spring,4.0,Thursday,13.03,1022.22,83.51,14.36,  Foggy  
2486,4/14/2023,13:00:00,Spring,4.0,Friday,15.16,1027.41,85.33,22.99,Rainy 
754,2/1/2023,9:00:00,Winter,2.0,Wednesday,1.56,1001.82,46.25,18.23,sunny
3142,5/11/2023,21:00:00,Spring,5.0,Thursday,12.49,1009.52,63,9.9,stormy
2924,5/2/2023,19:00:00,Spring,5.0,Tuesday,25.42,1009.25,47.45,5.92,Rainy
2565,4/17/2023,20:00:00,Spring,4.0,Monday,21.43,1010.9,48.46,11.8,Rainy 
3083,5/9/2023,10:00:00,Spring,5.0,tuesday,16.17,1012.43,41.74,12.86,RAINY
3228,5/15/2023,11:00:00,Spring,5.0,Monday,21.24,1013.34,57.48,7.76,cloudy
1911,3/21/2023,14:00:00,Spring,3.0,Tuesday,7.66,1013.72,48.36,12.05,WINDY
800,2/3/2023,7:00:00,WINTER,2.0,Friday,11.56,997.93,49.42,14.62,Stormy
2436,4/12/2023,11:00:00,Spring,4.0,Wednesday,13.93,1003.68,33.1,13.13,WINDY
2104,3/29/2023,15:00:00,Spring,3.0,Wednesday,12.71,1015.09,46.33,13.77,Rainy
2518,4/15/2023,21:00:00,Spring,4.0,Saturday,19.08,1010.18,48.39,5.3,sunny
1113,2/16/2023,8:00:00,Winter,2.0,Thursday,10.4,1024.97,47.58,9.01,STORMY
3003,5/6/2023,2:00:00,Spring,5.0,Saturday,16.16,1009.74,45.83,16.73,cloudy
1254,2/22/2023,5:00:00,Winter,2.0,Wednesday,8.04,1011.1,56.15,8.93,windy
1087,2/15/2023,6:00 AM,Winter,2.0,Wednesday,4.73,1013.22,54.29,2.51,Stormy
3004,5/6/2023,3:00:00,Spring,5.0,Saturday,14.77,1019.77,55.28,8.87,Sunny 
216,1/9/2023,23:00:00,Winter,1.0,Monday,9.01,1000.87,78.21,22.78,Stromy
1831,3/18/2023,6:00:00,Spring,3.0,Sat,21.18,1012.06,48.17,13.47,FOGGY
820,2/4/2023,3:00:00,Winter,2.0,Saturday,13.85,1014.07,56.19,15.32,cloudy
653,1/28/2023,4:00:00,Winter,1.0,Saturday,12.49,1023.2,64.77,5.17,Rainy
3427,5/23/2023,18:00:00,SPRING,5.0,Tuesday,20.61,1022.22,32.9,14.11,SUNNY
1760,3/15/2023,7:00:00,Spring,3.0,Wednesday,10.14,1005.54,20.71,7.3,Rainy
2994,5/5/2023,17:00:00,Spring,5.0,Friday,13.17,1006.5,45.05,3.75,Windy
130,1/6/2023,9:00:00,Winter,1.0,Friday,10.5,1005.18,56.49,16.51, Foggy
2901,5/1/2023,20:00:00,Spring,5.0,Monday,8.72,1016.89,38.4,12.61, Foggy
2205,4/2/2023,20:00:00,Spring,4.0,Sunday,16.66,1013.65,62.27,13.6,foggy
947,2/9/2023,10:00:00,WINTER,2.0,Thursday,10.32,1008.6,59.75,6.69,FOGGY
3089,5/9/2023,16:00:00,Spring,5.0,Tuesday,6.15,1011.42,68.87,15.4,STORMY
2839,4/29/2023,6:00:00,Spring,4.0,Saturday,25.77,1023.96,66.02,20.53,FOGGY
1404,2/28/2023,11:00:00,WINTER,2.0,Tuesday,13.19,1013.75,47.34,3.32,FOGGY
1175,2/18/2023,22:00:00,Winter,2.0,SATURDAY,10.55,1023.18,56.89,9.19,WINDY
1342,2/25/2023,21:00:00,Winter,2.0,Saturday,7.05,1001.02,75.45,10.18,WINDY
1170,2/18/2023,17:00:00,Winter,2.0,Saturday,11.46,1021.85,67.92,13.51,rainy
252,1/11/2023,11:00:00,Winter,1.0,Wednesday,11.49,1016.15,68.43,-15.81,stormy
2651,4/21/2023,10:00:00,Spring,4.0,Friday,23.94,1007.68,42.16,4.88,STORMY
2957,5/4/2023,4:00:00,Spring,5.0,Thursday,12.41,1019.58,80.21,11.99,RAINY
1632,3/9/2023,23:00:00,Spring,3.0,Thursday,23.6,1015.26,49.91,11.75,Cludy
234,1/10/2023,17:00:00,Winter,1.0,Tuesday,0.76,995.41,61.6,8.99,windy
1071,2/14/2023,14:00:00,winter,2.0,Tuesday,18.47,1000.9,72.39,17.84,RAINY
737,1/31/2023,16:00:00,Winter,1.0,Tuesday,9.62,1003.82,56.28,5.95,cloudy
2612,4/19/2023,19:00:00,Spring,4.0,Wednesday,20.43,1014.58,66.6,5.69,Rainy 
1366,2/26/2023,21:00:00,Winter,2.0,Sunday,7.82,1018.28,71.35,7.51,SUNNY
1931,3/22/2023,10:00:00,Spring,3.0,Wednesday,17.14,1024.51,57.48,12.08,Sunny
839,2/4/2023,22:00:00,Winter,2.0,Saturday,10.14,1013.62,46.09,11.01,  FOGGY  
47,1/2/2023,22:00:00,Winter,1.0,Monday,6.88,1018.71,62.1,11.56,sunny
2357,4/9/2023,4:00:00,Spring,4.0,Sunday,22.34,1013.18,40.33,8.33,Cloudy
1077,2/14/2023,20:00:00,Winter,2.0,Tuesday,1.46,1000.22,45.55,16.39,Stormy
1870,3/19/2023,21:00:00,Spring,3.0,Sunday,6.77,1014.56,83.78,9.88,foggy
933,2/8/2023,20:00:00,winter,2.0,Wednesday,2,994.47,67.87,7.03,rainy
2859,4/30/2023,2:00:00,Spring,4.0,Sunday,7.1,1012.55,29.81,4.75,WINDY
25,1/2/2023,0:00:00,Winter,1.0,Monday,9.48,1015.09,55.08,10.59,windy
1763,3/15/2023,10:00:00,Spring,3.0,Wednesday,11.64,1003.78,69.52,14.39,  Cloudy  
2112,3/29/2023,23:00:00,Spring,3.0,Wednesday,18.94,1006.19,64.98,25.26,rainy
2035,3/26/2023,18:00:00,Spring,3.0,Sunday,13.46,1017.83,30.74,14.08,windy
1549,3/6/2023,12:00:00,Spring,3.0,Monday,14.63,1020.66,14.31,11.1,Foggy
3124,5/11/2023,3:00:00,spring,5.0,Thursday,12.55,1001.52,56.6,8.74,Stromy
2922,2-May-23,17:00:00,Spring,5.0,Tuesday,23.91,1017.06,71.71,4.8,cloudy
1260,2/22/2023,11:00:00,Winter,2.0,Wednesday,18.93,1007.51,79.36,14.3,sunny
3290,5/18/2023,1:00:00,Spring,5.0,Thursday,11.67,1028.09,31.83,18.91,Foggy
696,1/29/2023,23:00:00,Winter,1.0,Sunday,12.37,1007.8,36.95,5.75,RAINY
1320,2/24/2023,23:00:00,Winter,2.0,Friday,0.65,1002.9,43.36,12.47,WINDY
2164,4/1/2023,3:00:00,Spring,4.0,Saturday,20.81,1011.9,66.7,4.95,Sunny 
2754,4/25/2023,17:00:00,Spring,4.0,Tuesday,17.33,1006.79,69.12,12.46,CLOUDY
2973,5/4/2023,20:00:00,Spring,5.0,Thursday,17.1,1007.28,49.6,24.19,foggy
1993,3/25/2023,12:00 AM,Spring,3.0,Saturday,15.98,1022.06,78.96,15.87,Rainy 
1165,2/18/2023,12:00:00,WINTER,2.0,saturday,6.42,1005.47,58.69,7.19,FOGGY
332,1/14/2023,19:00:00,winter,1.0,Saturday,8.32,997.2,40.91,11.14,Windy
228,1/10/2023,11:00:00,Winter,1.0,Tuesday,11.23,1030.31,50.38,13.31,sunny
603,1/26/2023,2:00:00,Winter,1.0,Thursday,12.06,1003.81,67.28,21.23,WINDY
2150,3/31/2023,13:00:00,SPRING,3.0,Friday,15.82,1021.38,38.97,14.07,Foggy
1306,2/24/2023,9:00:00,winter,2.0,Friday,16.92,1013.11,51.63,6.43,windy
116,1/5/2023,19:00:00,Winter,1.0,Thursday,17.82,1013.28,44.5,13.28,Stormy
2716,4/24/2023,3:00:00,Spring,4.0,Monday,17.25,1002.3,54.81,10.03,sunny
128,1/6/2023,7:00:00,Winter,1.0,Friday,8.24,1006.35,59.06,11.7,sunny
2680,4/22/2023,15:00:00,Spring,4.0,Saturday,18.23,1018.99,77.41,13.21,WINDY
414,1/18/2023,5:00:00,Winter,1.0,Wednesday,8.97,1010.17,60.08,10.23,  Windy  
2937,5/3/2023,8:00:00,Spring,5.0,Wednesday,22.37,1017.87,61.28,300,Sunny 
2082,3/28/2023,17:00:00,Spring,3.0,Tuesday,18.33,1026.3,52.6,10.54,WINDY
787,2/2/2023,18:00:00,Winter,2.0,Thursday,10.16,1016.76,44.39,7.73,foggy
2578,4/18/2023,9:00:00,Spring,4.0,Tuesday,17.23,1018.71,56.49,8.87,rainy
865,2/6/2023,0:00:00,Winter,2.0,Monday,13.44,1009.99,55.28,4.97,Sunny
752,2/1/2023,7:00:00,Winter,2.0,Wednesday,10.78,1002.32,62.29,2.72,STORMY
1695,3/12/2023,14:00:00,Spring,3.0,Sunday,22.36,1015.59,67.36,11.02,RAINY
1720,3/13/2023,15:00:00,SPRING,3.0,Monday,20.76,1007.13,50.49,2.24,Windy
3311,5/18/2023,22:00:00,Spring,5.0,Thursday,9.35,1006.79,37.5,0.09,sunny
1886,3/20/2023,13:00:00,Spring,3.0,Monday,21.05,1012.68,66.92,20.09,CLOUDY
1364,2/26/2023,19:00:00,Winter,2.0,Sunday,16.52,1004.14,69.64,20.4,foggy
3017,5/6/2023,4:00 PM,Spring,5.0,Saturday,21.37,1014.29,60.2,9.98,Windy
355,1/15/2023,18:00:00,Winter,1.0,Sunday,8.29,1015.15,77.93,15.05,WINDY
2761,4/26/2023,0:00:00,Spring,4.0,Wednesday,15.47,1003.94,51.63,18.45,cloudy
666,1/28/2023,17:00:00,Winter,1.0,Saturday,2.12,1005.84,63.96,6.31,FOGGY
2454,4/13/2023,5:00:00,Spring,4.0,Thursday,19.93,1021.97,53,13.23,Stormy
1681,3/12/2023,0:00:00,Spring,3.0,Sunday,20.84,1021.69,60,2.96,foggy
1801,3/17/2023,0:00:00,Spring,3.0,Friday,18.7,1013.52,67.2,6.94,STORMY
36,1/2/2023,11:00:00,Winter,1.0,Monday,9.14,1023.46,30.89,13.11,STORMY
1136,2/17/2023,7:00:00,Winter,2.0,Friday,2.8,1028.56,27.68,8.41,Cloudy
1448,3/2/2023,7:00:00,Spring,3.0,Thursday,9.26,1013.76,30.62,3.04, Foggy
2907,5/2/2023,2:00:00,Spring,5.0,Tuesday,28.89,998.4,43.92,8.24,Rainy
1912,3/21/2023,15:00:00,Spring,3.0,Tuesday,22.73,1008.58,26.9,24.27,stormy
2038,3/26/2023,21:00:00,Spring,3.0,sunday,19.32,1008.53,62.01,8.73,Stormy
987,2/11/2023,2:00:00,Winter,2.0,Saturday,5.94,1020.31,63.06,14.57,CLOUDY
1078,2/14/2023,21:00:00,Winter,2.0,Tuesday,7.02,1009.28,55.67,1.53,windy
2411,4/11/2023,10:00:00,Spring,4.0,Tuesday,9.49,1015.99,58.97,12.38,Cloudy
868,2/6/2023,3:00:00,Winter,2.0,Monday,5.73,1011.25,53.63,11.51,SUNNY
866,2/6/2023,1:00:00,Winter,2.0,Monday,16.48,1028.18,57.35,18.14,rainy
3304,5/18/2023,15:00:00,Spring,5.0,Thursday,18.65,1000.97,46.65,15.1,STORMY
2421,4/11/2023,20:00:00,Spring,4.0,Tue,16.01,1001.92,69.82,7.35, Foggy
526,1/22/2023,21:00:00,Winter,1.0,Sunday,9.88,1005.78,41.96,18.75,Foggy
979,2/10/2023,18:00:00,Winter,2.0,Friday,13.05,1006.24,32.51,11.45,Stormy
2184,4/1/2023,23:00:00,Spring,4.0,Saturday,19.46,997.96,31.46,8.18,Cludy
421,1/18/2023,12:00:00,Winter,1.0,Wednesday,10.02,1012.81,41.44,13.95,  stormy  
1327,2/25/2023,6:00:00,Winter,2.0,Saturday,6.71,1021.66,53.06,6.89,Rainy
1740,3/14/2023,11:00:00,Spring,3.0,Tuesday,18.47,1027.45,95,12.58,sunny
2383,4/10/2023,6:00:00,Spring,4.0,Monday,18.88,1011.78,67.14,19.39,Windy
1091,15-Feb-23,10:00:00,Winter,2.0,Wednesday,9.54,1006.4,250,19.17,Stromy
330,1/14/2023,17:00:00,Winter,1.0,Saturday,2.67,1010.56,45.86,10.88,cloudy
2489,4/14/2023,16:00:00,Spring,4.0,Friday,13.55,1005.31,58.81,16.18,rainy
829,2/4/2023,12:00:00,Winter,2.0,Saturday,18.43,1004.88,49.58,14.5,cloudy
2033,3/26/2023,16:00:00,Spring,3.0,Sunday,17.09,1015.25,50.9,15.51,FOGGY
2617,4/20/2023,0:00:00,Spring,4.0,Thursday,16.66,1007.33,42.71,18.95,Cludy
807,2/3/2023,14:00:00,Winter,2.0,Friday,9.42,1005.1,42.3,19.5,WINDY
227,1/10/2023,10:00:00,Winter,1.0,TUESDAY,8.96,1013.37,34.6,16.48,Stromy
1081,2/15/2023,0:00:00,winter,2.0,wednesday,7.9,1012.14,73.3,5.54,Sunny
2833,4/29/2023,0:00:00,Spring,4.0,Saturday,14.02,1009.33,60.24,14.05,Stromy
1901,3/21/2023,4:00:00,Spring,3.0,Tuesday,17.36,1008.93,62.28,6.91,windy
1419,3/1/2023,2:00:00,Spring,3.0,Wednesday,14.79,1035.59,35.22,12.12,Windy
3368,5/21/2023,7:00:00,Spring,5.0,Sunday,21.2,1016.62,66.3,0.14,WINDY
2079,3/28/2023,14:00:00,Spring,3.0,Tuesday,19.21,1006.19,67.96,16.61,sunny
958,2/9/2023,21:00:00,Winter,2.0,Thursday,13.91,1016.85,51.96,8.83,Cloudy
1238,2/21/2023,13:00:00,Winter,2.0,Tuesday,6.07,1016.48,58.6,19.52,FOGGY
1299,2/24/2023,2:00:00,Winter,2.0,Friday,10.78,1008.27,27.3,9.43,Cloudy
883,2/6/2023,18:00:00,Winter,2.0,Monday,-1.16,1004.59,77.46,23.15, Foggy
694,1/29/2023,21:00:00,Winter,1.0,Sunday,7.12,1000.61,47.63,10.29,Stromy
995,2/11/2023,10:00:00,Winter,2.0,Saturday,10.53,1024.58,63.52,5.7,WINDY
2670,4/22/2023,5:00:00,Spring,4.0,SATURDAY,23.51,1014.42,47.05,16.83,rainy
1192,2/19/2023,15:00:00,Winter,2.0,Sunday,3.03,1015,37.25,10.48,windy
2400,4/10/2023,23:00:00,spring,4.0,Monday,13.14,1012.7,63.55,10.05,Rainy
619,1/26/2023,18:00:00,Winter,1.0,Thursday,4.07,1001.95,59.56,16.33, Foggy
1318,2/24/2023,21:00:00,Winter,2.0,Friday,1.32,1018.79,74.36,27.53,sunny
843,2/5/2023,2:00:00,Winter,2.0,Sunday,10,1014.05,53.84,4.83,Rainy
291,1/13/2023,2:00:00,Winter,1.0,Friday,-4.5,1031.33,34.16,2.13,  FOGGY  
2290,4/6/2023,9:00:00,Spring,4.0,Thursday,19.56,1017.59,75.97,19.15,RAINY
2075,3/28/2023,10:00:00,Spring,3.0,Tuesday,27.87,1016.02,52.19,18.2,foggy
1965,3/23/2023,20:00:00,Spring,3.0,Thursday,11.97,1005.91,12.25,15.27,Foggy
2161,4/1/2023,0:00:00,Spring,4.0,Saturday,26.09,1006.84,72.15,13.11,sunny
2797,4/27/2023,12:00:00,Spring,4.0,Thursday,15.67,1004.67,70.05,-20,Rainy 
2780,4/26/2023,19:00:00,Spring,4.0,Wednesday,20.2,1012.4,71.39,17.82,  Windy  
682,1/29/2023,9:00:00,Winter,1.0,SUNDAY,17.81,1013.03,70.17,20.05,STORMY
1536,3/5/2023,23:00:00,Spring,3.0,Sunday,15.58,1012.63,54.75,16.1,cloudy
1132,2/17/2023,3:00:00,Winter,2.0,Friday,13.9,1022.15,34.18,16.58,sunny
1618,3/9/2023,9:00:00,Spring,3.0,thursday,20.65,0,55.56,10.11,CLOUDY
1301,2/24/2023,4:00:00,Winter,2.0,Friday,6.35,1008.92,57.24,16.62,Sunny
3047,5/7/2023,10:00 PM,Spring,5.0,Sunday,20.57,1028.38,61.14,9.44, Foggy
3014,5/6/2023,13:00:00,Spring,5.0,Saturday,23.41,1007.72,52.47,13.44,Sunny 
2639,4/20/2023,22:00:00,Spring,4.0,Thursday,11.51,1001.3,70.14,2.91,RAINY
1809,3/17/2023,8:00:00,Spring,3.0,Friday,19.23,1018.81,45.58,19.72,sunny
546,1/23/2023,17:00:00,Winter,1.0,Monday,7.05,1010.14,52.29,20.24,windy
1949,3/23/2023,4:00:00,Spring,3.0,Thursday,13.37,1009.4,56.11,19.16,cloudy
96,1/4/2023,23:00:00,Winter,1.0,WEDNESDAY,3.8,1008.2,23.14,8.85,sunny
791,2/2/2023,22:00:00,winter,2.0,Thursday,4.97,1016.65,48.11,7.83,SUNNY
1923,3/22/2023,2:00:00,Spring,3.0,Wednesday,16.83,1011.43,61.15,8.42,windy
2681,4/22/2023,16:00:00,Spring,4.0,Saturday,17.03,997.17,55.39,12.43, Foggy
3429,5/23/2023,20:00:00,Spring,5.0,Tuesday,22,1008.3,50.26,1.32,Sunny
1998,3/25/2023,5:00:00,Spring,3.0,Saturday,19.62,1017.64,73.14,11.85,SUNNY
274,1/12/2023,9:00 AM,Winter,1.0,Thursday,11.64,1013.42,65.99,11.52, Foggy
568,1/24/2023,15:00:00,Winter,1.0,Tuesday,5.48,1012.35,60.22,9.08,Rainy
364,1/16/2023,3:00:00,Winter,1.0,Monday,9.2,1033.81,63.48,1.44,Cludy
2385,4/10/2023,8:00:00,Spring,4.0,Monday,14.01,1021.15,35.66,10.19,rainy
2854,4/29/2023,21:00:00,Spring,4.0,Saturday,20.01,1014.99,55.52,8.15,Rainy
1788,3/16/2023,11:00:00,Spring,3.0,Thursday,24.83,1007.1,65.3,16.45,Cloudy
3356,5/20/2023,19:00:00,Spring,5.0,saturday,13.44,1015.08,45.64,10.34,Rainy
2521,4/16/2023,0:00:00,Spring,4.0,Sunday,27.24,1002.54,59.1,21.4,rainy
2222,4/3/2023,13:00:00,Spring,4.0,Monday,26.69,1016.43,60.08,11.23,Rainy 
519,1/22/2023,14:00:00,Winter,1.0,Sunday,8.44,1014.58,45.74,10.1,Sunny 
444,1/19/2023,11:00:00,Winter,1.0,Thursday,4.89,1014.56,43.86,4.08,Stromy
239,1/10/2023,22:00:00,Winter,1.0,Tuesday,1.74,1024.55,53.77,18.7,Cludy
374,1/16/2023,13:00:00,Winter,1.0,Monday,missing,1014.48,78.13,24.04,Stromy
1645,3/10/2023,12:00:00,Spring,3.0,Friday,14.96,1004.94,58.81,1.24,Rainy
1553,3/6/2023,16:00:00,Spring,3.0,Monday,17.68,1007.72,69.76,12.76,STORMY
2263,4/5/2023,6:00:00,Spring,4.0,Wednesday,17.03,1020.17,61.33,5.23,CLOUDY
435,1/19/2023,2:00:00,Winter,1.0,Thursday,2.73,1004.46,69.25,22.26,Windy
2266,4/5/2023,9:00:00,Spring,4.0,Wednesday,17.49,1013.3,61.01,7.27,stormy
11,1/1/2023,10:00:00,Winter,1.0,Sunday,11.69,1014.37,53.27,10.19,Stromy
2360,4/9/2023,7:00:00,Spring,4.0,Sunday,18.57,1012.13,67.4,11.38,Stormy
2866,4/30/2023,9:00:00,Spring,4.0,SUNDAY,20.94,1016.5,46.34,2.94,CLOUDY
817,2/4/2023,0:00:00,Winter,2.0,saturday,11.33,1028.53,41.83,9.73,rainy
2253,4/4/2023,20:00:00,Spring,4.0,Tuesday,19.53,1022.18,60.13,4.21,Rainy 
3081,5/9/2023,8:00:00,Spring,5.0,Tuesday,21.11,1019.59,25.31,9.52,FOGGY
3121,5/11/2023,0:00:00,Spring,5.0,Thursday,16.82,1011.93,41.19,18.34,Stormy
282,1/12/2023,17:00:00,Winter,1.0,Thursday,16.17,1003.83,250,7.47,SUNNY
1088,2/15/2023,7:00:00,Winter,2.0,Wednesday,3.3,1008.51,24.46,12.28,stormy
2378,10/4/2023,1:00:00,Spring,4.0,Monday,15.98,1019.63,19.13,5.88,RAINY
1311,2/24/2023,14:00:00,Winter,2.0,Friday,7.49,1006.26,-15,15.93,Sunny
1824,3/17/2023,23:00:00,Spring,3.0,Friday,14.87,1005.17,56.83,9.49,RAINY
1918,3/21/2023,21:00:00,Spring,3.0,Tuesday,17.98,1012.67,66.25,0.09,Stromy
1443,2-Mar-23,2:00:00,Spring,3.0,Thursday,19.03,1000.01,83.33,11.01,Rainy 
2547,4/17/2023,2:00:00,Spring,4.0,monday,14.85,1036.31,35.84,5.5, Foggy
2342,4/8/2023,13:00:00,spring,4.0,Saturday,23.55,1000.99,50.15,20.01,Windy
1434,3/1/2023,5:00 PM,Spring,3.0,Wednesday,23.11,1011.48,46.39,10.31,WINDY
363,1/16/2023,2:00:00,Winter,1.0,Monday,14.19,1013.17,59.63,22.21,FOGGY
2736,4/24/2023,23:00:00,Spring,4.0,Monday,12.42,1004.62,65.32,9.92,  stormy  
977,2/10/2023,16:00:00,Winter,2.0,Friday,16.07,1010.42,74.88,3.56,Foggy
1150,2/17/2023,21:00:00,winter,2.0,Friday,6.61,1023.33,61.33,19.86,rainy
2920,5/2/2023,15:00:00,Spring,5.0,tuesday,18.08,1010.08,38.44,6.25,Cloudy
3210,5/14/2023,17:00:00,Spring,5.0,Sunday,12.93,1008.21,60.92,14.15,Foggy
2570,4/18/2023,1:00:00,Spring,4.0,Tuesday,18.59,1016.13,57.06,19.14,STORMY
148,1/7/2023,3:00:00,Winter,1.0,Saturday,12.15,1006.15,56.07,9.13,stormy
643,1/27/2023,18:00:00,Winter,1.0,Friday,12.29,1011.12,55.57,3.31,Stormy
638,1/27/2023,13:00:00,Winter,1.0,Friday,13.11,1029.71,31.21,0.72,CLOUDY
1791,3/16/2023,14:00:00,spring,3.0,Thursday,19.36,1012.54,63.22,3.96,Sunny 
117,1/5/2023,20:00:00,Winter,1.0,Thursday,7.44,1011.23,64.21,16.55,Sunny 
2387,4/10/2023,10:00:00,Spring,4.0,Monday,25.04,1011.99,65.07,16.48,Rainy
2172,4/1/2023,11:00:00,Spring,4.0,Saturday,22.36,1015.62,38.18,20.28,windy
1162,2/18/2023,9:00:00,Winter,2.0,Saturday,11.19,1025.93,34.11,11.79,RAINY
423,1/18/2023,14:00:00,Winter,1.0,Wednesday,9.42,1010.93,63.8,9.15,cloudy
3306,5/18/2023,17:00:00,Spring,5.0,Thursday,23.28,1024.49,68.47,11.02,Windy
2872,4/30/2023,15:00:00,Spring,4.0,Sunday,15.04,1012.81,19.26,5.39,foggy
1585,3/8/2023,0:00:00,Spring,3.0,Wednesday,21.45,1009.44,57.09,11.73,Rainy
3086,5/9/2023,13:00:00,Spring,5.0,Tuesday,16.08,1010.38,44.08,16.61,Windy
1651,3/10/2023,18:00:00,Spring,3.0,friday,11.55,1013.47,68.69,14.53,sunny
61,1/3/2023,12:00:00,Winter,1.0,Tuesday,4.04,1012.08,62.57,17.19,stormy
2883,5/1/2023,2:00:00,Spring,5.0,Monday,20.98,1005.4,36.73,14.38,SUNNY
727,1/31/2023,6:00:00,Winter,1.0,Tuesday,0.41,1019,48.76,5.22,WINDY
746,2/1/2023,1:00:00,Winter,2.0,Wednesday,9.32,1023.18,65.99,13.73,windy
2134,3/30/2023,21:00:00,Spring,3.0,Thursday,20.4,1024.07,73.99,16.26,Cloudy
160,1/7/2023,15:00:00,Winter,1.0,Saturday,12.12,1013.59,35.65,4.23,Sunny
938,2/9/2023,1:00:00,Winter,2.0,Thursday,15.14,1001.21,46.21,13.97,CLOUDY
3187,5/13/2023,18:00:00,Spring,5.0,Saturday,19.53,1012.88,84.59,7.22,Cloudy
467,1/20/2023,10:00:00,Winter,1.0,Friday,14.52,999.7,70.49,18.76,Foggy
202,1/9/2023,9:00:00,Winter,1.0,Monday,5.83,1010.53,58.33,9.13,Foggy
2376,4/9/2023,23:00:00,Spring,4.0,Sunday,16.66,1023.58,57.63,5.85,cloudy
1207,2/20/2023,6:00:00,Winter,2.0,Monday,7.69,1014.93,56.27,16.79,Foggy
2392,4/10/2023,15:00:00,Spring,4.0,MONDAY,20.35,1013.83,40.2,15.1,SUNNY
163,1/7/2023,18:00:00,Winter,1.0,Saturday,6.85,1018.57,82.73,18.76,windy
2469,4/13/2023,20:00:00,Spring,4.0,Thursday,16.4,1024.13,59.78,11.87,Cludy
2022,3/26/2023,5:00:00,Spring,3.0,Sunday,10.71,1014.88,25.23,10.4,STORMY
3000,5/5/2023,23:00:00,Spring,5.0,Friday,17.64,1019.7,53.49,6.32,Cludy
1212,2/20/2023,11:00:00,Winter,2.0,Monday,13.83,1017.25,22.33,8.82,Windy
659,1/28/2023,10:00:00,Winter,1.0,Saturday,8.99,1015.49,80.5,18.43, Foggy
558,24-Jan-23,5:00:00,Winter,1.0,Tuesday,-1.33,1021.06,44.73,16.74,Stromy
108,1/5/2023,11:00:00,Winter,1.0,Thu,13.29,998.93,37.25,0.24,Stromy
2013,3/25/2023,20:00:00,Spring,3.0,Saturday,11.53,1013.67,38.79,4.94,Stormy
211,1/9/2023,18:00:00,Winter,1.0,Monday,150,1018.4,38.16,14.29,cloudy
268,1/12/2023,3:00:00,Winter,1.0,Thursday,5.66,1015.77,54.3,14.86,cloudy
1735,3/14/2023,6:00:00,SPRING,3.0,Tuesday,25.23,1009.32,48.56,4.19,Foggy
2353,4/9/2023,0:00:00,Spring,4.0,Sunday,16.05,1023.85,54.48,6.56,Cludy
3141,5/11/2023,20:00:00,Spring,5.0,Thursday,17.56,1011.14,48.74,11.5,Rainy 
2881,5/1/2023,0:00:00,Spring,5.0,monday,150,989.73,36.66,6.51,Stormy
3018,5/6/2023,17:00:00,Spring,5.0,Saturday,20.48,1024.86,65.57,16.86, Foggy
1390,2/27/2023,21:00:00,Winter,2.0,Monday,8.38,1021.39,54.56,16.65,cloudy
1747,3/14/2023,18:00:00,Spring,3.0,Tuesday,11.73,1008.56,33.96,24.55,Windy
1169,2/18/2023,16:00:00,Winter,2.0,Saturday,10.4,1004.56,67.34,6.22,STORMY
1677,3/11/2023,20:00:00,Spring,3.0,Saturday,16.75,1003.7,48.8,12.19,Cloudy
2221,4/3/2023,12:00:00,Spring,4.0,Monday,7.22,1010.03,69.72,9.68,foggy
2363,4/9/2023,10:00:00,Spring,4.0,Sunday,16.09,1018.92,52.4,14.49,Cludy
1034,2/13/2023,1:00:00,Winter,2.0,Monday,13.35,1023.18,53.34,9.67,cloudy
725,1/31/2023,4:00:00,Winter,1.0,tuesday,-2.42,1026.8,50.69,13.72,SUNNY
2644,4/21/2023,3:00:00,Spring,4.0,Fri,11.96,1016.3,38.3,14.6,foggy
1793,3/16/2023,16:00:00,Spring,3.0,Thursday,23.43,1013.31,47.75,10.52,Windy
580,1/25/2023,3:00:00,Winter,1.0,Wednesday,12.19,1008.06,46.63,5.4,  SUNNY  
2366,4/9/2023,13:00:00,Spring,4.0,Sunday,19.91,1012.68,53.56,-13.55,SUNNY
513,1/22/2023,8:00:00,Winter,1.0,Sunday,6.36,1014.24,67.38,6.8,SUNNY
382,1/16/2023,21:00:00,Winter,1.0,Monday,6.14,1021.71,83.27,21.26,Rainy 
959,2/9/2023,22:00:00,Winter,2.0,thursday,13.18,1001.62,40.45,9.61,foggy
427,1/18/2023,18:00:00,Winter,1.0,Wednesday,10.05,1011.07,65.09,23.4,Stromy
1937,3/22/2023,16:00:00,Spring,3.0,Wednesday,19.93,1006.52,76.29,13.76,CLOUDY
729,1/31/2023,8:00:00,Winter,1.0,Tuesday,4.35,1019.06,65.28,23.09,Cludy
2001,3/25/2023,8:00:00,Spring,3.0,Saturday,17.83,1008.97,52.41,16.29,RAINY
342,1/15/2023,5:00:00,Winter,1.0,Sunday,13.98,1011.73,54.59,6.4,SUNNY
876,2/6/2023,11:00:00,Winter,2.0,Monday,13.9,1007.98,-15,12.31,stormy
451,1/19/2023,18:00:00,Winter,1.0,Thursday,17.51,1012.51,44.37,2.92,Cloudy
1699,3/12/2023,18:00:00,Spring,3.0,Sunday,22.45,1008.14,52,20.4,windy
2598,4/19/2023,5:00:00,spring,4.0,Wednesday,27.06,1017.63,17.63,19.3,Stromy
713,1/30/2023,16:00:00,Winter,1.0,Monday,4.96,1008.69,46.78,17,RAINY
1041,2/13/2023,8:00:00,winter,2.0,Monday,8.06,1016.84,50.97,0.98,Sunny 
242,1/11/2023,1:00:00,Winter,1.0,Wednesday,7.55,1024.52,44.85,22.81,WINDY
1545,3/6/2023,8:00:00,Spring,3.0,Monday,17.21,1003.32,78.87,17.26,STORMY
2064,3/27/2023,23:00:00,Spring,3.0,Monday,8.6,1004.8,56.72,20.56,Windy
2446,4/12/2023,21:00:00,Spring,4.0,Wednesday,15.71,1021.57,38.35,13.94,WINDY
662,1/28/2023,13:00:00,Winter,1.0,Saturday,2.55,1006.72,49.44,3.57,Sunny
476,1/20/2023,19:00:00,Winter,1.0,Friday,11.48,1010.33,72.6,14.22,sunny
2898,5/1/2023,17:00:00,Spring,5.0,Monday,16.46,1005.26,63.47,5.03,stormy
1271,2/22/2023,22:00:00,Winter,2.0,Wednesday,3.03,1014.09,56.27,5.58,cloudy
970,2/10/2023,9:00:00,Winter,2.0,Friday,12.75,1014.94,32.01,10.82,Foggy
1686,3/12/2023,5:00:00,Spring,3.0,Sunday,9.45,1009.86,31.48,3.05,Cludy
2948,5/3/2023,19:00:00,Spring,5.0,Wednesday,26.02,1018.44,31.73,21.03,  cloudy  
3024,5/6/2023,23:00:00,Spring,5.0,Saturday,17.96,1010.51,64.93,13.37,sunny
2654,4/21/2023,13:00:00,Spring,4.0,Friday,24.92,1007.56,57.73,13.77,FOGGY
745,2/1/2023,0:00:00,Winter,2.0,Wednesday,14.32,1006.23,63.15,13.2,Rainy 
1891,3/20/2023,18:00:00,Spring,3.0,Monday,10.34,1003.97,69.59,17.24,Sunny 
2034,3/26/2023,5:00 PM,Spring,3.0,Sunday,19.41,1027.66,32.05,11.27,RAINY
2909,5/2/2023,4:00:00,Spring,5.0,Tuesday,30.13,1015.95,69.66,13.08,FOGGY
3103,10-May-23,6:00:00,Spring,5.0,Wednesday,13.82,998.07,78.85,7.68,STORMY
2579,4/18/2023,10:00:00,Spring,4.0,Tuesday,15.17,1019.49,45.19,17.49,cloudy
882,2/6/2023,17:00:00,Winter,2.0,Monday,5.09,1003.61,52.03,24.41,Sunny
2073,3/28/2023,8:00:00,Spring,3.0,TUESDAY,14.83,997.75,53.67,25.26,RAINY
3276,5/17/2023,11:00:00,Spring,5.0,Wed,19.32,1001.36,56.66,3.44,windy
2094,3/29/2023,5:00:00,Spring,3.0,Wednesday,19.25,993.47,52.24,10.76,foggy
1262,2/22/2023,13:00:00,Winter,2.0,Wednesday,12.14,1021.57,23.88,11.87,Foggy
1546,3/6/2023,9:00:00,spring,3.0,Monday,22.82,1010.56,29.06,23.72,RAINY
4,1/1/2023,3:00:00,winter,1.0,Sunday,9.21,997.69,29.13,8.63,Cloudy
2899,5/1/2023,18:00:00,Spring,5.0,Monday,29.67,1023.37,55.19,17.2,Cludy
2517,4/15/2023,8:00 PM,Spring,4.0,Saturday,11.18,1012.58,50.85,14.6,Stormy
2562,4/17/2023,17:00:00,Spring,4.0,Monday,26.11,1008.84,35.01,15.79,Rainy
1557,3/6/2023,20:00:00,Spring,3.0,Monday,20.6,1010.38,33.61,14.36,Rainy 
1786,3/16/2023,9:00:00,Spring,3.0,Thursday,1.89,1016.16,55.51,1.91,RAINY
2786,4/27/2023,1:00:00,Spring,4.0,Thursday,12.17,1024.77,35.12,20.08,RAINY
1629,3/9/2023,20:00:00,Spring,3.0,Thursday,14.19,1010.55,57.18,7.78,Stormy
2679,4/22/2023,14:00:00,Spring,4.0,Sat,10.84,997.61,51.32,2.89,cloudy
852,2/5/2023,11:00:00,Winter,2.0,Sunday,10.18,992.74,65.23,12.76,Rainy
1773,3/15/2023,20:00:00,Spring,3.0,Wednesday,18.27,1019.92,47.85,22.06,RAINY
3027,5/7/2023,2:00:00,Spring,5.0,Sunday,20.32,1003.66,52.9,24.11,Rainy 
70,1/3/2023,21:00:00,Winter,1.0,Tuesday,9,1008.2,56.05,9.69,STORMY
2566,4/17/2023,21:00:00,Spring,4.0,Monday,18.2,1020.16,63.87,11.06,Rainy
3088,5/9/2023,15:00:00,Spring,5.0,Tuesday,14.72,1002.16,45.29,10.02,Cloudy
200,1/9/2023,7:00:00,Winter,1.0,Monday,7.8,1018.45,55.42,12.18,cloudy
1664,3/11/2023,7:00:00,Spring,3.0,Saturday,14.25,1015.7,46.82,22.9,Stormy
3411,5/23/2023,2:00:00,Spring,5.0,Tuesday,16.53,1009.8,32.3,4.17,Foggy
3164,5/12/2023,19:00:00,Spring,5.0,Friday,25.55,1016.06,57.41,21.69,Stormy
1964,3/23/2023,19:00:00,Spring,3.0,Thursday,19.8,1017.33,39.99,6.87,Cloudy
1782,3/16/2023,5:00:00,Spring,3.0,Thursday,24.71,997.53,55.35,15.75,cloudy
1787,3/16/2023,10:00:00,Spring,3.0,Thursday,19.55,1016.81,63.84,3.91,FOGGY
1805,3/17/2023,4:00:00,Spring,3.0,FRIDAY,15.04,1025.44,38.28,1.56,cloudy
2226,4/3/2023,17:00:00,Spring,4.0,Monday,17.42,1014.71,40.35,12.96,WINDY
677,1/29/2023,4:00:00,Winter,1.0,Sunday,9.25,1021.36,57.17,12.14,rainy
1167,2/18/2023,14:00:00,Winter,2.0,Saturday,11.59,1011.74,45.37,21.99,STORMY
1286,2/23/2023,13:00:00,Winter,2.0,Thursday,5.13,1017.29,70.51,9.56,WINDY
640,1/27/2023,15:00:00,Winter,1.0,Friday,-5.18,1013.03,59.92,17.55,rainy
425,1/18/2023,16:00:00,Winter,1.0,Wednesday,3,1007.58,62.71,13.08,Cloudy
692,1/29/2023,7:00 PM,Winter,1.0,Sunday,9.27,1019.56,54.5,14.73,WINDY
207,1/9/2023,14:00:00,Winter,1.0,Monday,5.77,1024.63,78.69,8.86,Foggy
1688,3/12/2023,7:00:00,Spring,3.0,SUNDAY,15.47,1011.56,68.41,7.4,Rainy
1086,2/15/2023,5:00:00,Winter,2.0,Wednesday,12.71,1014.54,84.23,18.15, Foggy
2695,4/23/2023,6:00:00,Spring,4.0,Sunday,10.14,1010.54,60.85,12.45,FOGGY
1226,2/21/2023,1:00:00,Winter,2.0,Tuesday,6.04,1004.86,39.59,9.76,Windy
127,1/6/2023,6:00:00,winter,1.0,Friday,4.75,1009.1,46.11,6.82,Sunny
1934,3/22/2023,13:00:00,Spring,3.0,Wednesday,15.98,1013.01,56.77,1.97, Foggy
2908,5/2/2023,3:00:00,Spring,5.0,TUESDAY,30.54,1027.45,77.41,10.02,Sunny 
2551,4/17/2023,6:00:00,Spring,4.0,Monday,19.46,1014.71,62.34,12.33,Windy
415,1/18/2023,6:00:00,Winter,1.0,Wednesday,8.84,1023.54,39.9,18.84,windy
2292,4/6/2023,11:00:00,Spring,4.0,Thursday,22.69,1012.49,36.19,6.01,WINDY
2326,4/7/2023,9:00 PM,Spring,4.0,Friday,20.11,1019.77,63.02,1.39, Foggy
1643,3/10/2023,10:00 AM,SPRING,3.0,Friday,19.09,200,53,4.07,sunny
2466,4/13/2023,17:00:00,Spring,4.0,Thursday,21.03,1016.78,62.96,5.56,Cludy
1062,2/14/2023,5:00:00,Winter,2.0,Tuesday,8.13,1000.66,57.46,25.18,cloudy
2713,4/24/2023,0:00:00,Spring,4.0,Monday,16.59,1007.95,42.03,16.16,windy
1717,3/13/2023,12:00:00,SPRING,3.0,Monday,17.94,1021.25,71.42,7.16,Cludy
2209,4/3/2023,0:00:00,Spring,4.0,Monday,15.57,1020.55,65.6,11.89, Foggy
582,1/25/2023,5:00:00,Winter,1.0,Wednesday,7.97,1018.35,38.62,9.68,SUNNY
1425,3/1/2023,8:00:00,Spring,3.0,Wednesday,16,1007.04,53.43,15.68,Stormy
1258,2/22/2023,9:00:00,Winter,2.0,Wednesday,14.44,1013.12,36.46,19.53,Rainy
1833,3/18/2023,8:00:00,spring,3.0,Saturday,11.12,1009.21,99.15,16.35,cloudy
2960,5/4/2023,7:00:00,Spring,5.0,Thursday,17.89,1015.75,83.13,12.63,Foggy
873,2/6/2023,8:00:00,Winter,2.0,Monday,3.38,1000.22,50.09,10.72,Sunny
2725,4/24/2023,12:00:00,spring,4.0,Monday,10.45,1007.5,44.84,9.75,Rainy 
1467,3/3/2023,2:00:00,Spring,3.0,Friday,15.17,1008.2,45.14,7.81,stormy
1186,2/19/2023,9:00:00,Winter,2.0,Sunday,10.59,1016.97,55.02,14.49,sunny
2197,4/2/2023,12:00:00,Spring,4.0,Sunday,11.98,1014.8,64.44,300,Rainy
489,21/01/2023,8:00:00,Winter,1.0,saturday,3.47,1007.77,46.07,20.25,WINDY
728,1/31/2023,7:00:00,Winter,1.0,Tuesday,5.75,1023.06,46.97,14.15,Rainy
2968,5/4/2023,15:00:00,Spring,5.0,Thursday,19.68,1016.62,80.13,10.84,stormy
171,1/8/2023,2:00:00,Winter,1.0,Sunday,11.61,1003.97,47.13,14.94,Stormy
639,1/27/2023,14:00:00,Winter,1.0,Friday,17.35,1016.12,41.98,15.21,Cloudy
2622,4/20/2023,5:00:00,Spring,4.0,Thursday,20.85,1013.57,51.36,-17.77,foggy
3269,5/17/2023,4:00:00,Spring,5.0,Wednesday,21.49,1016.68,55.1,8.18,Cludy
1393,2/28/2023,12:00 AM,Winter,2.0,Tuesday,9.37,1005.01,54.96,8.8,  Cloudy  
2846,4/29/2023,13:00:00,Spring,4.0,Saturday,20.39,1012.78,33.55,3.47,Cludy
2564,4/17/2023,19:00:00,Spring,4.0,Monday,20.64,1006.85,55.74,3.89,stormy
2524,4/16/2023,3:00:00,Spring,4.0,Sunday,5.71,1005.15,53.3,21.59,Stromy
389,1/17/2023,4:00:00,Winter,1.0,Tuesday,3.61,1006.38,51.6,14.2,Stromy
2559,4/17/2023,14:00:00,SPRING,4.0,Monday,13.53,1004.17,32.65,12.88, Foggy
718,1/30/2023,21:00:00,Winter,1.0,Monday,10.67,1022.83,45.44,14.75,Stormy
140,1/6/2023,19:00:00,Winter,1.0,Friday,5.56,1009.54,60.92,9.47,STORMY
1841,3/18/2023,16:00:00,Spring,3.0,Saturday,14.2,1018.31,70.89,8.67,Rainy
518,1/22/2023,13:00:00,Winter,1.0,Sunday,999,1020.41,69.48,19.42,CLOUDY
2093,3/29/2023,4:00:00,Spring,3.0,Wednesday,26.13,1014.89,49.21,6.51,windy
2703,4/23/2023,14:00:00,Spring,4.0,Sunday,14.8,1017.06,44.3,13.36,foggy
1682,12/3/2023,1:00:00,Spring,3.0,Sunday,15.5,1022.58,42.89,10.66,Cloudy
1300,2/24/2023,3:00:00,Winter,2.0,Friday,13.15,1010.3,42.3,17.55,Windy
326,1/14/2023,13:00:00,Winter,1.0,Saturday,4.66,1020.94,52.38,7.47,Stormy
3319,5/19/2023,6:00:00,Spring,5.0,Friday,24.71,1013.74,57.03,3.32,Cludy
2536,4/16/2023,15:00:00,Spring,4.0,Sunday,17.11,1019.02,45.78,7.05,Stormy
120,1/5/2023,11:00 PM,Winter,1.0,Thursday,10.88,1015.49,101.18,18.72,cloudy
164,1/7/2023,19:00:00,Winter,1.0,Saturday,6.66,1004.15,93.6,12.36,CLOUDY
322,1/14/2023,9:00 AM,Winter,1.0,Saturday,4.07,1002.35,27.46,300,Foggy
1985,3/24/2023,16:00:00,Spring,3.0,Friday,6.91,1032.35,77.43,10.29,Stormy
93,1/4/2023,20:00:00,Winter,1.0,Wednesday,8.49,1006.82,55.37,-,STORMY
831,2/4/2023,14:00:00,Winter,2.0,Saturday,8.98,1005.77,31.77,13.55,Sunny 
3063,5/8/2023,14:00:00,spring,5.0,Monday,20.26,1010.87,68.89,4.22,WINDY
2002,3/25/2023,9:00:00,Spring,3.0,Saturday,24.39,1017.56,56.53,20.99,Stormy
2138,3/31/2023,1:00:00,Spring,3.0,Friday,15.82,1010.51,35.06,7.55,foggy
1446,3/2/2023,5:00:00,Spring,3.0,THURSDAY,11.84,1007.52,61.86,24.59,cloudy
1352,2/26/2023,7:00:00,Winter,2.0,Sunday,3.74,1013.05,32.03,18.9,foggy
1430,3/1/2023,13:00:00,Spring,3.0,Wednesday,20.25,1010.91,63.34,0.57,Stromy
886,2/6/2023,21:00:00,Winter,2.0,Monday,9.65,1024.61,68.19,5.54,Stormy
5,1/1/2023,4:00:00,Winter,1.0,Sunday,2.94,1015.51,41.38,3.53,Stormy
1274,2/23/2023,1:00:00,Winter,2.0,Thursday,1.04,1026.63,53.27,9.92,Rainy 
6,1/1/2023,5:00:00,Winter,1.0,Sunday,15.33,1011.19,56.01,3.45,windy
383,1/16/2023,22:00:00,Winter,1.0,Monday,5.56,1004.04,57.11,1.39,RAINY
2669,4/22/2023,4:00:00,Spring,4.0,Saturday,13.64,1005.64,32.84,8.94,Sunny 
956,2/9/2023,19:00:00,Winter,2.0,thursday,6,1015.15,54.33,13.1,Stromy
2165,4/1/2023,4:00:00,Spring,4.0,Saturday,16.22,1026.18,56.02,12.76,rainy
2648,4/21/2023,7:00:00,Spring,4.0,Friday,19.99,1010.04,50.81,9.77,CLOUDY
1828,3/18/2023,3:00:00,Spring,3.0,Saturday,12.75,1005.22,150,7.46,STORMY
2656,4/21/2023,15:00:00,Spring,4.0,Friday,15.89,1016.58,61.86,20.12,foggy
634,1/27/2023,9:00:00,Winter,1.0,Friday,10.78,1005.65,48.74,10.23,cloudy
104,1/5/2023,7:00:00,Winter,1.0,THURSDAY,0.33,1023.22,59.98,7.51,SUNNY
2404,4/11/2023,3:00:00,spring,4.0,Tuesday,15.5,998.01,48.24,14.44,foggy
3200,5/14/2023,7:00:00,Spring,5.0,Sunday,13.19,1007.93,21.15,21.64,foggy
18,1/1/2023,17:00:00,Winter,1.0,Sunday,9.81,1007.84,60.42,21.23,Rainy
3299,5/18/2023,10:00:00,Spring,5.0,Thursday,?,998.71,39.95,3.11,WINDY
1525,3/5/2023,12:00:00,Spring,3.0,Sunday,12.28,1013.7,58.5,7.69,Windy
911,2/7/2023,22:00:00,Winter,2.0,Tuesday,5.52,1011.54,40.15,11.79,Rainy 
620,1/26/2023,19:00:00,Winter,1.0,Thursday,6.85,1024.63,34.92,16.16,Rainy
2097,3/29/2023,8:00:00,spring,3.0,Wednesday,18.62,1001.33,79.45,14.22,  Stormy  
2529,4/16/2023,8:00:00,Spring,4.0,Sunday,14.64,1013.71,50.78,12.74,CLOUDY
2407,4/11/2023,6:00:00,Spring,4.0,Tuesday,11.86,1007.56,57.77,26.41,Rainy
521,1/22/2023,16:00:00,Winter,1.0,Sunday,8,1017.81,33.34,1.78,sunny
1951,3/23/2023,6:00:00,Spring,3.0,Thursday,13.83,1007.56,43.06,13.15,RAINY
2597,4/19/2023,4:00:00,Spring,4.0,Wednesday,16.32,1011.92,36.56,9.53,Foggy
1015,2/12/2023,6:00:00,Winter,2.0,Sunday,15.31,1016.59,69.43,10.58,RAINY
2081,3/28/2023,16:00:00,Spring,3.0,Tuesday,7.95,1002.41,82.11,21.85,Cloudy
2600,4/19/2023,7:00:00,Spring,4.0,Wednesday,15.65,1024.99,50.92,0.78,sunny
2945,5/3/2023,16:00:00,Spring,5.0,Wednesday,10.84,1012.44,49.79,6.95,WINDY
3071,5/8/2023,22:00:00,Spring,5.0,Monday,28.28,1009.23,64.84,16.62,Cloudy
133,1/6/2023,12:00:00,Winter,1.0,Friday,9.3,1005.77,64.58,2.03,Foggy
289,1/13/2023,12:00 AM,Winter,1.0,Friday,4.81,1002.42,79.63,18.06,stormy
2662,4/21/2023,21:00:00,Spring,4.0,Friday,14.06,1014.81,84.45,14.01,Foggy
1459,3/2/2023,18:00:00,Spring,3.0,Thursday,12.48,1019.56,57.76,9.48,Sunny 
250,1/11/2023,9:00:00,Winter,1.0,Wednesday,16.99,1018.13,46.43,15.44,foggy
2508,4/15/2023,11:00:00,Spring,4.0,Saturday,9.48,1012.33,67.35,17.67,Stromy
3025,5/7/2023,0:00:00,Spring,5.0,Sunday,24.73,1008.18,65.64,12.97,Rainy 
2659,4/21/2023,18:00:00,Spring,4.0,Friday,16.34,1000.77,59.66,5.31,STORMY
408,1/17/2023,23:00:00,Winter,1.0,Tuesday,8.34,1019.82,62.27,6.92,Sunny
1038,2/13/2023,5:00:00,Winter,2.0,Monday,5.43,1014.95,54.09,18.77,WINDY
3012,5/6/2023,11:00:00,Spring,5.0,Saturday,26.36,1015.01,64.83,13.97,foggy
1770,3/15/2023,17:00:00,Spring,3.0,Wednesday,22,1029.48,63.38,11.06, Foggy
2433,4/12/2023,8:00:00,Spring,4.0,Wednesday,15.69,1016.1,35.84,300,rainy
2582,4/18/2023,13:00:00,Spring,4.0,Tuesday,18.91,1002.49,57.08,14.99,Sunny
3419,5/23/2023,10:00:00,Spring,5.0,Tuesday,-,1012.75,51.78,17.2,SUNNY
2956,5/4/2023,3:00:00,Spring,5.0,Thursday,15.27,1001.68,65.84,19.43,STORMY
3281,5/17/2023,16:00:00,Spring,5.0,Wednesday,19.57,1004.59,41.17,11.85,stormy
869,2/6/2023,4:00 AM,Winter,2.0,Monday,8.26,1004.52,44.24,4.29,CLOUDY
2157,3/31/2023,20:00:00,Spring,3.0,Friday,23.11,1014.69,49.91,17.77,foggy
2049,3/27/2023,8:00:00,Spring,3.0,monday,17.65,1013.73,56.62,17.99,Sunny 
2307,4/7/2023,2:00:00,Spring,4.0,Friday,10.53,1014.45,47.63,8.24,Rainy
1731,3/14/2023,2:00:00,Spring,3.0,Tuesday,19.29,1007.95,61.49,7.7,Cloudy
522,1/22/2023,17:00:00,Winter,1.0,sunday,5.25,1003.23,47.38,11.11,foggy
474,20-Jan-23,17:00:00,Winter,1.0,Fri,5.82,1012.12,53.67,9.78,windy
1343,2/25/2023,22:00:00,Winter,2.0,Saturday,5.56,1025.71,36.37,5.25,Stormy
1975,3/24/2023,6:00:00,Spring,3.0,Friday,24.65,1012.04,34.9,9.09,RAINY
1825,3/18/2023,0:00:00,Spring,3.0,Saturday,-80,1004.53,44.27,18.73,rainy
1906,3/21/2023,9:00:00,Spring,3.0,Tuesday,13.99,1008.96,42.95,7.61,foggy
471,1/20/2023,14:00:00,Winter,1.0,Friday,12.82,1025.92,36.48,8.45,Stromy
3001,5/6/2023,0:00:00,Spring,5.0,Saturday,23.87,997.97,50.08,11.75, Foggy
1040,2/13/2023,7:00:00,Winter,2.0,Monday,10.63,1009.18,45.25,12.51,Rainy
1644,3/10/2023,11:00:00,Spring,3.0,Friday,28.72,1009.24,57.38,18.94,  Rainy  
3312,5/18/2023,23:00:00,Spring,5.0,THURSDAY,17.99,1006.62,94.38,10.99,Windy
2413,4/11/2023,12:00:00,Spring,4.0,Tuesday,19.57,1014.72,71.85,16.06,windy
2800,4/27/2023,15:00:00,Spring,4.0,Thursday,8.44,1027.22,62.26,11.75,WINDY
1243,2/21/2023,6:00 PM,Winter,2.0,Tuesday,6.53,1024.62,77.93,11.51,windy
2055,3/27/2023,14:00:00,Spring,3.0,Monday,25.43,996.62,51.69,4,Foggy
850,2/5/2023,9:00:00,Winter,2.0,Sunday,10.53,1024.91,89.07,9.57,Foggy
1576,3/7/2023,15:00:00,Spring,3.0,Tuesday,16.89,1001.47,69.38,18.77,Stromy
592,1/25/2023,15:00:00,Winter,1.0,Wednesday,4.85,1025.27,46.96,1.76,Cludy
1794,3/16/2023,17:00:00,Spring,3.0,Thursday,17.16,1017.83,75.62,14.16,Cloudy
3205,5/14/2023,12:00:00,Spring,5.0,Sunday,18.48,1017.38,38.07,19.58,cloudy
1240,2/21/2023,15:00:00,Winter,2.0,Tuesday,7.02,1021.48,54.23,15.02,WINDY
1646,3/10/2023,13:00:00,Spring,3.0,Friday,16.56,1014.96,50.95,2.74,Windy
1256,2/22/2023,7:00:00,Winter,2.0,Wednesday,7.71,1007.12,52.21,2.4,foggy
2210,4/3/2023,1:00:00,Spring,4.0,Monday,15.27,1002.2,150,15.55,stormy
2047,27/03/2023,6:00:00,Spring,3.0,Monday,18.27,1002.39,63.36,15.79,CLOUDY
1221,2/20/2023,20:00:00,Winter,2.0,Monday,12.97,1023.99,42.21,14.85,Cloudy
951,2/9/2023,14:00:00,Winter,2.0,Thursday,1.06,1000.2,36.74,12.96, Foggy
1432,3/1/2023,15:00:00,Spring,3.0,Wednesday,15.76,1003.28,21.88,10.62,   Foggy  
2985,5/5/2023,8:00:00,Spring,5.0,Friday,21.96,1008.42,45.38,21.95,Cloudy
1676,3/11/2023,7:00 PM,Spring,3.0,Saturday,23.96,1011.83,21.7,3.6,Stormy
1938,3/22/2023,17:00:00,Spring,3.0,Wednesday,21.65,1024.14,55.33,13.9,foggy
33,1/2/2023,8:00:00,Winter,1.0,Monday,8.5,1008.97,31.74,12.41,FOGGY
1043,2/13/2023,10:00:00,Winter,2.0,Monday,12.93,1007.3,31.86,11.04,STORMY
2270,4/5/2023,13:00:00,Spring,4.0,Wednesday,16.32,1003.76,39.01,1.9,Stormy
397,1/17/2023,12:00:00,Winter,1.0,Tuesday,10.14,1018.54,57.65,9.8,SUNNY
2823,4/28/2023,14:00:00,Spring,4.0,Friday,14.07,1028.59,66.03,17.56,sunny
2155,3/31/2023,18:00:00,Spring,3.0,Friday,10.51,1018.81,65.41,21.51,WINDY
1412,2/28/2023,19:00:00,Winter,2.0,Tuesday,11.8,999.06,45.89,21.41,rainy
1711,3/13/2023,6:00 AM,Spring,3.0,Monday,14.82,1008.48,83.07,6.89,sunny
2967,5/4/2023,14:00:00,Spring,5.0,Thursday,17.14,1003.97,54,1.35,WINDY
2723,4/24/2023,10:00:00,Spring,4.0,Monday,24.58,1018.17,56.24,14.84,Cloudy
3374,5/21/2023,13:00:00,Spring,5.0,Sun,16.88,1012.36,59.2,13.59,Foggy
946,2/9/2023,9:00 AM,Winter,2.0,Thursday,7.25,1010.39,39.36,4.97,windy
173,1/8/2023,4:00:00,Winter,1.0,Sunday,11.55,1016.55,49.59,18.96,Sunny
60,1/3/2023,11:00:00,Winter,1.0,Tuesday,-2.13,1014.49,45.07,17.11,sunny
3020,5/6/2023,19:00:00,Spring,5.0,Saturday,17.95,1016.52,80.15,16.36,WINDY
3223,5/15/2023,6:00:00,Spring,5.0,Monday,18.6,1007.89,69.73,9.42, Foggy
2751,4/25/2023,14:00:00,Spring,4.0,Tuesday,12.11,1016.46,71.66,16.53,sunny
1814,3/17/2023,13:00:00,Spring,3.0,Friday,23.28,1020.73,65.79,22.92,CLOUDY
1628,3/9/2023,19:00:00,Spring,3.0,Thursday,11.88,1024.4,78.27,17.29,Cludy
3055,5/8/2023,6:00:00,Spring,5.0,Monday,16.15,1012.42,55.78,12.76,sunny
3077,5/9/2023,4:00:00,Spring,5.0,Tue,13.81,1007.55,65.23,18.25,foggy
1635,3/10/2023,2:00:00,Spring,3.0,friday,13.25,1018.57,47.25,5.86,Foggy
2291,4/6/2023,10:00:00,SPRING,4.0,Thursday,15.29,1012.18,65.07,18.41,rainy
857,2/5/2023,16:00:00,Winter,2.0,Sunday,-0.88,1021.51,58.79,20.31,Cloudy
2987,5/5/2023,10:00:00,Spring,5.0,Friday,28.09,1013.35,63.66,3.29,FOGGY
1961,3/23/2023,16:00:00,Spring,3.0,Thursday,17.69,1009.42,64.87,9.63,Cloudy
618,1/26/2023,17:00:00,Winter,1.0,Thursday,11.42,1011.33,71.09,26.18,Foggy
2462,4/13/2023,13:00:00,Spring,4.0,Thursday,15.85,1011.09,59.03,13.51,WINDY
769,2/2/2023,0:00:00,Winter,2.0,Thursday,9.01,1026.05,44,22.91,Stormy
1742,3/14/2023,13:00:00,Spring,3.0,Tuesday,18.98,1017.3,46.32,11.54,Stormy
1835,3/18/2023,10:00:00,Spring,3.0,Saturday,17.82,999.1,55.27,19.26,Stromy
1329,2/25/2023,8:00:00,WINTER,2.0,Saturday,3.97,1014.51,45.15,10.44,Sunny 
2482,4/14/2023,9:00:00,Spring,4.0,Friday,18.23,1008.83,42.48,10.59,FOGGY
2685,4/22/2023,20:00:00,Spring,4.0,Sat,25.54,1005,48.81,3.27,  Windy  
2971,5/4/2023,18:00:00,Spring,5.0,thursday,18.42,1010.33,50.03,12.48,  FOGGY  
585,1/25/2023,8:00:00,Winter,1.0,Wednesday,10.5,1013.4,55.11,8.04,CLOUDY
874,2/6/2023,9:00:00,Winter,2.0,Monday,10.48,1008.72,62.67,23.61,  Foggy  
1247,2/21/2023,22:00:00,Winter,2.0,Tuesday,10.82,1026.09,51.68,12.42,Stromy
2271,4/5/2023,14:00:00,Spring,4.0,Wed,17.46,1025.85,52.88,13.81,Foggy
2152,3/31/2023,15:00:00,Spring,3.0,Friday,21.07,1022.1,33.68,22.51,STORMY
481,1/21/2023,0:00:00,Winter,1.0,SATURDAY,-1.9,1018.98,38.91,13.44,stormy
2146,3/31/2023,9:00:00,Spring,3.0,Friday,18.87,1008.05,30.71,15.78,Rainy
2319,4/7/2023,14:00:00,Spring,4.0,Friday,12.99,1021.27,45.23,0.8,STORMY
905,2/7/2023,16:00:00,Winter,2.0,Tuesday,3.07,1010.73,72.92,17.37,windy
43,1/2/2023,18:00:00,Winter,1.0,Monday,6.77,1006.97,41.66,7.11,  STORMY  
1507,3/4/2023,18:00:00,SPRING,3.0,Saturday,16.41,1013.93,71.07,2.96,cloudy
2019,3/26/2023,2:00:00,Spring,3.0,Sunday,14.91,1006.64,23.91,12.92,Windy
1757,3/15/2023,4:00:00,Spring,3.0,Wednesday,23.69,1016.2,59.66,5.24,FOGGY
3126,5/11/2023,5:00:00,Spring,5.0,Thursday,20.55,1004.86,43.62,6.12,stormy
2248,4/4/2023,15:00:00,Spring,4.0,tuesday,25.62,1009.44,79.02,17.35,CLOUDY
2530,4/16/2023,9:00:00,Spring,4.0,Sunday,20.22,1016.47,43.7,5.26,Cloudy
2143,3/31/2023,6:00:00,Spring,3.0,Friday,20.23,999.22,-,14.47,WINDY
1255,2/22/2023,6:00:00,Winter,2.0,WEDNESDAY,-2.52,1029.34,57.33,14.39,  foggy  
888,2/6/2023,23:00:00,Winter,2.0,Monday,2.44,1012.71,47.03,2.59,rainy
672,1/28/2023,23:00:00,Winter,1.0,Saturday,9.68,1015.53,62.04,2.79,Rainy 
3062,5/8/2023,13:00:00,Spring,5.0,Monday,999,1036.56,58.76,8.02,cloudy
581,1/25/2023,4:00:00,Winter,1.0,Wednesday,10.2,1019.23,61.87,22.05,stormy
3342,5/20/2023,5:00:00,Spring,5.0,Saturday,18.22,1021.54,49.78,?,STORMY
2853,4/29/2023,20:00:00,Spring,4.0,Saturday,16.43,1025.24,45.37,0.16,Windy
1447,3/2/2023,6:00:00,Spring,3.0,Thursday,17.31,1017.73,53.4,23.65,FOGGY
2734,4/24/2023,21:00:00,Spring,4.0,Monday,12.17,1013.82,58.72,5.58,Rainy 
1397,28/02/2023,4:00:00,winter,2.0,Tuesday,13.84,1007.21,45.33,4.43,SUNNY
3186,5/13/2023,17:00:00,Spring,5.0,Saturday,10.25,1025.03,72.9,10.31,Windy
2735,4/24/2023,22:00:00,spring,4.0,Monday,21.43,1009.81,17.61,15.96,Sunny
1913,3/21/2023,16:00:00,Spring,3.0,Tuesday,13.01,1004.53,71.56,9.69,Sunny 
2494,4/14/2023,21:00:00,Spring,4.0,Friday,22.23,1017.83,77.73,8.75,STORMY
1881,3/20/2023,8:00:00,Spring,3.0,Monday,22.93,200,57.65,14.71,Rainy
1622,3/9/2023,13:00:00,SPRING,3.0,Thursday,21.52,1032.99,51.58,3.56,STORMY
2463,4/13/2023,14:00:00,Spring,4.0,Thursday,13.86,1018.49,45.41,11.06,windy
2728,4/24/2023,15:00:00,SPRING,4.0,Monday,15.28,1007.42,53.88,14.06,Stormy
1690,3/12/2023,9:00:00,Spring,3.0,Sunday,19.73,1016.94,85.96,12.95,Sunny
3095,5/9/2023,22:00:00,Spring,5.0,Tue,18.87,998.4,61.83,16.64,FOGGY
1650,3/10/2023,17:00:00,Spring,3.0,Friday,15.48,1008.14,28.52,22.45,stormy
3213,5/14/2023,20:00:00,Spring,5.0,Sunday,10.13,1004.04,72.84,22.54, Foggy
1273,2/23/2023,0:00:00,Winter,2.0,THURSDAY,8.42,1007.29,27.69,7.77,windy
111,1/5/2023,14:00:00,Winter,1.0,Thu,9.92,1012.74,23.99,11.47,Sunny
948,2/9/2023,11:00:00,Winter,2.0,Thursday,8.91,1023.43,63.79,9.53,STORMY
1101,2/15/2023,20:00:00,Winter,2.0,Wednesday,10.44,1021.58,41.81,14.09,rainy
3208,5/14/2023,15:00:00,Spring,5.0,Sunday,20.3,1004.2,69.09,7.97,CLOUDY
1473,3/3/2023,8:00:00,Spring,3.0,Friday,6.67,1010.19,51.58,16.29,Cludy
624,1/26/2023,23:00:00,WINTER,1.0,Thursday,5.53,1024.55,36.15,16.88,Rainy
447,1/19/2023,14:00:00,Winter,1.0,Thursday,8.41,1001.34,50.36,7.49,Windy
1340,2/25/2023,19:00:00,Winter,2.0,Saturday,-0.16,1005.76,27.89,10.35,Rainy
1272,2/22/2023,23:00:00,Winter,2.0,Wednesday,12.78,1031.6,54.74,15.03,foggy
2693,4/23/2023,4:00:00,Spring,4.0,Sunday,21.97,1029.05,73.56,21.47,Foggy
914,2/8/2023,1:00:00,Winter,2.0,Wednesday,10.22,1006.39,57.24,14.18,Cludy
2434,12-Apr-23,9:00:00,Spring,4.0,Wednesday,24.35,1003.04,75.36,11.14,cloudy
2705,4/23/2023,16:00:00,Spring,4.0,Sunday,18.48,1014.62,54.94,22.23,foggy
986,2/11/2023,1:00:00,Winter,2.0,Saturday,9.9,1022.84,46.05,2.34,rainy
2230,4/3/2023,21:00:00,Spring,4.0,Monday,26.81,1008.94,29.27,16.96,  cloudy  
2441,4/12/2023,16:00:00,SPRING,4.0,Wednesday,10.9,1006.14,57.97,13.95,foggy
2865,4/30/2023,8:00:00,Spring,4.0,Sunday,27.59,1019.63,43.87,9.71,Windy
3091,5/9/2023,18:00:00,Spring,5.0,Tuesday,25.7,1020.75,62.81,9.04,Windy
2629,4/20/2023,12:00:00,Spring,4.0,Thursday,17.52,1001.7,57.48,17.8,Rainy 
2258,4/5/2023,1:00:00,Spring,4.0,Wednesday,19.48,1007.56,54.82,10.56, Foggy
3373,5/21/2023,12:00:00,Spring,5.0,Sunday,19.33,1008.22,42.61,16.56,RAINY
1178,2/19/2023,1:00:00,Winter,2.0,sunday,12.78,1012.69,45.87,15.56,windy
598,1/25/2023,21:00:00,Winter,1.0,WEDNESDAY,12.45,1021.28,27.31,6.42,STORMY
1527,3/5/2023,14:00:00,Spring,3.0,Sunday,13.52,1021.5,90.07,6.84,Windy
924,2/8/2023,11:00:00,Winter,2.0,Wednesday,14.09,1021.46,68.08,10.11,Rainy 
2936,5/3/2023,7:00:00,SPRING,5.0,Wednesday,17.91,1012.06,53.37,11.3,CLOUDY
2053,3/27/2023,12:00:00,Spring,3.0,Monday,12.61,1015.75,64.34,15.85,rainy
928,2/8/2023,15:00:00,Winter,2.0,Wednesday,10.12,1013.32,33.46,4.11,Rainy 
1746,3/14/2023,17:00:00,Spring,3.0,Tuesday,11.42,1023.48,50.85,7.97,Rainy 
2884,5/1/2023,3:00:00,Spring,5.0,Monday,14.85,1000.44,69.57,20.37,Windy
157,1/7/2023,12:00:00,Winter,1.0,Saturday,15.97,1008.91,40.16,11.25,foggy
1783,3/16/2023,6:00:00,Spring,3.0,THURSDAY,18.97,1023.48,53.88,10.89,Stormy
3168,5/12/2023,23:00:00,Spring,5.0,Friday,20.51,1000.02,53.3,12.79,Sunny
2915,5/2/2023,10:00:00,Spring,5.0,Tuesday,25.33,1021.74,62.84,9.31,windy
1973,3/24/2023,4:00:00,Spring,3.0,Friday,20.92,1010.85,57.5,18.36,Cludy
2449,4/13/2023,0:00:00,spring,4.0,Thursday,18.9,1005.35,46.14,19.47,Windy
1214,2/20/2023,13:00:00,Winter,2.0,Monday,10.66,1014.19,72.72,26.06,Sunny
2666,4/22/2023,1:00:00,Spring,4.0,Saturday,25.02,1014.96,69.24,1.71,Windy
42,1/2/2023,17:00:00,Winter,1.0,Monday,12.82,1016.3,67.33,23.38,stormy
823,2/4/2023,6:00:00,Winter,2.0,Saturday,4.86,1010.7,76.28,2.93,WINDY
771,2/2/2023,2:00:00,Winter,2.0,Thursday,14,1014.12,25.49,5.3, Foggy
3145,5/12/2023,0:00:00,Spring,5.0,Friday,25.8,1012.61,36.3,5.15,Windy
579,1/25/2023,2:00:00,Winter,1.0,Wednesday,9.15,1016.98,64.99,14.53,Rainy 
1298,2/24/2023,1:00:00,Winter,2.0,Friday,3.41,1026.85,45.47,11.75,Stromy
110,1/5/2023,13:00:00,Winter,1.0,Thursday,16.14,1001.96,29.45,11.67,foggy
875,2/6/2023,10:00:00,WINTER,2.0,monday,12.08,1012.62,52.25,9.86,stormy
3372,5/21/2023,11:00:00,Spring,5.0,Sunday,14.69,1019.39,63.49,-,sunny
606,1/26/2023,5:00:00,Winter,1.0,Thursday,13.24,1022.36,51.56,11.74,Stromy
3122,5/11/2023,1:00:00,Spring,5.0,Thursday,12.69,1011.91,59.4,20.12,cloudy
3204,5/14/2023,11:00:00,Spring,5.0,Sunday,18.85,1018.81,63.31,8.31,foggy
2484,4/14/2023,11:00:00,Spring,4.0,Friday,21.28,1007.22,55.9,12.74,  Stormy  
161,1/7/2023,16:00:00,Winter,1.0,Saturday,6.32,1026.35,51.11,2.98,Foggy
2609,4/19/2023,16:00:00,Spring,4.0,Wednesday,19.58,1012.62,58.77,13.08,Cludy
2234,4/4/2023,1:00:00,Spring,4.0,Tuesday,18.11,1005.11,64.4,11.71,stormy
293,13/01/2023,4:00:00,Winter,1.0,Friday,10.97,1019.83,66.38,13.69,Foggy
3236,5/15/2023,19:00:00,Spring,5.0,Monday,18.47,1016.14,42.03,19.65,Stromy
2587,4/18/2023,18:00:00,Spring,4.0,Tuesday,21.09,1007.61,68.32,20.39,windy
1479,3/3/2023,14:00:00,Spring,3.0,Friday,24.29,1016.25,51.48,6.64,CLOUDY
2166,4/1/2023,5:00:00,Spring,4.0,Saturday,29.53,1001.81,66.95,21.98,RAINY
945,2/9/2023,8:00:00,Winter,2.0,Thursday,-1.16,1003.17,23.87,11.48,Windy
3144,5/11/2023,23:00:00,Spring,5.0,Thursday,19.59,999.73,66.39,5.33,foggy
1764,3/15/2023,11:00:00,Spring,3.0,Wednesday,23.25,1015.6,57.14,1.64,Rainy
3211,5/14/2023,18:00:00,Spring,5.0,Sunday,13.78,1003.66,59.22,10.91,Sunny 
3135,5/11/2023,14:00:00,Spring,5.0,Thursday,21.52,1015.59,38.2,7.6,WINDY
593,1/25/2023,16:00:00,winter,1.0,Wednesday,2.42,1022.89,52.66,8.71,windy
890,2/7/2023,1:00:00,Winter,2.0,Tuesday,11.2,1013.98,53.3,4.2,WINDY
438,1/19/2023,5:00:00,Winter,1.0,Thursday,8.95,1021.01,14.45,16.07,Sunny
651,1/28/2023,2:00:00,WINTER,1.0,Saturday,-1.38,1017.96,45.47,4.86,Stormy
3316,5/19/2023,3:00:00,Spring,5.0,Friday,21.06,1012.34,50.19,13,Sunny
1933,3/22/2023,12:00:00,Spring,3.0,Wednesday,19.86,1014.33,78.14,13.46,FOGGY
301,1/13/2023,12:00:00,Winter,1.0,Friday,8.63,1009.56,56.83,15.26,stormy
508,1/22/2023,3:00:00,Winter,1.0,Sunday,9.05,1009.07,67.11,6.16, Foggy
324,1/14/2023,11:00:00,Winter,1.0,Saturday,7.97,1019.71,56.23,11.41,rainy
2669,4/22/2023,4:00:00,Spring,4.0,Saturday,13.64,1005.64,32.84,8.94,Sunny 
1439,3/1/2023,10:00 PM,Spring,3.0,Wednesday,24.95,1002.15,52.06,5.75,STORMY
21,1/1/2023,20:00:00,Winter,1.0,Sunday,6.9,1015.86,77.17,-20,RAINY
3340,5/20/2023,3:00:00,Spring,5.0,Saturday,15.39,1007.02,32.39,17.95,SUNNY
1776,3/15/2023,23:00:00,Spring,3.0,Wednesday,16.9,1011.98,56.54,10.21,STORMY
3148,5/12/2023,3:00:00,spring,5.0,Friday,9.97,1017.04,37.55,20.44,Rainy 
2555,4/17/2023,10:00:00,spring,4.0,Monday,22.48,991.08,72.81,15.13,WINDY
2857,4/30/2023,0:00:00,Spring,4.0,Sunday,12.23,1010.04,5.18,8.46,SUNNY
229,1/10/2023,12:00:00,Winter,1.0,Tuesday,9.25,1025.62,53.57,13.67,Rainy 
3218,5/15/2023,1:00:00,Spring,5.0,Monday,20.47,1003.96,57.96,12.68,Rainy
17,1/1/2023,16:00:00,Winter,1.0,Sunday,12.06,1023.85,53.92,18.02,cloudy
1638,3/10/2023,5:00:00,SPRING,3.0,Friday,19.96,1017.65,54.76,18.94,Cloudy
1602,3/8/2023,17:00:00,Spring,3.0,Wednesday,20.61,1023.7,53.77,13.84,Sunny
1754,3/15/2023,1:00:00,Spring,3.0,Wednesday,22.36,1018.86,50.36,14.43,Sunny
1406,2/28/2023,13:00:00,Winter,2.0,Tuesday,6.4,998.76,40.9,14.86,Rainy 
3265,5/17/2023,0:00:00,Spring,5.0,Wednesday,16.13,1004.32,52.7,14.5,CLOUDY
348,1/15/2023,11:00:00,Winter,1.0,Sunday,8.16,1006.97,61.9,300,Sunny 
1092,2/15/2023,11:00:00,Winter,2.0,Wednesday,5.02,1029.78,47.12,12.19,windy
3242,5/16/2023,1:00 AM,Spring,5.0,Tuesday,10.72,1008,62.19,6.88,FOGGY
2264,4/5/2023,7:00:00,Spring,4.0,Wednesday,17.65,1010.32,28.83,7.86,WINDY
2470,4/13/2023,21:00:00,Spring,4.0,Thursday,27.48,1002.11,38.36,22.28,Cloudy
1733,3/14/2023,4:00:00,Spring,3.0,Tuesday,17.66,1004.4,43.26,17.12,Cludy
1571,3/7/2023,10:00:00,Spring,3.0,Tuesday,18.57,1014.49,68.8,18.11,RAINY
1560,3/6/2023,23:00:00,Spring,3.0,Monday,14.84,1013.42,43.66,14.16,FOGGY
3264,5/16/2023,23:00:00,Spring,5.0,Tuesday,19.19,1030.34,41.53,11.88,Rainy 
2798,4/27/2023,13:00:00,Spring,4.0,Thursday,22.13,999.19,52.59,10.32,STORMY
3392,5/22/2023,7:00:00,Spring,5.0,Monday,14.59,1007.73,63.99,6.84,Sunny
1689,3/12/2023,8:00:00,Spring,3.0,Sun,16.68,1015.93,25.88,2.31,windy
2596,4/19/2023,3:00:00,Spring,4.0,Wednesday,29.75,1020.6,41.17,-12.6,foggy
132,1/6/2023,11:00:00,Winter,1.0,friday,4.18,998.56,30.59,12.29,sunny
2344,4/8/2023,15:00:00,Spring,4.0,Saturday,15.05,1015.65,42.86,5.85,windy
41,1/2/2023,16:00:00,winter,1.0,Monday,3.13,1019.3,72.38,7.08,FOGGY
441,1/19/2023,8:00:00,Winter,1.0,Thursday,16.2,1018.94,56.13,2.39,windy
1953,3/23/2023,8:00:00,Spring,3.0,Thursday,26.2,997.62,63.66,10.93,WINDY
998,2/11/2023,13:00:00,Winter,2.0,Saturday,17.62,1006.8,29.66,9.17,Windy
109,1/5/2023,12:00 PM,Winter,1.0,Thursday,6.65,1018.74,77.54,12.44,Cludy
2847,4/29/2023,2:00 PM,Spring,4.0,Saturday,16.98,1011.71,67.76,16.54,WINDY
2495,4/14/2023,22:00:00,SPRING,4.0,Friday,26.37,1005.79,39.81,1.44,FOGGY
1283,2/23/2023,10:00:00,Winter,2.0,Thursday,8.75,1013.78,61.54,17.06,Windy
2668,4/22/2023,3:00:00,Spring,4.0,Saturday,18.33,1008.19,66.7,11.64,Windy
3222,5/15/2023,5:00:00,Spring,5.0,Monday,18.68,1011.22,60.53,12.07,Windy
1209,2/20/2023,8:00:00,Winter,2.0,Monday,10.94,1017.96,26.33,12.56,STORMY
2368,4/9/2023,15:00:00,Spring,4.0,Sunday,14.58,1012.25,61.19,21.46,CLOUDY
2415,4/11/2023,14:00:00,Spring,4.0,tuesday,21.03,998.26,74.57,12.81,Foggy
1718,3/13/2023,13:00:00,Spring,3.0,Monday,15.37,1002.42,61.14,16,STORMY
1098,2/15/2023,17:00:00,Winter,2.0,Wednesday,8.73,1017.68,62.72,16.92,cloudy
735,1/31/2023,14:00:00,Winter,1.0,Tuesday,4.98,1011.16,30.41,9.65,Sunny
194,1/9/2023,1:00:00,Winter,1.0,Monday,11.16,1020.78,64.33,2.58,  Rainy  
1777,3/16/2023,0:00:00,SPRING,3.0,Thursday,21.17,1009.9,25.98,11.1, Foggy
622,1/26/2023,21:00:00,Winter,1.0,Thursday,5.25,1019.88,49.19,11.73,  Cludy  
2708,4/23/2023,19:00:00,spring,4.0,Sunday,15.24,1008.24,76.54,13.71,RAINY
1654,3/10/2023,21:00:00,Spring,3.0,Friday,11.87,1030.57,66.51,11.99,  WINDY  
46,1/2/2023,21:00:00,WINTER,1.0,Monday,11.13,1006.14,38.94,14.89,FOGGY
3362,5/21/2023,1:00:00,Spring,5.0,Sunday,33.93,1023.76,65.52,6.52,rainy
925,2/8/2023,12:00:00,Winter,2.0,Wednesday,5.14,1015.66,69,10.66,WINDY
2424,4/11/2023,23:00:00,Spring,4.0,Tuesday,30.65,1011.18,51.54,7.22,foggy
2625,4/20/2023,8:00:00,SPRING,4.0,Thursday,10.56,1013.7,73.71,12.81,  Rainy  
903,2/7/2023,14:00:00,Winter,2.0,Tuesday,1.25,1009.68,55.51,12.67,RAINY
2593,4/19/2023,0:00:00,Spring,4.0,wednesday,11.15,1027.12,43.39,10.66,Sunny 
2451,4/13/2023,2:00:00,Spring,4.0,Thursday,22.67,1017.03,250,5.91,rainy
2031,3/26/2023,14:00:00,Spring,3.0,Sunday,23.7,1003.56,61.28,11.92,CLOUDY
908,2/7/2023,19:00:00,Winter,2.0,Tuesday,0.29,1007.94,63.95,8.19,RAINY
3352,5/20/2023,15:00:00,Spring,5.0,Saturday,13.57,1013.84,32.42,5.95,foggy
300,1/13/2023,11:00:00,Winter,1.0,Friday,7.9,1017.42,58.36,20.18,WINDY
1510,3/4/2023,21:00:00,Spring,3.0,Saturday,22.31,999.44,67.3,16.9,Rainy
464,1/20/2023,7:00:00,Winter,1.0,Friday,2.03,1020.35,70.01,7.98, Foggy
2497,4/15/2023,0:00:00,Spring,4.0,Saturday,12.04,1009.86,49.43,1.34,FOGGY
3287,5/17/2023,22:00:00,Spring,5.0,Wednesday,15,1016.45,60.25,17.4,Sunny 
1863,3/19/2023,14:00:00,Spring,3.0,Sunday,24.19,1010.96,48.13,14.85,Sunny
3036,5/7/2023,11:00:00,Spring,5.0,Sunday,12.22,1004.13,60.51,21.62,sunny
2074,3/28/2023,9:00:00,Spring,3.0,Tuesday,22.02,1030.52,68.24,18.16,FOGGY
1637,3/10/2023,4:00:00,Spring,3.0,Friday,18.41,1010.05,31.31,-20,SUNNY
2663,4/21/2023,22:00:00,Spring,4.0,friday,16.19,1000.78,51.71,13.41,Sunny
3119,5/10/2023,22:00:00,Spring,5.0,Wednesday,19.59,1014.24,60.27,20.26,SUNNY
221,1/10/2023,4:00:00,Winter,1.0,Tuesday,20.63,1008.75,47.66,18.26,Sunny
2444,4/12/2023,19:00:00,Spring,4.0,Wednesday,10.88,1011.3,50.47,21.52,sunny
3271,5/17/2023,6:00:00,Spring,5.0,Wednesday,23.15,1010.03,47.38,7.51,Cloudy
2340,4/8/2023,11:00:00,Spring,4.0,Saturday,21.3,1018.98,49.07,13.85,Stormy
1701,3/12/2023,20:00:00,Spring,3.0,Sunday,13.26,1005.74,19.74,22.04,FOGGY
2832,4/28/2023,23:00:00,Spring,4.0,Friday,20.3,1020.31,57,16.05,Stromy
2563,17-Apr-23,18:00:00,Spring,4.0,Monday,22,1013.05,46.63,17.97,foggy
2060,3/27/2023,19:00:00,spring,3.0,Monday,22.57,200,79.24,6.21,Sunny
859,2/5/2023,18:00:00,Winter,2.0,Sunday,10.61,1012.22,89.09,17.33,STORMY
38,1/2/2023,13:00:00,Winter,1.0,Monday,10.61,1015.38,58.76,14.08,WINDY
2506,4/15/2023,9:00:00,Spring,4.0,Saturday,25.72,1017.83,75.42,12.39,RAINY
2938,5/3/2023,9:00:00,Spring,5.0,Wednesday,19.5,999.75,64.69,20.85,Stormy
3143,5/11/2023,22:00:00,Spring,5.0,Thursday,9.64,1009.22,38.95,13.6,WINDY
2367,4/9/2023,14:00:00,Spring,4.0,Sunday,20.68,1003,76.5,0.84,Windy
2014,3/25/2023,21:00:00,Spring,3.0,Saturday,15.88,1009.09,46.93,14.8,Stromy
1302,2/24/2023,5:00:00,Winter,2.0,Friday,19.91,1019.62,72.4,8.96,Sunny 
2773,4/26/2023,12:00:00,Spring,4.0,WEDNESDAY,3.27,1025.84,62.37,13.98,Sunny 
3019,5/6/2023,18:00:00,spring,5.0,Saturday,19.47,1000.97,39.33,14.73,sunny
3105,5/10/2023,8:00:00,Spring,5.0,Wednesday,15.3,1014.38,74.26,10.98,Sunny
114,1/5/2023,17:00:00,Winter,1.0,Thursday,3.07,1017.03,47.05,7.24, Foggy
83,1/4/2023,10:00:00,Winter,1.0,Wednesday,11.12,1018.03,54.82,6.62,SUNNY
1454,3/2/2023,13:00:00,Spring,3.0,Thursday,19.09,1006.27,18.47,16.1,stormy
1806,3/17/2023,5:00:00,Spring,3.0,Friday,23.53,994.8,51.94,30.71,FOGGY
1743,3/14/2023,14:00:00,Spring,3.0,Tuesday,17.71,1019.61,39.01,11.69,CLOUDY
1539,3/6/2023,2:00 AM,Spring,3.0,Monday,14.13,1006.03,65.87,-20,cloudy
2312,4/7/2023,7:00 AM,Spring,4.0,friday,16.5,1006.89,60.75,6.05,Stromy
3377,5/21/2023,16:00:00,Spring,5.0,Sunday,21.59,1023.81,68.25,11.04,STORMY
955,2/9/2023,18:00:00,Winter,2.0,Thursday,6.09,1012.01,49.03,4.9,CLOUDY
3066,5/8/2023,17:00:00,Spring,5.0,Monday,8.26,1012.29,71.68,8.69,Sunny
1842,3/18/2023,17:00:00,Spring,3.0,Saturday,23.19,1019.11,80.92,9.18,CLOUDY
2929,5/3/2023,0:00:00,Spring,5.0,Wednesday,23.7,1015.34,63.78,1.97,  CLOUDY  
1904,3/21/2023,7:00:00,Spring,3.0,Tuesday,13.96,1009.87,77.58,5.52, Foggy
2351,4/8/2023,22:00:00,Spring,4.0,Saturday,21.58,1009.85,31.19,10.76,SUNNY
2876,4/30/2023,19:00:00,Spring,4.0,Sun,20.77,1016.36,63.88,19.56,Stromy
2318,4/7/2023,13:00:00,Spring,4.0,Friday,26.94,1009.53,77.43,19.67,Sunny 
3301,18-May-23,12:00:00,Spring,5.0,Thursday,18.83,1024.69,45.84,12.64,RAINY
2613,4/19/2023,20:00:00,Spring,4.0,Wednesday,16.3,1011.19,61.83,7.24,cloudy
243,1/11/2023,2:00:00,Winter,1.0,Wednesday,7.8,1001.55,56.92,7.91,Rainy 
1056,2/13/2023,23:00:00,Winter,2.0,Monday,-3.96,1019.76,54.92,19.07,cloudy
2845,4/29/2023,12:00:00,Spring,4.0,Saturday,17.96,1020.81,63.77,12.34,WINDY
2336,4/8/2023,7:00:00,Spring,4.0,Sat,13.33,1013.62,75.95,14.67,RAINY
1496,3/4/2023,7:00:00,Spring,3.0,Saturday,13.01,1025.99,84.87,14.36,Rainy
2204,4/2/2023,19:00:00,Spring,4.0,Sunday,18.42,1018.48,59.69,12.39,foggy
3320,5/19/2023,7:00:00,Spring,5.0,Friday,16.45,1011.07,42.56,12.13,rainy
2250,4/4/2023,17:00:00,Spring,4.0,Tuesday,23.84,1025.71,44.73,16.81,Cloudy
3051,5/8/2023,2:00:00,Spring,5.0,monday,19.65,1026.43,35.35,14.89,Cloudy
2673,4/22/2023,8:00:00,Spring,4.0,Saturday,24.06,1008.96,47.34,17.23,cloudy
2955,5/4/2023,2:00:00,Spring,5.0,Thursday,22.45,1016.37,56.81,15.97,SUNNY
1627,3/9/2023,18:00:00,Spring,3.0,THURSDAY,23.33,1010.94,74.03,14.95,Foggy
3259,5/16/2023,18:00:00,Spring,5.0,Tuesday,18.83,1022.89,86.05,17.13, Foggy
2979,5/5/2023,2:00:00,Spring,5.0,Friday,17.33,1007.26,38.44,13.56,foggy
260,1/11/2023,19:00:00,Winter,1.0,Wednesday,1.87,1001.29,58.37,18.28,Foggy
1330,2/25/2023,9:00:00,Winter,2.0,Saturday,0.45,1011.24,150,15.24, Foggy
2535,4/16/2023,14:00:00,Spring,4.0,Sunday,12.03,998.33,70.27,4.22,rainy
3324,5/19/2023,11:00:00,Spring,5.0,Friday,20.74,1018.8,76.6,18.45,Rainy
2664,4/21/2023,23:00:00,Spring,4.0,Friday,16.06,999.68,42.24,20.73,Foggy
663,1/28/2023,14:00:00,Winter,1.0,Saturday,8.08,1020.22,41.38,21.12,rainy
2818,4/28/2023,9:00:00,Spring,4.0,Friday,23.47,1022.89,83.05,9,windy
1755,3/15/2023,2:00:00,spring,3.0,Wednesday,17.82,1006.17,74.36,12.33,sunny
1054,2/13/2023,21:00:00,Winter,2.0,Monday,11.99,998.13,55.68,15.35,FOGGY
1706,3/13/2023,1:00:00,Spring,3.0,Monday,27.96,1027.67,41.98,15.34,  CLOUDY  
3395,5/22/2023,10:00:00,Spring,5.0,Monday,26.36,1016.98,27.41,4.41,Rainy 
3333,5/19/2023,20:00:00,Spring,5.0,Friday,18.28,1016.48,42.57,7.47,Cludy
544,1/23/2023,3:00 PM,Winter,1.0,Monday,6.4,1014.21,42.47,24.54,cloudy
2252,4/4/2023,19:00:00,Spring,4.0,Tuesday,17.22,1003.75,51.96,17.88,Cloudy
3155,5/12/2023,10:00:00,spring,5.0,Friday,26.38,1017.49,61.01,13.45,Cloudy
3177,5/13/2023,8:00:00,Spring,5.0,Saturday,20.55,1020.51,45.68,4,rainy
2700,4/23/2023,11:00:00,Spring,4.0,Sun,8.48,1009.14,55.66,19.34,windy
1818,3/17/2023,17:00:00,Spring,3.0,Friday,18.91,1006.33,29.23,13.42,WINDY
1552,3/6/2023,15:00:00,Spring,3.0,MONDAY,12.19,1025.66,49.01,12.78,cloudy
482,1/21/2023,1:00:00,winter,1.0,Saturday,18.37,1005.64,17.05,10.28,stormy
1341,2/25/2023,20:00:00,Winter,2.0,Saturday,7.77,1013.91,55.93,6.43,SUNNY
66,1/3/2023,17:00:00,Winter,1.0,Tuesday,3.37,1012.52,6.38,5.85,windy
3384,5/21/2023,23:00:00,Spring,5.0,Sunday,26.55,1022.68,61.6,17.42,Foggy
1555,3/6/2023,18:00:00,Spring,3.0,Monday,18.06,1003.43,51.02,20.22,foggy
2117,3/30/2023,4:00:00,Spring,3.0,Thursday,22.94,1009.95,64.06,20.41,Windy
215,1/9/2023,22:00:00,Winter,1.0,Monday,3.84,1016.77,46.72,15.8,RAINY
1210,2/20/2023,9:00:00,Winter,2.0,Monday,5.66,1006.93,75.26,8.08,sunny
527,1/22/2023,22:00:00,Winter,1.0,Sunday,2.05,1026.14,41.49,15.83,Rainy 
3371,5/21/2023,10:00:00,Spring,5.0,Sunday,28.55,1008,76.6,14.11,foggy
609,1/26/2023,8:00:00,Winter,1.0,Thursday,7.88,1011.61,58.38,9.78,sunny
2526,4/16/2023,5:00:00,Spring,4.0,Sunday,25.03,1014.61,23.46,7.96,Stormy
2092,3/29/2023,3:00 AM,Spring,3.0,Wednesday,22.39,1015.81,63.53,14.3,Foggy
1657,3/11/2023,0:00:00,Spring,3.0,Saturday,14.73,996.6,60.6,20.73,Sunny
2183,4/1/2023,22:00:00,SPRING,4.0,Saturday,20.07,1011.13,48.23,11.22,WINDY
457,1/20/2023,0:00:00,Winter,1.0,Friday,8.84,200,38.64,20.47,Cludy
2843,4/29/2023,10:00:00,Spring,4.0,Saturday,11.55,1023.03,43.53,1.22,STORMY
1449,3/2/2023,8:00:00,Spring,3.0,Thursday,19.49,1014.12,50.73,11.36,stormy
1501,3/4/2023,12:00:00,Spring,3.0,Saturday,12.43,200,40.87,8.71,foggy
445,1/19/2023,12:00:00,Winter,1.0,Thursday,4.94,1012.7,48.56,7.85,Rainy 
962,2/10/2023,1:00:00,Winter,2.0,FRIDAY,16.04,1019.63,71.36,9.22,STORMY
2498,4/15/2023,1:00:00,Spring,4.0,Saturday,13.1,1006.83,76.5,13.15,Rainy 
2126,3/30/2023,13:00:00,Spring,3.0,Thursday,30.53,1009.39,83.43,10.42,Foggy
2787,4/27/2023,2:00:00,Spring,4.0,Thursday,23.93,1020.19,44.59,14.05,Foggy
2070,3/28/2023,5:00:00,Spring,3.0,Tuesday,30.3,1019.25,42.04,18.81,WINDY
1595,3/8/2023,10:00:00,Spring,3.0,Wednesday,19.79,1013.52,68.6,12.43,WINDY
2856,4/29/2023,23:00:00,Spring,4.0,Saturday,18.92,1017.88,51.52,9.95,CLOUDY
965,2/10/2023,4:00:00,Winter,2.0,Friday,1.02,1017.73,44.14,10.83,RAINY
828,2/4/2023,11:00:00,Winter,2.0,Saturday,16.81,1013,37.27,14.7,cloudy
2256,4/4/2023,23:00:00,Spring,4.0,Tuesday,18.94,1025.86,39.47,-,CLOUDY
2588,4/18/2023,7:00 PM,Spring,4.0,Tuesday,21.91,1011.28,57.12,2.85,FOGGY
1543,3/6/2023,6:00:00,Spring,3.0,Monday,17.19,1016.51,41.74,12.79,WINDY
137,1/6/2023,16:00:00,winter,1.0,Friday,-4.36,1006.62,63.66,10.78,cloudy
681,1/29/2023,8:00:00,Winter,1.0,Sunday,17.77,1008.95,39.12,20.89,Foggy
2369,4/9/2023,16:00:00,Spring,4.0,Sunday,8.71,1008.94,23.1,12.19, Foggy
1826,3/18/2023,1:00:00,Spring,3.0,Saturday,14.69,1008.88,48.15,14.03,Cludy
1639,3/10/2023,6:00:00,Spring,3.0,Friday,19.99,1007.02,50.79,3.58,Sunny 
814,2/3/2023,21:00:00,Winter,2.0,Friday,11.19,1021.46,60.51,12.89,Stromy
1761,3/15/2023,8:00:00,Spring,3.0,Wednesday,21.83,1009.69,61.91,2.87,Sunny
39,1/2/2023,14:00:00,Winter,1.0,Monday,4.6,1014.86,59.4,7.71,cloudy
2162,1-Apr-23,1:00:00,Spring,4.0,Saturday,19.26,997.24,21.96,10.68,windy
909,2/7/2023,20:00:00,Winter,2.0,Tuesday,6.82,1018.95,61.32,13.6,SUNNY
1578,3/7/2023,17:00:00,Spring,3.0,Tue,17.66,1013.23,52.22,19.27,Cludy
158,1/7/2023,13:00:00,Winter,1.0,Saturday,8.28,1021.75,29.61,21.18,STORMY
2269,4/5/2023,12:00:00,Spring,4.0,Wednesday,10.01,1024.92,85.82,21.26,cloudy
2940,5/3/2023,11:00:00,Spring,5.0,Wednesday,18.48,1026.83,61.21,13.45,STORMY
1514,3/5/2023,1:00:00,Spring,3.0,Sunday,16.18,1019.84,60.12,-20,Stromy
2733,4/24/2023,8:00 PM,Spring,4.0,Mon,12.77,1011.33,48.89,23.1,cloudy
1111,2/16/2023,6:00:00,Winter,2.0,Thursday,1.22,1014.79,63.28,16.08,Stormy
492,1/21/2023,11:00:00,Winter,1.0,Saturday,10.78,1013.72,52.04,11.09,Cludy
169,1/8/2023,0:00:00,Winter,1.0,Sunday,6.29,1010.03,33.89,7.33,Rainy
2006,3/25/2023,13:00:00,Spring,3.0,Saturday,6.07,1008.48,27.82,6.3,RAINY
1779,3/16/2023,2:00:00,Spring,3.0,Thursday,24.57,1005.41,70.92,9.4,Sunny
2852,4/29/2023,19:00:00,Spring,4.0,Sat,19.9,1017.57,43.44,21.12,Rainy
2208,4/2/2023,23:00:00,Spring,4.0,Sunday,20.58,1003.04,49.26,8.36,Sunny
19,1/1/2023,6:00 PM,Winter,1.0,sunday,7.82,1025.52,15.7,16.93,Sunny 
2276,4/5/2023,19:00:00,Spring,4.0,Wednesday,16.29,1021.18,66,20.27,SUNNY
2232,4/3/2023,23:00:00,Spring,4.0,Monday,12.41,1018.14,34.73,10.2,RAINY
3303,5/18/2023,14:00:00,Spring,5.0,thursday,18.71,1023.06,68.72,300,SUNNY
2374,4/9/2023,21:00:00,Spring,4.0,Sun,15.84,1016.14,41.11,4.74,foggy
1048,2/13/2023,15:00:00,Winter,2.0,Monday,5.92,1012.5,60.94,13.58,Sunny 
1590,3/8/2023,5:00:00,Spring,3.0,Wednesday,28.73,1000.64,25.27,3,Foggy
545,1/23/2023,16:00:00,WINTER,1.0,Monday,-0.04,1014.48,85.35,12.04,Cloudy
3354,5/20/2023,17:00:00,Spring,5.0,Saturday,20.84,1020.96,53.09,17.86,windy
716,1/30/2023,19:00:00,Winter,1.0,Monday,5.34,1016.87,38.47,16.09,cloudy
551,1/23/2023,22:00:00,Winter,1.0,Monday,17.02,1011.47,65.8,4.24,STORMY
1481,3/3/2023,16:00:00,Spring,3.0,Friday,24.26,1014.29,64.66,12.49,Windy
1312,2/24/2023,15:00:00,Winter,2.0,Friday,12.86,1012.89,250,2.65,WINDY
966,2/10/2023,5:00:00,Winter,2.0,Friday,5.74,1006.69,54.89,10.71,cloudy
1728,3/13/2023,23:00:00,Spring,3.0,Monday,13.7,1005.88,23.35,20.04,  Rainy   
2574,4/18/2023,5:00:00,Spring,4.0,Tuesday,13.6,1011.61,56.55,10.37,windy
3034,5/7/2023,9:00:00,Spring,5.0,Sunday,12.79,1015.95,49.26,14.6, Foggy
2216,4/3/2023,7:00:00,spring,4.0,Mon,19.48,1014.08,48.61,2.06,stormy
277,1/12/2023,12:00:00,Winter,1.0,Thursday,13.54,1004.68,64.19,5.68,FOGGY
1756,3/15/2023,3:00:00,Spring,3.0,Wednesday,28.24,1000,46.65,12.2,cloudy
699,1/30/2023,2:00:00,Winter,1.0,Monday,5.94,1005.59,54.53,6.91,Foggy
307,1/13/2023,18:00:00,Winter,1.0,Friday,7.07,1011.96,55.66,11.12,stormy
3258,5/16/2023,17:00:00,Spring,5.0,Tuesday,15.07,1015.66,62.65,8.56,Stromy
2010,3/25/2023,17:00:00,Spring,3.0,Saturday,10.23,1001.77,53.74,25.52,Sunny 
3429,5/23/2023,20:00:00,Spring,5.0,Tuesday,22,1008.3,50.26,1.32,Sunny
3037,5/7/2023,12:00:00,Spring,5.0,Sunday,16.24,1018.61,71.1,16.89,foggy
2684,4/22/2023,19:00:00,Spring,4.0,Saturday,15.41,1008.69,40.23,7.4,Rainy 
2975,5/4/2023,22:00:00,Spring,5.0,Thursday,16.34,1015.23,29.35,18.22,WINDY
524,1/22/2023,19:00:00,Winter,1.0,Sunday,11.11,1003.89,70.59,11.55,RAINY
1648,3/10/2023,15:00:00,Spring,3.0,Friday,13.6,1015.15,51.76,4.93,Foggy
2665,4/22/2023,0:00:00,Spring,4.0,Saturday,25.17,1005.91,65.09,4.93,Sunny 
1005,2/11/2023,20:00:00,Winter,2.0,Saturday,5.6,1018.57,47.23,11.47,STORMY
2538,4/16/2023,17:00:00,Spring,4.0,Sunday,9.34,1009.85,55.51,6.87,Rainy 
290,1/13/2023,1:00:00,Winter,1.0,Friday,4.56,1031.02,-15,10.05,Sunny 
3402,5/22/2023,17:00:00,Spring,5.0,Monday,22.54,1019.37,65.49,18.95,WINDY
1223,2/20/2023,22:00:00,Winter,2.0,Monday,9.14,1018.09,42.67,4.68,Windy
1155,2/18/2023,2:00:00,Winter,2.0,Saturday,13.73,990.3,54.75,11.37,cloudy
2027,3/26/2023,10:00:00,Spring,3.0,Sunday,12.21,997.15,54.43,16.91,STORMY
1409,2/28/2023,16:00:00,Winter,2.0,Tuesday,8.76,1015.39,43.26,16.24,RAINY
665,1/28/2023,16:00:00,Winter,1.0,Saturday,2.54,1020.12,57.58,15.32,RAINY
3327,5/19/2023,2:00 PM,Spring,5.0,Friday,8.69,1008.72,47.73,2.18,foggy
1032,2/12/2023,23:00:00,Winter,2.0,SUNDAY,9.54,1004.24,41.79,22.79,Sunny 
976,2/10/2023,15:00:00,Winter,2.0,Friday,5.22,1011.96,80.04,6.34,windy
3297,5/18/2023,8:00:00,Spring,5.0,thursday,15.84,1032.53,42.42,19.08, Foggy
1441,3/2/2023,0:00:00,Spring,3.0,Thursday,18.15,1017.13,40.28,3.57,WINDY
901,2/7/2023,12:00:00,Winter,2.0,Tuesday,3.88,1007.25,85.75,12,Cloudy
2334,4/8/2023,5:00:00,Spring,4.0,Saturday,15.13,1019.97,62.64,10.88,Stormy
2350,4/8/2023,21:00:00,Spring,4.0,Saturday,21.18,1009.2,47.01,15.84,WINDY
2324,4/7/2023,19:00:00,Spring,4.0,Friday,10.17,1016.26,84.3,6.03,Windy
2980,5/5/2023,3:00:00,Spring,5.0,Friday,21.87,1019.73,63.62,9.02,stormy
2550,4/17/2023,5:00:00,Spring,4.0,Mon,19.36,1021.24,74.37,13.84,Foggy
490,1/21/2023,9:00:00,Winter,1.0,Saturday,-2.68,1038.1,70.84,13.34,Rainy 
2272,4/5/2023,15:00:00,Spring,4.0,Wednesday,24.88,1009.77,85.53,23.95,FOGGY
1850,3/19/2023,1:00:00,Spring,3.0,Sunday,24.94,1014.14,60.72,20.19,Sunny
2368,4/9/2023,15:00:00,Spring,4.0,Sunday,14.58,1012.25,61.19,21.46,CLOUDY
55,1/3/2023,6:00:00,Winter,1.0,Tuesday,4.14,1011.11,47.72,12.49,Stromy
963,2/10/2023,2:00:00,Winter,2.0,Friday,7.25,1001.53,47.13,14.96,Stormy
2657,4/21/2023,16:00:00,Spring,4.0,Friday,23.99,1010.72,74.5,7.72,Cloudy
3196,5/14/2023,3:00:00,Spring,5.0,Sunday,23.7,1002.09,61,7.92,Cludy
1879,3/20/2023,6:00:00,Spring,3.0,Monday,19.09,1009.28,37.34,14.81, Foggy
1173,2/18/2023,20:00:00,Winter,2.0,Saturday,0.78,1009.14,53.76,13.46,FOGGY
3120,5/10/2023,23:00:00,spring,5.0,Wednesday,16.9,1009.76,63.01,1.33,Rainy 
2178,4/1/2023,17:00:00,Spring,4.0,Saturday,25.07,1006.01,53.32,9.28,Foggy
702,1/30/2023,5:00:00,Winter,1.0,Monday,7.52,998.79,53.79,7,sunny
3238,5/15/2023,21:00:00,Spring,5.0,Monday,27.92,1014.85,64.81,2.84,Stormy
2142,3/31/2023,5:00:00,Spring,3.0,Friday,6.23,1013.15,73.46,15.16, Foggy
ID_762,2/1/2023,17:00:00,Winter,2.0,Wed,11.57,996.6,72.39,9.98,sunny
3150,5/12/2023,5:00:00,Spring,5.0,Friday,18.1,1019.03,66.75,14.65,CLOUDY
2974,5/4/2023,21:00:00,Spring,5.0,Thursday,13.44,1010.77,49.19,10.52,cloudy
2829,4/28/2023,20:00:00,Spring,4.0,Friday,13.76,1002.53,52.7,6.8,windy
2245,4/4/2023,12:00 PM,Spring,4.0,Tuesday,19.54,1012.59,64.38,10.66,Cloudy
3195,5/14/2023,2:00:00,Spring,5.0,Sunday,12.57,1023.15,13.26,11.48, Foggy
2603,4/19/2023,10:00:00,Spring,4.0,WEDNESDAY,23.77,1014.55,55.04,13.07,windy
2509,4/15/2023,12:00:00,Spring,4.0,Saturday,20.52,1008.67,25.35,9.03,stormy
1483,3/3/2023,18:00:00,Spring,3.0,Friday,23.9,1016.23,40.5,7.22,RAINY
2583,4/18/2023,14:00:00,SPRING,4.0,Tuesday,20.58,1021.52,43.38,8.8,Stromy
336,1/14/2023,23:00:00,Winter,1.0,Saturday,8.8,1013.02,61.55,19.14,Stormy
1907,3/21/2023,10:00:00,Spring,3.0,Tuesday,31.61,1019.76,71.53,14.95,FOGGY
2442,12/4/2023,17:00:00,Spring,4.0,Wednesday,18.74,1010.59,69,12.38,Windy
717,1/30/2023,20:00:00,Winter,1.0,Monday,10.04,1010.54,42.42,6.68,Windy
2932,5/3/2023,3:00:00,Spring,5.0,Wednesday,25.17,1007.43,62.94,20.14,Cloudy
112,1/5/2023,15:00:00,Winter,1.0,Thursday,1.48,1018.36,-15,6.36,Stromy
531,1/23/2023,2:00:00,Winter,1.0,Monday,20.06,1019.28,54.71,10.42,CLOUDY
1190,2/19/2023,13:00:00,Winter,2.0,Sunday,0.51,1023.25,45.02,16.33,Cludy
1500,3/4/2023,11:00:00,Spring,3.0,Saturday,23.76,1003.26,62.02,4.98,windy
3336,5/19/2023,23:00:00,Spring,5.0,Friday,7.74,1007.2,46.59,10.95,stormy
853,2/5/2023,12:00:00,Winter,2.0,Sunday,6.89,1029.37,44.88,9.58,Foggy
401,1/17/2023,16:00:00,Winter,1.0,Tuesday,7.09,1024,45.31,7.2,windy
2299,4/6/2023,6:00 PM,Spring,4.0,Thursday,21.09,1015.77,39.87,2.82,FOGGY
1957,3/23/2023,12:00:00,Spring,3.0,Thursday,22.81,1022.32,54.12,10.67,windy
1284,2/23/2023,11:00:00,Winter,2.0,Thursday,9.96,1016.63,31.27,12.3,stormy
1943,3/22/2023,22:00:00,Spring,3.0,Wednesday,21.47,1022.33,68.37,10.77,Sunny 
1321,2/25/2023,0:00:00,Winter,2.0,Saturday,4.79,1018.27,70.4,15.6,RAINY
8,1/1/2023,7:00:00,WINTER,1.0,Sunday,5,1010.67,45.97,23.11,sunny
1692,3/12/2023,11:00:00,Spring,3.0,Sunday,7.38,1016.31,87.03,13.69,Windy
462,1/20/2023,5:00:00,Winter,1.0,Friday,8.8,1004.78,73.99,6.8,Stormy
275,1/12/2023,10:00:00,Winter,1.0,Thursday,8.39,997.01,68.74,14.08,windy
1696,3/12/2023,15:00:00,Spring,3.0,Sunday,24.01,1013.07,55.87,10.41,Sunny 
378,1/16/2023,17:00:00,Winter,1.0,Monday,999,1024.82,37.87,10.84,stormy
1024,2/12/2023,15:00:00,Winter,2.0,Sunday,7.43,1014.77,73.52,5.81,Rainy 
3068,5/8/2023,19:00:00,SPRING,5.0,Monday,13.57,1006.82,24.68,13.02,WINDY
1851,3/19/2023,2:00:00,Spring,3.0,Sunday,14.85,1017.59,53.35,10.9,Sunny 
1813,3/17/2023,12:00:00,Spring,3.0,Friday,8.41,1001.23,60.04,7.58,Windy
3118,10/5/2023,21:00:00,Spring,5.0,Wednesday,25.63,1019.14,77.18,5.72,Rainy
2752,4/25/2023,15:00:00,Spring,4.0,Tuesday,23.42,1011.3,48,7.58,Stromy
1324,2/25/2023,3:00:00,Winter,2.0,Saturday,0.52,1005.65,74.84,-10.99, Foggy
1478,3/3/2023,13:00:00,Spring,3.0,Friday,26.36,1005.79,62.59,11.48,stormy
2167,4/1/2023,6:00:00,Spring,4.0,Saturday,16.38,1019.88,40.27,7.88,sunny
2306,4/7/2023,1:00:00,Spring,4.0,Friday,19.43,1011.49,69.08,2.82,stormy
362,1/16/2023,1:00:00,Winter,1.0,Monday,10,1007.79,47.07,15.52,Rainy
2341,4/8/2023,12:00:00,Spring,4.0,Saturday,25.12,1024.31,54.56,12.84,foggy
2972,5/4/2023,19:00:00,Spring,5.0,Thursday,18.2,1019.09,53.19,9.9,windy
2804,4/27/2023,19:00:00,Spring,4.0,Thursday,21.38,1017.62,62.6,18.67,Sunny 
1201,2/20/2023,0:00:00,Winter,2.0,Monday,10.54,1012.54,34.07,7.75,Sunny 
1996,3/25/2023,3:00:00,Spring,3.0,Saturday,13.36,1008.97,53.91,23.34,Stromy
470,1/20/2023,13:00:00,Winter,1.0,Friday,5.19,1011.33,29.75,7.16,Foggy
272,1/12/2023,7:00:00,Winter,1.0,Thursday,9.91,1016.44,70.45,13.43,Cludy
1469,3/3/2023,4:00:00,spring,3.0,Friday,19.8,1005.71,74.07,6.12,Windy
3073,5/9/2023,0:00:00,Spring,5.0,TUESDAY,16.34,1008.1,48.07,4.18,sunny
3364,5/21/2023,3:00:00,Spring,5.0,Sunday,12.38,1013.65,42.26,12.91,rainy
3115,5/10/2023,18:00:00,Spring,5.0,Wednesday,22.37,1010.53,28.1,11.71,Rainy
411,1/18/2023,2:00:00,Winter,1.0,Wednesday,8.12,1024.3,53.81,14.71,sunny
2000,3/25/2023,7:00:00,Spring,3.0,Saturday,19.63,1006.32,79.79,24.47,WINDY
1599,3/8/2023,14:00:00,Spring,3.0,Wednesday,10.05,1007.68,41.46,16.86,stormy
663,1/28/2023,14:00:00,Winter,1.0,Saturday,8.08,1020.22,41.38,21.12,rainy
847,2/5/2023,6:00:00,Winter,2.0,Sunday,13.53,1008.49,42.76,12.47,Rainy
2127,3/30/2023,14:00:00,Spring,3.0,Thursday,11.14,1010.55,70.72,6.97,Sunny
1148,2/17/2023,19:00:00,Winter,2.0,Friday,5.7,1004.36,45.8,13.18,stormy
540,1/23/2023,11:00:00,Winter,1.0,Monday,6.12,1010.46,74.22,15.35,Rainy 
2457,4/13/2023,8:00:00,Spring,4.0,Thursday,17.12,1000.73,29.68,8.4, Foggy
1554,3/6/2023,17:00:00,Spring,3.0,Monday,15.62,1002.56,41.6,2.15,Cludy
2830,4/28/2023,21:00:00,Spring,4.0,friday,22.53,1016.25,53.95,7.22,Stormy
2534,4/16/2023,13:00:00,Spring,4.0,Sunday,13.72,1010.81,39.22,9.15,Stormy
3366,5/21/2023,5:00:00,Spring,5.0,Sunday,16.05,1014.63,65.46,-20,Windy
2289,4/6/2023,8:00:00,Spring,4.0,Thursday,22.98,1017.6,50.57,9.22,STORMY
1883,3/20/2023,10:00:00,Spring,3.0,Monday,10.57,996.6,73.91,15.7,Rainy 
756,2/1/2023,11:00:00,Winter,2.0,Wednesday,14,1009.29,48.83,18.92,Windy
2129,3/30/2023,16:00:00,SPRING,3.0,Thursday,19.19,1016.84,48.52,13.39,stormy
1946,3/23/2023,1:00:00,Spring,3.0,Thursday,16.07,1021.12,56.62,27.64,RAINY
1971,3/24/2023,2:00 AM,Spring,3.0,Friday,11.4,1011.09,74.28,11.66,CLOUDY
1206,2/20/2023,5:00:00,Winter,2.0,monday,7.21,1011.53,42.31,11.92, Foggy
628,1/27/2023,3:00:00,Winter,1.0,Friday,1.24,1002.42,62.23,15.28,FOGGY
2028,3/26/2023,11:00:00,Spring,3.0,Sunday,23.53,1016.32,40.55,0.41,stormy
2279,4/5/2023,22:00:00,Spring,4.0,Wednesday,23.31,1010.41,55.21,17.47,Rainy
3253,5/16/2023,12:00:00,Spring,5.0,Tuesday,21.25,1010.26,71.18,6.01,SUNNY
1333,2/25/2023,12:00:00,Winter,2.0,Saturday,10.38,999.02,46.92,10.47,stormy
833,2/4/2023,16:00:00,Winter,2.0,Saturday,2.54,1019.68,68.71,2.73,FOGGY
974,2/10/2023,13:00:00,Winter,2.0,Friday,4,997.74,49.1,18.01,SUNNY
588,1/25/2023,11:00:00,Winter,1.0,Wed,11.47,1009.86,70.9,15.7,Rainy 
32,1/2/2023,7:00:00,Winter,1.0,Monday,10.93,1030.52,40.14,8.6,FOGGY
1730,3/14/2023,1:00:00,Spring,3.0,Tuesday,12.56,1033.48,81.26,11.81,sunny
1877,3/20/2023,4:00:00,Spring,3.0,Monday,14.66,995.06,58.08,7.35,rainy
2488,4/14/2023,15:00:00,Spring,4.0,Fri,17.01,1023.41,68.02,13.36,Rainy 
2440,4/12/2023,15:00:00,Spring,4.0,Wednesday,21.87,1009.03,53.1,8.69, Foggy
871,2/6/2023,6:00:00,winter,2.0,Monday,6.49,992.17,49.58,11.61,Cludy
981,2/10/2023,20:00:00,Winter,2.0,Friday,17.28,1014.79,49.8,2.33,STORMY
1193,2/19/2023,16:00:00,Winter,2.0,Sunday,13.15,1019.37,55.23,6.15,  STORMY  
3275,5/17/2023,10:00:00,Spring,5.0,Wednesday,25.79,?,56.49,12.24, Foggy
1691,3/12/2023,10:00:00,Spring,3.0,Sunday,22.1,1011.44,59.46,22,cloudy
782,2/2/2023,13:00:00,Winter,2.0,Thursday,7.3,1018.92,26.36,19.91,Rainy
3300,5/18/2023,11:00:00,Spring,5.0,Thursday,24.73,1017.95,66.79,15.53,Rainy 
1303,2/24/2023,6:00:00,Winter,2.0,Friday,2.87,1013.5,56.61,5.53,cloudy
2747,4/25/2023,10:00:00,Spring,4.0,Tuesday,22.72,1014.56,79.98,10.93,Rainy 
2196,4/2/2023,11:00:00,Spring,4.0,Sunday,14.33,1020.65,72.75,5.01,WINDY
2941,5/3/2023,12:00:00,SPRING,5.0,WEDNESDAY,18.34,1019.54,28.93,12.51,STORMY
1942,3/22/2023,21:00:00,Spring,3.0,Wed,25.34,1012.76,93.98,1.66,rainy
2098,3/29/2023,9:00:00,Spring,3.0,Wednesday,15.05,1002.97,60.94,11.3,STORMY
1997,3/25/2023,4:00:00,Spring,3.0,Saturday,19.19,1006.27,58.31,9.89,Windy
2194,4/2/2023,9:00:00,Spring,4.0,Sunday,14.06,1018.26,76.51,3.74,SUNNY
564,1/24/2023,11:00:00,Winter,1.0,Tuesday,0.74,1012.9,36.21,14.18,windy
3209,5/14/2023,16:00:00,SPRING,5.0,Sunday,17.19,1023.98,62.45,5.52,Rainy 
2589,4/18/2023,20:00:00,Spring,4.0,Tuesday,17.33,1006.12,65.41,27.44,foggy
3002,5/6/2023,1:00:00,Spring,5.0,Saturday,18.08,1014.44,64.16,11.79,cloudy
1532,3/5/2023,19:00:00,Spring,3.0,Sunday,25.65,1006.78,72.58,20.99,Rainy
2241,4/4/2023,8:00:00,Spring,4.0,Tuesday,20.3,1011.88,58.85,10.63,STORMY
2107,3/29/2023,18:00:00,Spring,3.0,Wednesday,21.07,1012.74,67.46,6.57,rainy
1436,3/1/2023,19:00:00,Spring,3.0,Wednesday,19.69,1005.06,55.31,3.21,Windy
1245,2/21/2023,20:00:00,Winter,2.0,Tuesday,14.89,1013.93,60.84,1.32,Stromy
562,1/24/2023,9:00:00,Winter,1.0,Tuesday,16.09,1013.83,41.52,4.02,Foggy
3403,5/22/2023,18:00:00,Spring,5.0,Monday,999,1002.16,56.04,7.09, Foggy
3256,5/16/2023,15:00:00,Spring,5.0,Tuesday,17.2,1021.1,52.31,26.06, Foggy
3257,5/16/2023,16:00:00,Spring,5.0,Tuesday,18.67,1021.49,67.08,11.78,STORMY
1928,3/22/2023,7:00:00,Spring,3.0,Wednesday,14.37,1005.98,59.99,4,cloudy
1789,3/16/2023,12:00:00,Spring,3.0,Thursday,13.62,1018.28,49.22,0.43,rainy
179,1/8/2023,10:00:00,Winter,1.0,Sunday,5.28,1016.19,54.44,18.62,windy
3295,5/18/2023,6:00:00,Spring,5.0,Thursday,17,1028.91,46.16,13.41,Windy
1802,3/17/2023,1:00:00,Spring,3.0,Friday,9.28,1014.25,59.22,20.94,Windy
1159,2/18/2023,6:00:00,Winter,2.0,Saturday,9.93,1019.7,44.81,5.49,Cludy
1591,3/8/2023,6:00:00,Spring,3.0,Wednesday,22.49,1022,47.31,16.1,Stormy
1353,2/26/2023,8:00:00,Winter,2.0,Sunday,6.97,1021.95,47.1,8.86,Stormy
2066,3/28/2023,1:00:00,Spring,3.0,Tuesday,15.41,1026.75,52.16,11.48,stormy
2746,25-Apr-23,9:00:00,Spring,4.0,Tuesday,6.29,1015.4,48.91,15.22,Stormy
3116,5/10/2023,19:00:00,Spring,5.0,Wednesday,10.31,1030.47,40.51,11.03,RAINY
2867,4/30/2023,10:00:00,Spring,4.0,Sunday,34.44,1011.87,50.11,12.68,Rainy
509,1/22/2023,4:00 AM,Winter,1.0,Sunday,10.38,1017.04,70.9,28.56,rainy
377,1/16/2023,16:00:00,Winter,1.0,Monday,7.15,1009.37,-15,17.73,Cludy
1380,2/27/2023,11:00:00,WINTER,2.0,Monday,10.52,1018.01,36.41,2.98,Sunny
254,1/11/2023,13:00:00,Winter,1.0,Wednesday,18.38,1007.49,81.04,13.19,RAINY
2879,4/30/2023,22:00:00,Spring,4.0,Sunday,14.66,1001.84,54.4,21.2, Foggy
1029,2/12/2023,20:00:00,Winter,2.0,Sunday,15.79,1000.76,79.44,9.76, Foggy
1547,3/6/2023,10:00:00,Spring,3.0,Monday,17.69,1007.01,61.25,19,WINDY
2393,4/10/2023,16:00:00,Spring,4.0,Monday,28.78,1009.95,49.36,8.63,WINDY
3313,5/19/2023,0:00:00,Spring,5.0,Friday,24.47,1000.45,47.05,12.58,RAINY
601,1/26/2023,0:00:00,Winter,1.0,Thursday,4.39,1014.41,46.8,10.37,sunny
1652,3/10/2023,7:00 PM,Spring,3.0,Friday,17.7,999.39,42.85,13.13,Sunny 
1819,3/17/2023,18:00:00,Spring,3.0,friday,22.52,1011.19,76.55,7.78,Cloudy
3202,5/14/2023,9:00:00,Spring,5.0,Sunday,13.2,998.96,51.84,10.07,Sunny 
2753,4/25/2023,16:00:00,Spring,4.0,tuesday,17.72,1012.37,58.1,11.22,Rainy
1426,3/1/2023,9:00:00,Spring,3.0,Wednesday,17.87,1011.26,55.88,8.38, Foggy
3152,5/12/2023,7:00:00,Spring,5.0,Friday,22.29,1015.92,59.37,16.77,CLOUDY
3225,5/15/2023,8:00:00,Spring,5.0,Monday,17.79,1011.51,36.27,16.71,Cludy
1955,3/23/2023,10:00:00,Spring,3.0,Thursday,15.11,1005.83,48.27,13.41,foggy
636,1/27/2023,11:00:00,Winter,1.0,Friday,4.45,1002.93,51.74,10.15,sunny
650,1/28/2023,1:00:00,Winter,1.0,Sat,4.97,1014.69,73,9.05,Windy
131,1/6/2023,10:00:00,Winter,1.0,Friday,-0.35,1017.35,45.06,15.42,Cludy
448,1/19/2023,15:00:00,Winter,1.0,Thursday,9.6,1023.72,26.87,12.69,FOGGY
1827,3/18/2023,2:00:00,Spring,3.0,SATURDAY,20.28,988.64,70.32,20.62,Stromy
1593,3/8/2023,8:00:00,spring,3.0,Wednesday,13.9,1009.59,51.12,10.87,Foggy
1323,2/25/2023,2:00:00,Winter,2.0,Saturday,4.97,1020.28,78.61,14.74,SUNNY
1619,3/9/2023,10:00:00,Spring,3.0,Thursday,18.65,993.95,27.55,15.7,Stormy
1999,3/25/2023,6:00:00,Spring,3.0,Saturday,26.19,1020.26,44.39,25.26,WINDY
1633,3/10/2023,0:00:00,Spring,3.0,friday,18.1,1006.58,63.68,14.76,windy
1855,3/19/2023,6:00:00,Spring,3.0,Sunday,21.91,1005.71,54.7,10.51,Rainy 
159,1/7/2023,14:00:00,Winter,1.0,Sat,7.21,1009.58,39.82,2.07,FOGGY
786,2/2/2023,17:00:00,Winter,2.0,Thursday,12.23,995.98,53.51,8.38,Foggy
2214,4/3/2023,5:00:00,Spring,4.0,Monday,9.67,996.99,52.74,8.02,windy
2282,4/6/2023,1:00:00,SPRING,4.0,Thursday,21.03,1013.52,63.56,7.11,SUNNY
2645,4/21/2023,4:00:00,Spring,4.0,Friday,17.07,1009.17,60.83,10.39,CLOUDY
3260,5/16/2023,19:00:00,Spring,5.0,Tuesday,27.31,1007.97,65.53,20.03,foggy
2944,5/3/2023,15:00:00,Spring,5.0,Wednesday,20.9,1016.74,74.54,8.01,Cludy
3165,5/12/2023,20:00:00,spring,5.0,Friday,24.72,1018.21,62.1,15.7,SUNNY
1359,2/26/2023,14:00:00,Winter,2.0,Sunday,8.54,1010.24,65.32,8.32,Rainy
968,2/10/2023,7:00:00,Winter,2.0,Friday,8.7,1020.97,34.15,12.95,sunny
1924,3/22/2023,3:00:00,Spring,3.0,Wed,25.47,1011.72,64.28,20.73,windy
2339,4/8/2023,10:00:00,Spring,4.0,Saturday,12.96,1014.35,22.58,14.9, Foggy
1375,2/27/2023,6:00:00,Winter,2.0,Monday,7.36,1007.79,22.08,21.6,FOGGY
767,2/1/2023,22:00:00,Winter,2.0,Wednesday,0.43,1015.57,81.32,12.11,cloudy
2501,4/15/2023,4:00:00,Spring,4.0,Saturday,14.61,1010.56,46.04,12.66,Stromy
1433,3/1/2023,4:00 PM,Spring,3.0,Wednesday,18.68,1012.58,52.83,12.26,windy
525,1/22/2023,20:00:00,Winter,1.0,Sunday,11.35,1004.43,31.69,16.91,WINDY
2641,4/21/2023,0:00:00,SPRING,4.0,Friday,15.81,1017.89,55.56,11.09,Stromy
1093,2/15/2023,12:00:00,Winter,2.0,Wednesday,4.64,1014.79,28.87,8.72,rainy
1617,3/9/2023,8:00:00,Spring,3.0,Thursday,11.96,1019.47,42.25,9.1,rainy
1853,3/19/2023,4:00:00,Spring,3.0,Sunday,8.62,1022.44,70.78,12.58,Cludy
89,1/4/2023,16:00:00,Winter,1.0,Wednesday,12.29,1011.72,54.71,5.98,Cludy
2158,3/31/2023,21:00:00,Spring,3.0,Friday,21.23,1007.52,35.08,10.27,FOGGY
3008,5/6/2023,7:00:00,Spring,5.0,Saturday,10.98,1020.59,61.47,4.96,Cloudy
589,1/25/2023,12:00:00,WINTER,1.0,Wednesday,11.42,1002.07,73.18,13.57,RAINY
2712,4/23/2023,23:00:00,Spring,4.0,Sunday,999,1011.34,74.05,19.77,Sunny 
2875,4/30/2023,18:00:00,Spring,4.0,Sunday,15.62,1007.69,51.38,9.4,Rainy
1579,3/7/2023,18:00:00,Spring,3.0,Tuesday,11.8,1017.86,71.52,16.3,Foggy
2541,4/16/2023,20:00:00,Spring,4.0,Sunday,10.53,1011.65,59.25,11.39,Windy
487,1/21/2023,6:00:00,Winter,1.0,Saturday,11.11,1010.04,60.66,11.82,sunny
2520,4/15/2023,23:00:00,SPRING,4.0,Saturday,14.72,1004.37,60.38,5.76,Sunny
1988,24/03/2023,19:00:00,Spring,3.0,Friday,22.88,1013.07,33.77,17.87,Windy
418,1/18/2023,9:00:00,Winter,1.0,Wednesday,12.2,1017.37,51.42,9.8,Rainy
1440,3/1/2023,23:00:00,Spring,3.0,Wednesday,20.85,1010.35,47.22,17.12,Cloudy
2717,4/24/2023,4:00:00,Spring,4.0,Monday,17.75,1024.77,57.67,7.23,  Sunny  
3158,5/12/2023,13:00:00,Spring,5.0,Friday,19.1,1001.53,83.94,11.38,CLOUDY
2305,4/7/2023,0:00:00,Spring,4.0,Friday,24.03,1015.15,41.5,9.52,SUNNY
2624,4/20/2023,7:00:00,Spring,4.0,Thursday,12.56,1007.53,44.41,10.44,FOGGY
1129,2/17/2023,0:00:00,Winter,2.0,friday,5.05,1005.52,52.33,6.52,foggy
2794,4/27/2023,9:00:00,Spring,4.0,Thursday,12.07,1010.4,64.92,15.06,Cludy
1085,2/15/2023,4:00:00,Winter,2.0,Wednesday,-0.31,1017.03,24.05,10.1,foggy
2838,4/29/2023,5:00:00,Spring,4.0,Saturday,24.92,1015.02,34.88,15.23,WINDY
687,1/29/2023,14:00:00,Winter,1.0,Sunday,-4.65,1010.63,58.62,5.09,FOGGY
3274,5/17/2023,9:00:00,Spring,5.0,Wednesday,20.26,1003.91,73.53,15.82,Windy
894,2/7/2023,5:00:00,WINTER,2.0,Tuesday,9.6,1014.55,35.95,13.72,stormy
3407,5/22/2023,22:00:00,Spring,5.0,Monday,15.04,1024.1,45.51,20.44,Sunny 
1126,2/16/2023,21:00:00,Winter,2.0,Thursday,3.21,1002.18,-15,14.48,sunny
2268,4/5/2023,11:00:00,Spring,4.0,Wednesday,25.46,1018.8,68.84,8.88,Cloudy
3198,5/14/2023,5:00:00,Spring,5.0,Sunday,13.12,1020.8,61.73,22.49,RAINY
3314,5/19/2023,1:00:00,Spring,5.0,Friday,13.46,1009.62,51.73,10.6,CLOUDY
3416,5/23/2023,7:00 AM,Spring,5.0,Tuesday,25.22,1017.64,78.38,1.16,Cloudy
2310,4/7/2023,5:00:00,Spring,4.0,Friday,20.68,999.63,42.42,4.72,Sunny
2778,4/26/2023,17:00:00,Spring,4.0,Wednesday,17.04,1002.28,42.23,17.8,WINDY
2806,4/27/2023,21:00:00,Spring,4.0,Thursday,13.38,1010.84,53.86,2.03,Sunny 
2619,4/20/2023,2:00:00,SPRING,4.0,Thursday,15.51,1005.37,60.44,4.96,cloudy
1872,3/19/2023,23:00:00,Spring,3.0,sunday,16.31,1007.98,73.43,14.77,Cloudy
2304,4/6/2023,23:00:00,Spring,4.0,Thursday,24.07,1017.26,45.74,19.21, Foggy
748,2/1/2023,3:00:00,Winter,2.0,Wednesday,2.35,1032.29,77.75,15.61,Rainy
1133,2/17/2023,4:00:00,Winter,2.0,Friday,7.73,1008.59,57.52,17.67,WINDY
1025,2/12/2023,16:00:00,Winter,2.0,Sunday,10.98,1008.28,53.02,12.43,windy
854,2/5/2023,13:00:00,Winter,2.0,Sunday,17.96,1006.34,46.75,11.12,FOGGY
1674,3/11/2023,17:00:00,Spring,3.0,Saturday,16.81,1016.73,62.81,5.52,Rainy
2870,4/30/2023,13:00:00,SPRING,4.0,Sunday,23.86,1013.86,35.82,4.64,Stormy
372,1/16/2023,11:00:00,Winter,1.0,Monday,9.12,1020.46,33.72,1.44,foggy
1941,3/22/2023,20:00:00,Spring,3.0,Wednesday,24.57,1018.71,39.61,15.64,Sunny 
1119,2/16/2023,14:00:00,Winter,2.0,Thursday,14.47,1017.35,67.69,15.08,sunny
3190,5/13/2023,21:00:00,SPRING,5.0,Saturday,20.11,1006.4,63.8,10.39,sunny
139,1/6/2023,18:00:00,Winter,1.0,Friday,13.84,1015.04,60.06,9.53,Sunny
674,1/29/2023,1:00:00,Winter,1.0,Sunday,7.8,1011.92,60.01,20.59,Stormy
2124,3/30/2023,11:00:00,Spring,3.0,Thursday,17.43,1008.56,40.19,16.45,RAINY
2533,4/16/2023,12:00:00,Spring,4.0,Sunday,18.83,1003.8,59.87,5.78,cloudy
2826,4/28/2023,17:00:00,Spring,4.0,Friday,19.1,1013.28,44.16,1.05,WINDY
1118,2/16/2023,13:00:00,Winter,2.0,Thursday,150,1016.1,59.85,19.7,rainy
2430,4/12/2023,5:00:00,Spring,4.0,Wednesday,19.29,1004.47,63.92,8.32,foggy
3112,5/10/2023,15:00:00,Spring,5.0,Wednesday,13.73,1028.7,43.12,4.84,Cloudy
381,1/16/2023,20:00:00,Winter,1.0,Monday,14.11,1017.66,51.6,6.24,FOGGY
1661,3/11/2023,4:00:00,Spring,3.0,Saturday,12.5,1027.37,42.2,7.98,RAINY
927,2/8/2023,14:00:00,WINTER,2.0,Wednesday,7.3,1015.46,47.13,20.11,Stromy
2257,4/5/2023,12:00 AM,Spring,4.0,Wednesday,18.24,1018.56,48.45,18.43,Stormy
2519,4/15/2023,22:00:00,Spring,4.0,Saturday,22.94,1016.67,68.77,10.14, Foggy
2799,4/27/2023,14:00:00,Spring,4.0,Thursday,16.6,1008.07,49.81,17.1,Sunny
1099,2/15/2023,18:00:00,winter,2.0,Wednesday,9.62,1008.74,67.59,3.85,RAINY
2970,5/4/2023,17:00:00,Spring,5.0,Thursday,17.03,1010.56,59.49,8.26,Windy
2450,4/13/2023,1:00:00,Spring,4.0,Thursday,17.74,1016,53.27,4.9,sunny
2926,5/2/2023,21:00:00,spring,5.0,Tuesday,21.02,1018.02,30.08,21.3,Foggy
3220,15/05/2023,3:00:00,Spring,5.0,Monday,6.93,1019.54,67.41,17.06, Foggy
2683,4/22/2023,18:00:00,Spring,4.0,Saturday,6.54,1004.13,31.45,14.02,STORMY
3322,5/19/2023,9:00:00,Spring,5.0,Friday,16.01,1013.62,72.76,13.54,foggy
841,2/5/2023,0:00:00,Winter,2.0,Sunday,2.23,999.5,28.09,3.87,cloudy
1518,3/5/2023,5:00:00,spring,3.0,Sun,22.34,1009.02,63.65,2.95,Sunny
512,1/22/2023,7:00:00,Winter,1.0,Sunday,3.89,1021.97,55,11.94,Cludy
2894,5/1/2023,13:00:00,Spring,5.0,Monday,15.9,1013.17,46.13,13.97,Foggy
2523,4/16/2023,2:00:00,Spring,4.0,Sunday,21.85,1025.05,48.42,5.17,Windy
898,2/7/2023,9:00:00,Winter,2.0,Tuesday,14.2,1009.83,71.03,15.62,Cloudy
1709,3/13/2023,4:00:00,Spring,3.0,Monday,12.24,1013.87,60.79,4.94,Stromy
2293,4/6/2023,12:00:00,Spring,4.0,Thursday,19.36,1015.74,38.52,12.27,Foggy
412,1/18/2023,3:00:00,Winter,1.0,Wednesday,2.69,1016.43,52.19,17.91,Sunny 
2283,4/6/2023,2:00:00,Spring,4.0,Thursday,20.85,1020.96,73.31,24.08,Windy
2845,4/29/2023,12:00:00,Spring,4.0,Saturday,17.96,1020.81,63.77,12.34,WINDY
2115,30/03/2023,2:00:00,Spring,3.0,Thursday,150,1013.19,42.03,21.54,Sunny 
3182,5/13/2023,13:00:00,Spring,5.0,Saturday,21.44,1020.96,67.22,10.17,CLOUDY
3273,5/17/2023,8:00:00,Spring,5.0,Wednesday,13.99,1028.54,48.23,12.92, Foggy
1812,3/17/2023,11:00:00,Spring,3.0,Friday,21.49,1007.97,53.24,12.09,SUNNY
1289,2/23/2023,16:00:00,Winter,2.0,Thursday,10.59,1008.77,41.96,11.93,cloudy
91,1/4/2023,18:00:00,Winter,1.0,Wednesday,10.6,1025.26,53.37,14.41,Rainy 
744,1/31/2023,23:00:00,Winter,1.0,Tuesday,1.16,1028.9,68.67,12.63,Foggy
2962,5/4/2023,9:00:00,Spring,5.0,Thursday,18.36,1012.13,70.49,4.14,cloudy
121,1/6/2023,0:00:00,Winter,1.0,Friday,7.36,1005.36,30.9,13.22,windy
1401,2/28/2023,8:00:00,Winter,2.0,Tuesday,7.06,1012.17,51.79,17.82,Cludy
2913,5/2/2023,8:00:00,Spring,5.0,Tuesday,19.04,1020.89,77.37,300,SUNNY
2036,3/26/2023,19:00:00,Spring,3.0,Sunday,14.85,1007.13,33.3,9.21,Foggy
2878,4/30/2023,21:00:00,Spring,4.0,Sun,23.93,1021.49,70.13,-20,RAINY
599,1/25/2023,22:00:00,WINTER,1.0,Wednesday,0.52,1007.8,53.75,3.3,windy
2399,4/10/2023,22:00:00,Spring,4.0,Monday,24.26,1022.09,56.55,9.29,Sunny 
385,1/17/2023,0:00:00,Winter,1.0,Tuesday,10.57,1008.74,37.45,5.23,sunny
1246,2/21/2023,21:00:00,Winter,2.0,Tuesday,2.01,1020.1,59.3,11.12,windy
1811,3/17/2023,10:00:00,Spring,3.0,Friday,21.44,1009.45,42.19,8.14,Sunny 
2499,4/15/2023,2:00:00,Spring,4.0,Saturday,21.31,1001.01,72.91,19.81,windy
747,2/1/2023,2:00:00,Winter,2.0,Wednesday,-0.27,1005.32,53.16,12.56,Stromy
222,1/10/2023,5:00:00,Winter,1.0,Tuesday,11.41,1027.77,63.76,9.84,windy
2748,4/25/2023,11:00:00,Spring,4.0,Tuesday,21.12,1019.44,53.54,16.67,STORMY
188,1/8/2023,19:00:00,winter,1.0,Sunday,4.94,1001.75,41.15,3.89,Sunny
2168,1/4/2023,7:00:00,Spring,4.0,Saturday,19.92,1019.39,71.81,21.42,WINDY
261,1/11/2023,20:00:00,Winter,1.0,wednesday,16.42,1009.33,71.18,11.77, Foggy
3332,5/19/2023,19:00:00,Spring,5.0,Friday,20.83,1025.11,19.62,-19.67,Sunny
187,1/8/2023,18:00:00,Winter,1.0,Sunday,10.59,1007.19,57.8,7.47,Foggy
2560,4/17/2023,15:00:00,Spring,4.0,Monday,23.81,1011.52,32.41,17.04,Windy
240,1/10/2023,23:00:00,Winter,1.0,Tuesday,9.71,1016.65,63.55,14.69,Stromy
283,1/12/2023,18:00:00,Winter,1.0,Thursday,7.68,1015.63,59.82,14.53,CLOUDY
1609,3/9/2023,0:00:00,Spring,3.0,Thursday,10.59,1002.28,57.03,10.04,Cludy
576,1/24/2023,23:00:00,Winter,1.0,Tuesday,13.26,1005.02,49.24,13.5,stormy
1583,3/7/2023,22:00:00,Spring,3.0,Tuesday,24.96,1013.89,74.77,3.85,CLOUDY
2590,4/18/2023,21:00:00,Spring,4.0,Tuesday,20.5,997.07,49.58,12.73,windy
684,1/29/2023,11:00:00,Winter,1.0,Sunday,10.81,1005.96,84.81,8.81,WINDY
1009,2/12/2023,0:00:00,Winter,2.0,Sunday,2.24,990.29,42.86,17.74,Rainy 
2892,5/1/2023,11:00:00,Spring,5.0,Monday,23.35,1012.97,57.77,10.51,cloudy
510,1/22/2023,5:00:00,Winter,1.0,Sunday,9.96,1008.93,54.62,1.39,stormy
182,1/8/2023,13:00:00,Winter,1.0,Sunday,8.85,1011.53,55.28,14.09,Rainy
2048,3/27/2023,7:00:00,Spring,3.0,Monday,21.41,1020.57,64.06,9.54,stormy
1524,3/5/2023,11:00:00,Spring,3.0,Sunday,17.19,1006.03,56.08,16.43,Foggy
1263,2/22/2023,14:00:00,Winter,2.0,Wednesday,13.61,1011.51,65.94,14.11,sunny
2635,4/20/2023,18:00:00,Spring,4.0,Thursday,23.49,1003.62,27.71,23.21,Foggy
3117,5/10/2023,8:00 PM,Spring,5.0,Wednesday,19.29,1010.69,50.65,14.53,WINDY
1082,2/15/2023,1:00:00,Winter,2.0,Wednesday,4.19,1021.29,46.07,17.4,Cloudy
2110,3/29/2023,21:00:00,Spring,3.0,Wednesday,18.79,1014.56,54.64,15.06,Sunny 
856,2/5/2023,15:00:00,Winter,2.0,Sunday,4.96,1012.38,61.39,14.51,SUNNY
2520,4/15/2023,23:00:00,SPRING,4.0,Saturday,14.72,1004.37,60.38,5.76,Sunny
1615,3/9/2023,6:00:00,Spring,3.0,Thursday,12.09,1020.97,44.53,300,Sunny 
2240,4/4/2023,7:00:00,Spring,4.0,Tuesday,12.19,1010.14,69.3,10.2,Stromy
3032,5/7/2023,7:00:00,Spring,5.0,Sunday,22.49,1008.14,52.97,16.72,Sunny
78,1/4/2023,5:00:00,Winter,1.0,Wednesday,10.74,1011.38,51.73,18.59,stormy
1104,2/15/2023,23:00:00,WINTER,2.0,Wednesday,2.71,993.02,58.01,15.65,RAINY
2390,4/10/2023,13:00:00,SPRING,4.0,Monday,10.64,1018.87,46.38,9.99,WINDY
2999,5/5/2023,22:00:00,SPRING,5.0,Friday,15.97,1005.42,61.77,4.91,STORMY
1989,3/24/2023,20:00:00,Spring,3.0,Friday,16.65,1001.88,75.28,24.6,CLOUDY
2402,4/11/2023,1:00:00,Spring,4.0,Tuesday,22.29,1025.2,12.97,14.61,WINDY
1450,3/2/2023,9:00:00,Spring,3.0,Thursday,33.49,1010.93,62.65,8.1,Rainy
455,1/19/2023,22:00:00,Winter,1.0,Thursday,-2.76,1007.25,51.83,6.08,  WINDY  
778,2/2/2023,9:00:00,Winter,2.0,Thursday,10.25,998.04,37.57,10.3,Rainy
1229,2/21/2023,4:00:00,Winter,2.0,Tuesday,12.14,1014.26,35.92,13.27, Foggy
2638,4/20/2023,21:00:00,Spring,4.0,Thursday,16.06,1018.7,44.66,3.54,stormy
980,2/10/2023,19:00:00,Winter,2.0,Friday,7.56,1017.39,69.24,11.64, Foggy
1112,2/16/2023,7:00:00,Winter,2.0,Thursday,-1.68,1006.91,41.83,12.6,Rainy 
1444,3/2/2023,3:00:00,Spring,3.0,Thursday,21.49,1006.31,59.62,4.18,Sunny
1131,2/17/2023,2:00:00,Winter,2.0,FRIDAY,5.56,1021.59,62.45,24.45,Rainy
1847,3/18/2023,22:00:00,Spring,3.0,Saturday,16.76,1015.51,50.26,13.89,rainy
2083,3/28/2023,18:00:00,Spring,3.0,Tuesday,18.28,1012,51.77,18.86,Cloudy
2220,4/3/2023,11:00:00,Spring,4.0,Monday,16.62,1003.2,63.5,8.11,windy
99,1/5/2023,2:00:00,WINTER,1.0,Thursday,1.4,1027.65,72.69,9.18,WINDY
632,1/27/2023,7:00:00,Winter,1.0,FRIDAY,12.61,1016.86,61.3,15.64,Stormy
207,1/9/2023,14:00:00,Winter,1.0,Monday,5.77,1024.63,78.69,8.86,Foggy
2988,5/5/2023,11:00:00,Spring,5.0,Friday,13.88,1003.39,74.11,3.32,FOGGY
396,1/17/2023,11:00:00,Winter,1.0,Tuesday,9,1022.19,39.76,12.37,Rainy
1995,3/25/2023,2:00:00,Spring,3.0,Saturday,13.06,1018.78,56.28,1.71,FOGGY
463,1/20/2023,6:00:00,WINTER,1.0,Friday,12.85,1016.42,45.31,22.65,CLOUDY
146,1/7/2023,1:00:00,Winter,1.0,Saturday,9.69,1009.68,64.49,25.62,  Cloudy  
1124,2/16/2023,19:00:00,Winter,2.0,Thursday,5.05,1009.33,67.85,22.06,FOGGY
2620,4/20/2023,3:00:00,spring,4.0,Thursday,13.03,1022.22,83.51,14.36,Foggy
506,1/22/2023,1:00:00,Winter,1.0,Sunday,8.3,1015.22,75.41,4.15,RAINY
2897,5/1/2023,16:00:00,Spring,5.0,Monday,20.78,1021.67,45.91,6.34, Foggy
88,1/4/2023,15:00:00,Winter,1.0,Wednesday,4.41,1011.29,59.66,20.85,sunny
1707,3/13/2023,2:00:00,Spring,3.0,Monday,21.75,1008.22,32.57,-11.93,Stormy
1413,2/28/2023,20:00:00,Winter,2.0,Tuesday,15.24,1020.51,52.36,12.5,FOGGY
3334,5/19/2023,21:00:00,Spring,5.0,Friday,20.44,1032.08,70.05,19.59, Foggy
2189,4/2/2023,4:00:00,spring,4.0,Sunday,21.1,1010,45.16,19.62,windy
2228,4/3/2023,19:00:00,spring,4.0,Monday,20.82,1018.48,41.81,7.08,STORMY
1152,2/17/2023,23:00:00,Winter,2.0,Friday,2.54,1010.97,49.82,14.94,FOGGY
420,1/18/2023,11:00:00,Winter,1.0,Wednesday,14.09,1025.17,69.97,9.41,sunny
3367,5/21/2023,6:00:00,Spring,5.0,Sunday,19.3,1023.54,63.6,12.35,sunny
1453,2/3/2023,12:00:00,spring,3.0,Thursday,31.52,1011.15,71.55,20.65,Sunny
284,1/12/2023,19:00:00,Winter,1.0,Thursday,16.07,1016.63,51.34,17.78,RAINY
380,1/16/2023,7:00 PM,Winter,1.0,Monday,15.57,1018.05,39.64,23.12,FOGGY
2262,4/5/2023,5:00:00,Spring,4.0,Wednesday,16.49,1001.12,74.17,300,Cludy
2346,4/8/2023,17:00:00,Spring,4.0,Saturday,17.99,1004.46,36.11,5.97,RAINY
259,1/11/2023,18:00:00,Winter,1.0,Wednesday,10,1018.18,47.75,21.44,sunny
1584,3/7/2023,23:00:00,Spring,3.0,TUESDAY,15.78,1500,53.28,12.5,SUNNY
2477,4/14/2023,4:00:00,Spring,4.0,Friday,22.85,1002.93,64.55,25.94,Sunny 
1860,3/19/2023,11:00:00,Spring,3.0,Sunday,14.14,1012.54,32.29,15.79,Sunny
879,2/6/2023,14:00:00,Winter,2.0,Monday,16.56,999.02,61.52,14.85,Cludy
1244,2/21/2023,19:00:00,Winter,2.0,Tuesday,2.96,996.31,32.92,3.76,SUNNY
1317,2/24/2023,20:00:00,Winter,2.0,Friday,13.96,1006.45,71.38,8.71,Cloudy
1687,3/12/2023,6:00:00,Spring,3.0,Sunday,12.99,1005.62,40.68,15.11,STORMY
2067,3/28/2023,2:00:00,SPRING,3.0,Tuesday,6.92,1011.44,67.55,5.59,CLOUDY
1282,2/23/2023,9:00:00,Winter,2.0,Thursday,11.45,1007.53,50.89,11.91,Foggy
2585,4/18/2023,16:00:00,Spring,4.0,Tue,13.89,1025.99,47.08,-,Windy
1704,3/12/2023,23:00:00,Spring,3.0,Sunday,13.81,996.14,33.64,13.07,Cloudy
2406,4/11/2023,5:00:00,Spring,4.0,Tuesday,19.81,1008.92,57.73,17.35,Stromy
433,1/19/2023,0:00:00,Winter,1.0,Thursday,9.84,1027.71,51.65,9.9,rainy
219,1/10/2023,2:00:00,Winter,1.0,Tue,1.1,1007.15,54.5,22.77,rainy
1270,2/22/2023,21:00:00,Winter,2.0,Wednesday,8.21,1021.3,60.02,20.87,  Stromy  
1916,3/21/2023,19:00:00,Spring,3.0,Tuesday,24.86,1014.14,44.91,15.98,Cloudy
2537,4/16/2023,16:00:00,Spring,4.0,Sunday,19.13,1021.94,37.46,11.1,Cloudy
3244,5/16/2023,3:00:00,Spring,5.0,Tuesday,16.86,1014.85,150,16.74,cloudy
1848,3/18/2023,23:00:00,Spring,3.0,Sat,20.2,1019.67,74.24,12.47,Cloudy
255,1/11/2023,14:00:00,WINTER,1.0,Wednesday,4.74,1009.13,50.19,14.54,sunny
22,1/1/2023,21:00:00,Winter,1.0,Sunday,3.96,1008.99,68.73,13.97,Sunny 
993,2/11/2023,8:00:00,Winter,2.0,Saturday,18.08,1023.33,49.04,5.39,WINDY
2727,4/24/2023,14:00:00,Spring,4.0,monday,17.59,999.36,42.48,14.02,Rainy 
262,1/11/2023,21:00:00,Winter,1.0,Wednesday,7.14,1020.07,64.78,2.54,stormy
858,2/5/2023,17:00:00,Winter,2.0,Sunday,10.22,1021.81,62,20.08,Rainy
2910,5/2/2023,5:00:00,Spring,5.0,Tuesday,17.75,1010.99,51.86,15.65,rainy
1580,3/7/2023,19:00:00,Spring,3.0,Tuesday,29.62,1008.77,69.36,11.36,foggy
1398,2/28/2023,5:00:00,Winter,2.0,Tuesday,13.93,1025.32,46.7,10.48,rainy
1837,18/03/2023,12:00:00,Spring,3.0,Saturday,15.74,1004.86,42.67,4.27,CLOUDY
3390,5/22/2023,5:00:00,Spring,5.0,Monday,9.14,1007.37,64.63,15.03,Cloudy
1372,2/27/2023,3:00:00,Winter,2.0,Monday,-3.92,1018.96,57.01,14.57,  RAINY  
1231,2/21/2023,6:00:00,WINTER,2.0,Tuesday,16.32,1015.44,63.81,20.49,sunny
465,1/20/2023,8:00:00,WINTER,1.0,Friday,14.96,1011,59.33,13.56,Rainy 
1319,2/24/2023,22:00:00,Winter,2.0,Friday,2,1018.59,48.85,16.7,cloudy
3251,5/16/2023,10:00:00,Spring,5.0,Tuesday,18.06,1017.22,30.83,6.48,Rainy
2711,4/23/2023,22:00:00,Spring,4.0,Sunday,11.6,1004.01,42.56,15.55,CLOUDY
2472,4/13/2023,23:00:00,Spring,4.0,Thursday,20.72,1004.24,52.9,9.99,WINDY
658,1/28/2023,9:00:00,Winter,1.0,Saturday,5.78,1009.16,59.45,14.78,Sunny 
893,2/7/2023,4:00:00,Winter,2.0,Tuesday,9.12,1020.23,50.54,19.87,windy
2636,4/20/2023,19:00:00,Spring,4.0,Thursday,11.03,1014.47,56.04,4.86,rainy
303,1/13/2023,14:00:00,Winter,1.0,Friday,0.99,1027,36.34,7.84,Rainy 
571,1/24/2023,18:00:00,Winter,1.0,Tuesday,-0.63,1007.58,72.91,6.11,WINDY
1063,2/14/2023,6:00:00,Winter,2.0,Tuesday,10.46,1012.54,71.13,13.26,RAINY
2546,4/17/2023,1:00:00,Spring,4.0,Monday,10.9,1014.79,66.05,-15.71,cloudy
678,1/29/2023,5:00:00,Winter,1.0,Sunday,6.24,1025.51,42.72,21.19,Stromy
319,1/14/2023,6:00:00,WINTER,1.0,Saturday,2.54,1010.47,73.2,12.85,Rainy 
237,1/10/2023,20:00:00,Winter,1.0,tuesday,17.23,1004.44,32.12,7.85,STORMY
794,2/3/2023,1:00:00,Winter,2.0,Friday,1.41,1019.21,39.97,7.49,Cloudy
1736,3/14/2023,7:00:00,Spring,3.0,Tuesday,15.86,1020.72,74.5,17.76,windy
899,2/7/2023,10:00:00,Winter,2.0,Tuesday,19.52,1001.16,73.89,18.88,Stromy
1840,3/18/2023,15:00:00,Spring,3.0,Saturday,19.53,1011.15,37.12,23.66,foggy
730,1/31/2023,9:00:00,Winter,1.0,Tue,7.12,1018.35,56.47,19.78,Windy
3147,5/12/2023,2:00:00,Spring,5.0,Friday,14.5,1013.48,76.3,13.62,Stormy
1102,2/15/2023,9:00 PM,Winter,2.0,Wednesday,7.37,1019.78,53.27,9.69,Stromy
2100,3/29/2023,11:00:00,Spring,3.0,Wednesday,22.63,1014.35,65.15,11.77,stormy
1752,3/14/2023,23:00:00,Spring,3.0,Tuesday,21.54,1019.22,79.12,20.12,Sunny 
2009,3/25/2023,16:00:00,Spring,3.0,Saturday,25.06,1019.28,50.1,23.91,Windy
3421,5/23/2023,12:00:00,Spring,5.0,Tuesday,9.52,1015.94,44.56,17.19,Stromy
2811,4/28/2023,2:00:00,Spring,4.0,Friday,16.92,1022.1,49.7,13.36,Cloudy
2313,4/7/2023,8:00:00,spring,4.0,Friday,24.65,999.6,42.9,22.06,  sunny  
2410,4/11/2023,9:00:00,Spring,4.0,Tuesday,17.62,1024.98,45.83,10.56,RAINY
799,2/3/2023,6:00:00,Winter,2.0,FRIDAY,19.41,1008.06,31.97,0.72,FOGGY
295,1/13/2023,6:00:00,Winter,1.0,Friday,-0.46,1012.21,40.17,5.38,Foggy
1174,2/18/2023,21:00:00,Winter,2.0,Saturday,12.76,1017.22,52.14,10.81, Foggy
3267,5/17/2023,2:00 AM,Spring,5.0,Wednesday,18.33,1026.42,90.98,15.19,Cloudy
1388,2/27/2023,19:00:00,Winter,2.0,Mon,5.54,1023.62,40.41,14.44,WINDY
2788,4/27/2023,3:00:00,Spring,4.0,Thursday,11.61,1020.29,53.89,9.54,Stromy
1008,2/11/2023,23:00:00,Winter,2.0,Saturday,15.99,1019.42,67.93,3.5,Stromy
2114,3/30/2023,1:00 AM,Spring,3.0,Thursday,13.57,1008,38.48,16.39,Stormy
2982,5/5/2023,5:00:00,Spring,5.0,friday,15.52,1013.59,91.6,13.81,WINDY
1551,3/6/2023,14:00:00,Spring,3.0,Monday,15.24,1004.22,89.38,23.2,stormy
1772,3/15/2023,19:00:00,Spring,3.0,Wednesday,16.46,996.16,57.07,0.68,cloudy
2756,4/25/2023,19:00:00,Spring,4.0,Tuesday,20.77,1000.01,66.45,300,foggy
2998,5/5/2023,21:00:00,Spring,5.0,Fri,30.73,1026.7,47.16,3.29,Cludy
1455,3/2/2023,14:00:00,Spring,3.0,Thursday,13.93,1014.41,36.25,10.41,RAINY
185,1/8/2023,16:00:00,Winter,1.0,Sunday,9.28,1020.86,79.98,18.09,Cludy
1297,2/24/2023,0:00:00,WINTER,2.0,Friday,13.2,997.36,49.47,13.28,cloudy
1799,3/16/2023,22:00:00,Spring,3.0,Thursday,17.59,1020.93,66.21,13.79,cloudy
3349,5/20/2023,12:00:00,Spring,5.0,Saturday,20.27,1004.85,60.4,10.63,RAINY
2281,4/6/2023,0:00:00,Spring,4.0,Thursday,7.04,1001.62,65.22,12.08,FOGGY
741,31-Jan-23,20:00:00,Winter,1.0,Tuesday,3.88,1008.13,47.07,5.66,Sunny 
1354,2/26/2023,9:00:00,winter,2.0,sunday,4.18,1020.01,44.36,15.87,WINDY
126,1/6/2023,5:00 AM,Winter,1.0,Friday,12.63,1028.28,34.02,15.38,Windy
1936,3/22/2023,15:00:00,Spring,3.0,Wednesday,21.55,1011.88,45.53,15.6,Foggy
851,2/5/2023,10:00:00,Winter,2.0,Sunday,10.46,1017.56,57.93,11.41,Cludy
1285,2/23/2023,12:00:00,Winter,2.0,Thursday,10.4,1018.83,44.61,8.05,SUNNY
1710,3/13/2023,5:00:00,Spring,3.0,Monday,22.64,998.84,46.33,10.45,STORMY
2634,4/20/2023,17:00:00,Spring,4.0,Thursday,15.83,1019.52,30.66,4.72,Rainy
1416,2/28/2023,23:00:00,Winter,2.0,Tuesday,7.73,1005.62,55.11,3.13,Rainy 
2688,4/22/2023,23:00:00,Spring,4.0,Saturday,8.53,1011.72,59.88,18.6,FOGGY
2004,3/25/2023,11:00:00,Spring,3.0,Saturday,17.43,1012.55,49.34,20.07,RAINY
1705,3/13/2023,0:00:00,Spring,3.0,Monday,8.18,1001.15,54.96,8.74,Foggy
1887,3/20/2023,14:00:00,Spring,3.0,Monday,23.29,1016.76,55.18,6.12,Sunny 
3291,5/18/2023,2:00:00,spring,5.0,Thursday,17.59,1010.07,57.78,15.79,WINDY
2505,4/15/2023,8:00:00,Spring,4.0,Saturday,12.63,1016.67,44.28,22.77,Rainy 
895,2/7/2023,6:00:00,Winter,2.0,Tuesday,3.84,1007.89,42.77,5.6,Stromy
361,1/16/2023,0:00:00,Winter,1.0,Monday,11.31,1022.39,57.72,4.22, Foggy
719,1/30/2023,22:00:00,Winter,1.0,Monday,150,1008.32,54.53,6.54,Rainy 
2468,4/13/2023,19:00:00,Spring,4.0,Thursday,19.9,1010.51,55.88,4.63,Sunny
3076,5/9/2023,3:00:00,Spring,5.0,Tuesday,19.14,1012.38,74.43,14.43,Sunny
811,2/3/2023,18:00:00,Winter,2.0,Friday,8.06,1035.95,29.97,18.35,Rainy 
472,1/20/2023,15:00:00,Winter,1.0,Friday,7.87,1015.24,42.86,14.54,Foggy
2527,4/16/2023,6:00:00,Spring,4.0,Sunday,13.71,1008.63,63.44,11.36,Cludy
323,1/14/2023,10:00:00,Winter,1.0,Saturday,2.48,995.78,60.83,26.96,Stormy
2605,4/19/2023,12:00:00,Spring,4.0,Wed,24.36,1014.74,67.82,12.06,CLOUDY
2144,3/31/2023,7:00:00,Spring,3.0,Friday,20.05,1022.72,52.83,14.43,foggy
949,2/9/2023,12:00:00,Winter,2.0,Thursday,9.29,1011.07,55.12,-10.05,Cloudy
2951,5/3/2023,22:00:00,Spring,5.0,Wednesday,18,1013.27,47.31,9.34,Sunny
1867,3/19/2023,18:00:00,Spring,3.0,Sunday,28.56,1006.12,50.15,9.8,Windy
2906,5/2/2023,1:00:00,Spring,5.0,Tuesday,16.43,1023.6,150,6.17,Rainy 
2480,4/14/2023,7:00:00,Spring,4.0,Friday,24.58,1008.69,52.19,12.57,Stromy
391,1/17/2023,6:00:00,Winter,1.0,Tuesday,7.89,1007.02,18.64,17.3,sunny
271,1/12/2023,6:00:00,Winter,1.0,Thu,6.26,1010.21,50.18,24.46,Sunny 
440,1/19/2023,7:00:00,Winter,1.0,Thursday,7.31,1020.62,79.18,19.89,WINDY
1325,2/25/2023,4:00:00,Winter,2.0,Saturday,8.4,1019.07,65.44,13.67,Windy
689,1/29/2023,16:00:00,Winter,1.0,Sunday,5.67,1011.79,53.89,9.29,Stormy
3173,5/13/2023,4:00 AM,Spring,5.0,Saturday,23.86,1012.25,48.92,12.78,rainy
3298,5/18/2023,9:00:00,Spring,5.0,Thursday,22.28,1012.89,42.02,7.39,windy
102,1/5/2023,5:00:00,Winter,1.0,thursday,5.75,1017.98,38.99,11.15,  Stormy  
2176,4/1/2023,15:00:00,Spring,4.0,Saturday,25.96,1008.3,33.35,15.83,Stormy
743,1/31/2023,22:00:00,Winter,1.0,Tuesday,-1.1,1015.16,26.32,11.59,Foggy
3011,5/6/2023,10:00:00,Spring,5.0,Saturday,19.63,1012.19,53.53,16.86,STORMY
1181,2/19/2023,4:00:00,Winter,2.0,Sunday,13.04,1017.14,55.39,10.18,Windy
2301,4/6/2023,20:00:00,Spring,4.0,Thursday,26.32,1009.19,47.64,10.3,Rainy
1820,3/17/2023,19:00:00,SPRING,3.0,Fri,12.73,1012.46,53.76,16.62,windy
2942,5/3/2023,1:00 PM,Spring,5.0,Wednesday,17.65,1018.8,52.18,5.77,Sunny
1385,2/27/2023,16:00:00,Winter,2.0,Monday,2.72,1010.17,36.51,17.71,SUNNY
404,1/17/2023,19:00:00,winter,1.0,Tuesday,999,1012.38,52.29,31.16,Cloudy
1939,3/22/2023,18:00:00,Spring,3.0,Wednesday,22.05,1007.2,55.81,12.75,WINDY
3031,5/7/2023,6:00:00,Spring,5.0,SUNDAY,22.73,1012.36,59.28,10.16, Foggy
167,1/7/2023,22:00:00,Winter,1.0,Saturday,4.44,1013.85,51.18,21.02,Cludy
3146,5/12/2023,1:00:00,Spring,5.0,Friday,19.74,1009.87,53.55,21.68,RAINY
3394,5/22/2023,9:00:00,Spring,5.0,Monday,18.4,1005.39,56.57,11.13,WINDY
156,1/7/2023,11:00:00,Winter,1.0,Saturday,4.05,1016.77,83.23,20.07,CLOUDY
257,1/11/2023,16:00:00,Winter,1.0,Wednesday,16.64,1016.49,55.57,12.72,cloudy
2086,3/28/2023,21:00:00,Spring,3.0,Tuesday,18.44,1012.87,93.75,4.02,  WINDY  
3279,5/17/2023,14:00:00,Spring,5.0,Wednesday,22.36,1011.67,95.19,8.37,Foggy
3393,5/22/2023,8:00:00,Spring,5.0,Monday,14.98,996.3,50.59,5.47,Sunny
1182,2/19/2023,5:00:00,Winter,2.0,Sunday,7.6,987.64,58.16,9.07,sunny
2456,4/13/2023,7:00:00,Spring,4.0,Thursday,19.48,1016.16,42.9,9.24,sunny
14,1/1/2023,13:00:00,winter,1.0,Sunday,4.62,1017.89,70.46,17.59,sunny
3321,5/19/2023,8:00:00,Spring,5.0,Friday,15.85,1013.64,56.82,6.27,rainy
3350,5/20/2023,13:00:00,Spring,5.0,Saturday,19.41,1007.2,46.22,19.04,SUNNY
1392,2/27/2023,23:00:00,Winter,2.0,Monday,8.16,1018.52,71.32,16.15,Rainy 
180,1/8/2023,11:00:00,Winter,1.0,Sunday,8.57,1014.2,49.55,11.66,Rainy
417,1/18/2023,8:00:00,Winter,1.0,Wednesday,14.48,1012.82,40.01,8.97,Rainy 
2057,3/27/2023,16:00:00,Spring,3.0,Monday,22.61,1009.16,48.51,25.11,Stromy
2661,4/21/2023,20:00:00,Spring,4.0,Friday,19.37,1008.2,71.04,10.75,cloudy
1377,2/27/2023,8:00:00,Winter,2.0,Monday,5.58,1019.73,39.23,3.19,Cloudy
1457,3/2/2023,16:00:00,Spring,3.0,Thursday,15.02,999.6,250,12.21,Cludy
92,1/4/2023,19:00:00,Winter,1.0,wednesday,11.45,1009.79,58.36,12.08,cloudy
1838,3/18/2023,13:00:00,Spring,3.0,Saturday,13.5,1024.36,41.27,12.76,Windy
1350,2/26/2023,5:00:00,Winter,2.0,Sunday,9.2,1018.86,26.61,13.87,windy
209,1/9/2023,16:00:00,Winter,1.0,Monday,2.98,1006.86,54.48,13.41,Cludy
3151,5/12/2023,6:00:00,Spring,5.0,Friday,24.26,1012.02,49.5,9.92,FOGGY
152,1/7/2023,7:00:00,Winter,1.0,Saturday,10.07,1028.01,43.39,4.53,Sunny
349,1/15/2023,12:00:00,Winter,1.0,Sunday,18.07,1014.09,49.52,13.11,  Foggy  
3284,5/17/2023,19:00:00,Spring,5.0,Wednesday,20.19,1012.99,52.71,14.9,Sunny
2958,5/4/2023,5:00:00,Spring,5.0,THURSDAY,13.91,1013.98,46.74,8.3,CLOUDY
2284,4/6/2023,3:00:00,Spring,4.0,THURSDAY,19.22,1015.19,32.15,8.81,Cloudy
2963,5/4/2023,10:00:00,Spring,5.0,Thursday,6.58,1011.29,62.03,12.91,Rainy 
664,1/28/2023,3:00 PM,Winter,1.0,Sat,10.55,1021.24,45.13,17.13,sunny
3072,5/8/2023,23:00:00,Spring,5.0,Monday,17.3,1017.85,58.69,3.49,STORMY
2637,4/20/2023,20:00:00,Spring,4.0,Thursday,16.66,1016.59,60.31,17.42,WINDY
44,1/2/2023,19:00:00,Winter,1.0,Monday,7.61,1015.73,59.15,16.96,sunny
2286,4/6/2023,5:00:00,Spring,4.0,Thursday,17.99,1011.58,58.73,9.65, Foggy
310,1/13/2023,21:00:00,Winter,1.0,Friday,16.39,1008.57,63.53,21.77,Sunny 
1200,2/19/2023,23:00:00,Winter,2.0,Sunday,10.43,997.41,24.24,16.44,Windy
1228,2/21/2023,3:00:00,Winter,2.0,Tuesday,9.34,1006.41,47.23,19.95,Cloudy
3387,5/22/2023,2:00:00,SPRING,5.0,Monday,19.95,1021.99,38.75,18.23,Cludy
313,1/14/2023,0:00:00,Winter,1.0,Sat,9.17,1000.55,59.96,17,Sunny 
776,2/2/2023,7:00:00,Winter,2.0,Thursday,4.47,1019.84,79.74,18.42,  FOGGY  
2382,4/10/2023,5:00:00,Spring,4.0,Monday,13.39,1006.44,37.17,14.65,Rainy 
3157,5/12/2023,12:00:00,Spring,5.0,Friday,6.32,1016.43,53.17,9.98,foggy
2203,4/2/2023,18:00:00,Spring,4.0,Sunday,20.44,1019.14,57.16,13.98,Cloudy
263,1/11/2023,22:00:00,Winter,1.0,Wednesday,15.38,1024.04,45.62,14.37,Stromy
1570,3/7/2023,9:00:00,Spring,3.0,Tuesday,22.55,1011.53,36.86,12.34,RAINY
1168,2/18/2023,15:00:00,Winter,2.0,Saturday,3.72,1013.28,64.78,2.21,Stormy
917,2/8/2023,4:00:00,Winter,2.0,Wednesday,13.96,1002.94,65.97,15.54,Sunny 
3243,5/16/2023,2:00:00,Spring,5.0,Tuesday,19.32,1014.93,52.19,16.99, Foggy
2701,4/23/2023,12:00:00,Spring,4.0,Sun,15.16,1017.1,59.35,12.26,foggy
398,1/17/2023,13:00:00,WINTER,1.0,Tuesday,3.86,1013.69,38.92,5.53,stormy
1932,3/22/2023,11:00:00,Spring,3.0,Wednesday,26.19,1001.55,35.72,2.3,RAINY
3415,5/23/2023,6:00:00,spring,5.0,Tuesday,28.27,1022.19,57.55,13.2,rainy
2085,3/28/2023,20:00:00,Spring,3.0,Tuesday,13.15,1002.18,57.23,10.97,FOGGY
2510,4/15/2023,13:00:00,Spring,4.0,Saturday,16.48,1010.5,64.28,23.91,Stormy
1910,3/21/2023,13:00:00,Spring,3.0,Tuesday,12.51,1010.11,76.53,1.03,WINDY
712,1/30/2023,15:00:00,Winter,1.0,Monday,9.08,1004.22,46.17,6.98,CLOUDY
3221,5/15/2023,4:00:00,Spring,5.0,Monday,19.53,0,39.6,13.02,cloudy
3373,5/21/2023,12:00:00,Spring,5.0,Sunday,19.33,1008.22,42.61,16.56,RAINY
1565,3/7/2023,4:00:00,Spring,3.0,Tuesday,24.95,1002.24,39.95,10.01,Stromy
940,2/9/2023,3:00:00,Winter,2.0,Thursday,8.52,1029.34,59.16,11.87,Windy
1980,3/24/2023,11:00:00,Spring,3.0,Friday,16.63,1009.34,44.66,14.81,cloudy
3180,5/13/2023,11:00:00,Spring,5.0,Saturday,17.43,1001.42,84.07,6.35,WINDY
1001,2/11/2023,4:00 PM,Winter,2.0,Saturday,-80,1012.75,55.27,14.84,stormy
3382,5/21/2023,21:00:00,Spring,5.0,Sunday,14.38,1018.66,34.29,15.75,SUNNY
1533,3/5/2023,20:00:00,Spring,3.0,Sunday,13.92,1001.36,59.53,8.72,FOGGY
3045,5/7/2023,20:00:00,Spring,5.0,Sunday,8.06,1006.03,32.19,14.3,Sunny 
1045,2/13/2023,12:00:00,Winter,2.0,Monday,7.95,1015.46,82.2,9.94,Sunny 
9,1/1/2023,8:00:00,Winter,1.0,Sunday,7.93,1004.54,67.34,4.67,Cloudy
368,1/16/2023,7:00:00,Winter,1.0,Monday,2.02,1016.56,72.95,8.34,Windy
258,1/11/2023,5:00 PM,Winter,1.0,Wednesday,11.07,1004.82,51.14,1.99,Cloudy
1387,2/27/2023,18:00:00,Winter,2.0,Mon,6.17,999.63,85.54,14.81,sunny
1829,3/18/2023,4:00:00,Spring,3.0,Saturday,19.12,997.43,38.23,21.24,CLOUDY
962,2/10/2023,1:00:00,Winter,2.0,FRIDAY,16.04,1019.63,71.36,9.22,STORMY
1230,2/21/2023,5:00:00,Winter,2.0,Tuesday,13.31,1009.99,250,19.76,cloudy
3192,5/13/2023,23:00:00,Spring,5.0,Saturday,18.92,1017.95,55.22,13.14,Stormy
2141,3/31/2023,4:00:00,Spring,3.0,Friday,15.99,1018.68,68.92,13.25,Cloudy
753,2/1/2023,8:00:00,Winter,2.0,Wednesday,13.41,1009.23,53.6,19.95,Sunny 
2996,5/5/2023,19:00:00,Spring,5.0,Friday,11.35,1010.72,17.15,10.19,Rainy
165,1/7/2023,20:00:00,Winter,1.0,Saturday,8.07,1012.81,57.97,11.13,sunny
3250,5/16/2023,9:00:00,Spring,5.0,Tuesday,17.61,1008.78,78.14,4.61,foggy
318,1/14/2023,5:00:00,Winter,1.0,Saturday,150,1022.89,71.37,15.65,FOGGY
2118,3/30/2023,5:00:00,Spring,3.0,Thursday,11.96,1008.47,53.86,21.23,Stormy
760,2/1/2023,15:00:00,Winter,2.0,Wednesday,6.29,1014.36,40.56,10.76,Cloudy
1358,2/26/2023,13:00:00,WINTER,2.0,SUNDAY,4.14,998.81,44.71,8.3,Rainy 
1314,2/24/2023,5:00 PM,Winter,2.0,Friday,5.67,1001.14,42.73,5.2,SUNNY
2104,3/29/2023,15:00:00,Spring,3.0,Wednesday,12.71,1015.09,46.33,13.77,Rainy
428,1/18/2023,19:00:00,Winter,1.0,Wednesday,7.34,1005.2,71.61,11.28,Rainy
2231,4/3/2023,22:00:00,Spring,4.0,Mon,26.42,1016.14,38.68,11.26,WINDY
881,2/6/2023,16:00:00,Winter,2.0,Monday,10.51,993.05,40.52,21.77,windy
2042,3/27/2023,1:00:00,Spring,3.0,Monday,9.16,1036.94,81.19,16.34,windy
2337,4/8/2023,8:00:00,Spring,4.0,Saturday,18.16,1011.71,59.96,16.5,Windy
370,1/16/2023,9:00:00,Winter,1.0,Monday,7.4,1016.36,41.69,9.38,sunny
478,1/20/2023,21:00:00,Winter,1.0,Friday,2.03,1014.14,80.99,25.39,Rainy 
1869,3/19/2023,20:00:00,Spring,3.0,Sunday,11.82,1023.2,53.57,22.38,Stormy
1266,2/22/2023,17:00:00,Winter,2.0,Wednesday,6.47,1021.38,49.97,3.95,foggy
695,1/29/2023,22:00:00,Winter,1.0,Sunday,6.72,1011.07,54.07,14.88,Cloudy
2682,4/22/2023,17:00:00,Spring,4.0,Saturday,21.19,1007.33,48.47,3.13,WINDY
106,1/5/2023,9:00:00,Winter,1.0,Thursday,18.3,1027.04,51.27,17.83,Rainy 
2952,5/3/2023,23:00:00,Spring,5.0,Wednesday,18.36,1008.5,33.67,13.29,CLOUDY
3189,5/13/2023,20:00:00,spring,5.0,Saturday,12.09,1014.76,28.89,9.61,windy
1598,3/8/2023,13:00:00,Spring,3.0,Wednesday,22.21,1019.04,25.87,11.98,Sunny 
584,1/25/2023,7:00:00,Winter,1.0,Wednesday,0.41,1010.14,68.36,15.45,cloudy
1252,2/22/2023,3:00:00,Winter,2.0,Wednesday,11.66,0,70.73,14.93,rainy
428,1/18/2023,19:00:00,Winter,1.0,Wednesday,7.34,1005.2,71.61,11.28,Rainy
1573,3/7/2023,12:00:00,Spring,3.0,Tuesday,25.24,1010.48,51.38,20.8,Cludy
1708,3/13/2023,3:00:00,Spring,3.0,Monday,17.14,1009.51,61.63,7.5,Rainy
273,1/12/2023,8:00:00,Winter,1.0,Thursday,6.7,1011.43,53.93,11.78,STORMY
2737,4/25/2023,0:00:00,Spring,4.0,Tuesday,22.59,1022.68,45.33,16.76, Foggy
2405,4/11/2023,4:00:00,Spring,4.0,Tuesday,23.08,1003.63,70.41,8.11,cloudy
3053,5/8/2023,4:00:00,Spring,5.0,Monday,24.49,1004.3,34.21,11.96,Rainy 
40,1/2/2023,15:00:00,Winter,1.0,Monday,17.33,1016.79,37.13,15.94,Cludy
2628,4/20/2023,11:00 AM,Spring,4.0,Thursday,20.46,1003.95,40.57,12,sunny
2934,5/3/2023,5:00:00,Spring,5.0,Wednesday,22.68,1011.46,43.41,11.32,rainy
10,1/1/2023,9:00:00,Winter,1.0,Sunday,9.04,997.32,35.08,13.18,Windy
2111,3/29/2023,22:00:00,Spring,3.0,Wednesday,14.02,1024.2,51.45,4.13,Cludy
1156,2/18/2023,3:00:00,Winter,2.0,saturday,5.73,1026.81,41.69,16.63,FOGGY
554,1/24/2023,1:00:00,Winter,1.0,Tuesday,12.41,1009.38,47.95,13.6,FOGGY
711,1/30/2023,14:00:00,Winter,1.0,Monday,9.48,1000.87,77.15,4.99,FOGGY
2062,3/27/2023,21:00:00,Spring,3.0,Monday,14.47,1002.2,55.3,9.6,STORMY
1180,2/19/2023,3:00:00,Winter,2.0,Sunday,19.94,1022.47,65.84,12.67,Rainy
1051,2/13/2023,18:00:00,WINTER,2.0,Monday,9.22,1004.28,40.22,6.18,WINDY
1277,2/23/2023,4:00:00,Winter,2.0,Thursday,10,1014.61,39.55,12.28,Rainy 
1948,3/23/2023,3:00:00,Spring,3.0,Thursday,17.71,1022.02,56.71,7.24,Stormy
706,1/30/2023,9:00 AM,WINTER,1.0,Monday,6.61,1019.76,54.27,3.57,Cludy
1522,3/5/2023,9:00:00,Spring,3.0,Sunday,17.52,1010.34,50.34,2.71,Cludy
210,1/9/2023,17:00:00,Winter,1.0,Monday,15.75,1005.01,69.76,10.72,RAINY
1089,2/15/2023,8:00:00,Winter,2.0,Wednesday,6.75,999.62,61.06,16.3,Windy
125,1/6/2023,4:00:00,Winter,1.0,Friday,2.81,1011.48,41.87,3.7,Sunny 
2886,5/1/2023,5:00:00,Spring,5.0,Monday,14.79,1021.89,59.13,17.48,rainy
3161,5/12/2023,16:00:00,Spring,5.0,Fri,10.75,1011.39,51.46,18.29,sunny
376,1/16/2023,15:00:00,Winter,1.0,Monday,11.89,1008.59,42.73,11.98,SUNNY
2759,4/25/2023,22:00:00,Spring,4.0,Tuesday,9.66,1020.92,41.83,6.09,foggy
3294,5/18/2023,5:00:00,Spring,5.0,Thursday,15.07,1017.07,64.82,18.77,STORMY
1202,2/20/2023,1:00:00,Winter,2.0,Monday,6.69,1000.23,43.91,15.91,SUNNY
742,1/31/2023,21:00:00,Winter,1.0,Tuesday,14.12,1010.93,60.29,8.58,Stormy
2287,4/6/2023,6:00:00,SPRING,4.0,Thursday,15.85,999.36,51.28,9.12,SUNNY
999,2/11/2023,14:00:00,Winter,2.0,Saturday,-1.88,1019.01,24.02,12.17,Sunny
1235,2/21/2023,10:00:00,Winter,2.0,Tuesday,8.02,1022.84,69.74,3.6,STORMY
2738,4/25/2023,1:00:00,Spring,4.0,Tuesday,14.22,0,44.61,18.16,Cloudy
3171,5/13/2023,2:00:00,Spring,5.0,Saturday,20.39,1014.25,65.31,2.54,SUNNY
2012,3/25/2023,19:00:00,Spring,3.0,Saturday,22.77,1019.31,45.56,7.76,stormy
2525,4/16/2023,4:00:00,Spring,4.0,Sunday,21.37,1015.44,49,8.5,FOGGY
1828,3/18/2023,3:00:00,Spring,3.0,Saturday,12.75,1005.22,150,7.46,STORMY
2643,4/21/2023,2:00:00,Spring,4.0,Friday,15.6,1026.03,27.28,8.87,windy
3344,5/20/2023,7:00:00,Spring,5.0,Saturday,19.09,1013.53,54.63,14.48,  Sunny  
3192,5/13/2023,23:00:00,Spring,5.0,Saturday,18.92,1017.95,55.22,13.14,Stormy
2855,4/29/2023,22:00:00,Spring,4.0,Saturday,17.83,1008.91,50.46,17.05,rainy
2591,4/18/2023,22:00:00,Spring,4.0,Tuesday,18.44,1007.15,58.68,4.54,foggy
3215,5/14/2023,22:00:00,Spring,5.0,Sunday,21.59,1014.78,55.16,3.6,rainy
1211,2/20/2023,10:00:00,Winter,2.0,Monday,3.97,1013.61,65.28,11.15,windy
1265,2/22/2023,16:00:00,Winter,2.0,Wednesday,11.55,1013.16,52.92,9.46,stormy
1427,3/1/2023,10:00:00,Spring,3.0,Wednesday,16.28,996.31,69.61,13.79,CLOUDY
3353,5/20/2023,16:00:00,Spring,5.0,Saturday,28.27,1016.68,43.8,14.51,stormy
2056,3/27/2023,15:00:00,Spring,3.0,Monday,9.74,1020.74,63.17,14.7,Cludy
253,1/11/2023,12:00:00,Winter,1.0,Wednesday,13.25,1008.72,74.76,13.19,Stormy
2863,4/30/2023,6:00:00,Spring,4.0,Sunday,22.81,999.62,46.28,6.87,cloudy
675,1/29/2023,2:00:00,Winter,1.0,Sunday,13.41,1002.5,64.33,19.97,Rainy 
3234,5/15/2023,17:00:00,Spring,5.0,Monday,22.72,1012.93,72.01,4.05,Rainy 
1871,3/19/2023,22:00:00,Spring,3.0,Sunday,16.87,1015.36,46.62,10.13,windy
740,1/31/2023,19:00:00,Winter,1.0,Tuesday,12.66,1011.11,72.03,5.36,STORMY
353,1/15/2023,16:00:00,Winter,1.0,Sunday,6.39,1010.99,74.92,15.34,foggy
1542,3/6/2023,5:00:00,Spring,3.0,Monday,25.9,1008.11,72.04,11.08,windy
3111,5/10/2023,14:00:00,Spring,5.0,Wednesday,19.47,1007.83,45.56,3.36,WINDY
54,1/3/2023,5:00:00,Winter,1.0,Tuesday,12.77,1018.21,50.27,16.55,STORMY
1504,3/4/2023,15:00:00,SPRING,3.0,Saturday,150,1021.75,62.19,6.83,foggy
1488,3/3/2023,23:00:00,Spring,3.0,Friday,9.67,1001.04,57.05,12.15,Rainy 
2504,4/15/2023,7:00:00,Spring,4.0,Saturday,11.42,1009.27,67.34,12.25,foggy
3396,5/22/2023,11:00:00,SPRING,5.0,Monday,18.28,1005.56,10.47,20.1,Sunny 
3179,5/13/2023,10:00:00,Spring,5.0,Saturday,17.38,1019.94,57.39,12.55,Sunny
1719,3/13/2023,14:00:00,Spring,3.0,Monday,11.25,1009.36,34.79,6.61,Foggy
889,2/7/2023,0:00:00,Winter,2.0,Tuesday,9.73,1033.09,27.4,11.81,Stormy
387,1/17/2023,2:00:00,Winter,1.0,Tuesday,4.99,1016.75,40.02,13.81,stormy
499,1/21/2023,18:00:00,Winter,1.0,Saturday,13.94,1018.67,60.27,18.42,windy
2500,4/15/2023,3:00:00,Spring,4.0,Saturday,8.01,1007.36,missing,15.87,windy
3043,5/7/2023,18:00:00,Spring,5.0,Sunday,17.62,1013.64,92.87,14.23,Stromy
693,1/29/2023,20:00:00,Winter,1.0,Sunday,5.42,1011.43,51.91,7.52,cloudy
1195,2/19/2023,18:00:00,Winter,2.0,Sun,7.88,1022.62,38.57,7.06,FOGGY
2149,3/31/2023,12:00:00,Spring,3.0,Friday,27.68,1014.09,53.56,10.81,Sunny 
13,1/1/2023,12:00:00,winter,1.0,Sunday,9.72,998.9,59.86,9.69,windy
224,1/10/2023,7:00:00,Winter,1.0,Tuesday,13.33,1022.35,75.73,15.89,Foggy
2015,3/25/2023,22:00:00,Spring,3.0,Saturday,18.4,1010.69,57.75,6.05,RAINY
354,1/15/2023,17:00:00,Winter,1.0,Sunday,10.28,1030.32,45.35,17.57,STORMY
2236,4/4/2023,3:00:00,Spring,4.0,Tuesday,25.08,1027.73,52.82,14.08,STORMY
1187,2/19/2023,10:00 AM,Winter,2.0,Sunday,16.02,1010.72,57.08,5.48,Stromy
912,2/7/2023,23:00:00,Winter,2.0,Tuesday,3.94,1004.09,58.88,13.28, Foggy
2431,4/12/2023,6:00:00,Spring,4.0,Wednesday,16.38,1014.9,56.55,12.14,Cloudy
952,2/9/2023,15:00:00,Winter,2.0,Thursday,3.54,1017.11,55.52,0.19,Windy
1640,3/10/2023,7:00:00,Spring,3.0,Fri,17.46,1021.9,65.28,20.41,windy
861,2/5/2023,20:00:00,Winter,2.0,Sunday,8.73,1008.09,57.11,21.53,SUNNY
2069,3/28/2023,4:00:00,Spring,3.0,Tuesday,15.34,1009.89,38.14,14.27,Sunny 
1775,3/15/2023,22:00:00,Spring,3.0,Wednesday,31.55,1012.49,41.84,3.56,sunny
2768,4/26/2023,7:00:00,Spring,4.0,Wednesday,25.37,1016.27,44.54,2.29,Cludy
2200,2-Apr-23,15:00:00,Spring,4.0,Sunday,15.43,1020.18,73.84,19.13,Stromy
1144,2/17/2023,15:00:00,Winter,2.0,Friday,12.04,1008.32,43.76,10.67,rainy
2285,4/6/2023,4:00:00,Spring,4.0,Thursday,17.03,1021.4,45.83,16.78,Windy
2364,4/9/2023,11:00:00,Spring,4.0,Sunday,14.87,1014.84,66.67,7.61,RAINY
2296,4/6/2023,15:00:00,Spring,4.0,Thursday,17.52,1009.89,51.76,14,stormy
1348,2/26/2023,3:00:00,Winter,2.0,Sunday,1.35,995.58,missing,12.97,SUNNY
790,2/2/2023,21:00:00,Winter,2.0,Thursday,1.81,1013.88,74.93,13.88,Sunny 
1060,2/14/2023,3:00:00,Winter,2.0,Tuesday,15.18,1010.22,76.8,11.53,CLOUDY
1423,3/1/2023,6:00:00,Spring,3.0,Wednesday,11.66,1011.65,56.03,1.52,stormy
2090,3/29/2023,1:00:00,Spring,3.0,Wednesday,17.72,1005.88,46.54,8.44,Sunny
849,2/5/2023,8:00:00,Winter,2.0,Sunday,7.63,1012.39,84.59,3.68,foggy
2044,3/27/2023,3:00:00,Spring,3.0,Monday,19.31,1006.73,47.94,18.73,cloudy
528,1/22/2023,23:00:00,Winter,1.0,Sunday,6.36,1017.83,46.84,11.02,Rainy 
629,1/27/2023,4:00:00,Winter,1.0,Friday,10.74,1010.96,53.12,13.97,Cloudy
1671,3/11/2023,14:00:00,Spring,3.0,Saturday,16.42,1015.14,65.73,11.69,Sunny 
2373,4/9/2023,20:00:00,Spring,4.0,sunday,150,1015.15,58.14,11.73,RAINY
2239,4/4/2023,6:00:00,Spring,4.0,Tuesday,13.31,1008.63,50.77,18.3,WINDY
3132,5/11/2023,11:00:00,Spring,5.0,Thursday,14.14,1018.23,38.93,20,windy
491,1/21/2023,10:00:00,Winter,1.0,Saturday,7.73,1015.28,62.82,15.87, Foggy
123,1/6/2023,2:00:00,Winter,1.0,FRIDAY,16.44,1020.05,54.88,20.88,CLOUDY
3041,5/7/2023,16:00:00,spring,5.0,Sunday,15.92,1018.64,58.53,12.34,Stormy
96,1/4/2023,23:00:00,Winter,1.0,WEDNESDAY,3.8,1008.2,23.14,8.85,sunny
1293,2/23/2023,20:00:00,Winter,2.0,Thursday,4.17,1003.98,59.65,4.36,Rainy 
1296,2/23/2023,23:00:00,Winter,2.0,Thursday,9.09,1009.43,51.99,14.21,STORMY
359,1/15/2023,22:00:00,Winter,1.0,Sunday,12.3,1008.34,52.49,13.7,SUNNY
2511,4/15/2023,14:00:00,Spring,4.0,saturday,18.62,1011.27,51.11,12.75,stormy
1669,3/11/2023,12:00:00,Spring,3.0,Saturday,19.85,1013.99,69.04,16.66, Foggy
704,1/30/2023,7:00:00,Winter,1.0,Monday,16.69,1010.43,82.49,16.88,RAINY
932,2/8/2023,19:00:00,Winter,2.0,Wednesday,4.89,1017.66,62.45,18.42,Sunny 
1875,3/20/2023,2:00:00,Spring,3.0,Monday,999,1030,13.39,-,FOGGY
680,1/29/2023,7:00:00,Winter,1.0,Sunday,11.13,1020.08,46.11,12.74,Sunny
1914,3/21/2023,17:00:00,Spring,3.0,Tuesday,999,1016.86,71.25,10,cloudy
344,1/15/2023,7:00:00,Winter,1.0,Sunday,1.14,1000.09,77.07,10.74,Windy
2246,4/4/2023,13:00:00,Spring,4.0,Tue,16.46,1023.95,53.52,16.96,Stormy
937,2/9/2023,0:00:00,Winter,2.0,Thursday,3.02,1011.55,22.34,13.07,Cloudy
346,1/15/2023,9:00:00,Winter,1.0,Sunday,11.39,1009.1,87.36,8.37,STORMY
1309,2/24/2023,12:00:00,Winter,2.0,Friday,2.72,1010.94,59.62,24.41,Stromy
74,1/4/2023,1:00:00,Winter,1.0,Wednesday,5.05,1019.8,60.36,7.84,STORMY
1223,2/20/2023,22:00:00,Winter,2.0,Monday,9.14,1018.09,42.67,4.68,Windy
454,1/19/2023,21:00:00,WINTER,1.0,Thursday,16.06,1020.17,50.97,6.65,Cludy
147,1/7/2023,2:00:00,Winter,1.0,Saturday,8.91,1014.99,48.11,6.9,Windy
2545,4/17/2023,0:00:00,Spring,4.0,Monday,17.61,1017.4,77.63,18.71,RAINY
1461,3/2/2023,20:00:00,Spring,3.0,Thursday,999,1003.43,32.6,0.74,Rainy
2011,3/25/2023,18:00:00,Spring,3.0,SATURDAY,16.99,missing,33.37,17.68,STORMY
429,1/18/2023,20:00:00,Winter,1.0,Wednesday,-2.86,1019.78,46.97,11.46,CLOUDY
308,1/13/2023,19:00:00,Winter,1.0,Friday,12.82,1030.68,46.64,3.78,foggy
2356,4/9/2023,3:00:00,Spring,4.0,sunday,19.46,1015.24,59.38,12.69,CLOUDY
2445,4/12/2023,20:00:00,spring,4.0,Wednesday,20,1014.33,67.55,14.21,sunny
2121,3/30/2023,8:00:00,Spring,3.0,Thursday,16.39,1012.74,83.69,4.05,Rainy 
1903,3/21/2023,6:00:00,Spring,3.0,Tuesday,16.12,1012.61,58.53,10.13,Windy
3317,5/19/2023,4:00:00,Spring,5.0,Friday,23.78,1022.01,51.39,16.61,Windy
2633,4/20/2023,16:00:00,Spring,4.0,Thursday,23.65,1013.25,78.11,8.84,RAINY
1013,2/12/2023,4:00:00,Winter,2.0,Sunday,7.48,1016.15,43.93,13.09,foggy
1803,3/17/2023,2:00:00,Spring,3.0,Friday,11.65,1022.24,90.51,9.73,STORMY
2128,3/30/2023,15:00:00,Spring,3.0,Thursday,15,1017.75,55.05,15.51,sunny
302,1/13/2023,13:00:00,winter,1.0,Friday,8.24,1013.32,44.47,8.02,foggy
256,1/11/2023,15:00:00,winter,1.0,Wednesday,10.61,1008.41,54.63,24.85,STORMY
1922,3/22/2023,1:00:00,Spring,3.0,Wednesday,22.97,1020.22,47.5,15.26,Sunny 
1036,2/13/2023,3:00:00,Winter,2.0,Monday,11.09,1026.11,60.72,13.87,Sunny
3389,5/22/2023,4:00:00,SPRING,5.0,Monday,15.38,1019.09,32.41,9.49,windy
62,1/3/2023,13:00:00,Winter,1.0,Tuesday,2,1010.32,47.88,8.08,Stromy
1378,2/27/2023,9:00:00,Winter,2.0,Monday,6.86,1011.87,57.03,16.37,Cludy
1512,3/4/2023,23:00:00,Spring,3.0,Saturday,18.55,1009.67,55.03,21.2,Cludy
2755,4/25/2023,18:00:00,Spring,4.0,Tuesday,17.13,1007.02,35.02,19.85,Windy
2169,4/1/2023,8:00:00,SPRING,4.0,SATURDAY,17.66,1022.55,49.87,17.41, Foggy
400,1/17/2023,15:00:00,Winter,1.0,Tuesday,11.1,1029.46,55.31,7.63,Sunny
122,1/6/2023,1:00:00,Winter,1.0,FRIDAY,4.22,1001.62,45.3,5.51,Cludy
1403,2/28/2023,10:00:00,Winter,2.0,Tuesday,12.49,1013.3,64.89,22.6,Rainy
2706,4/23/2023,17:00:00,Spring,4.0,Sunday,13.05,1012.49,31.4,14.23,WINDY
2229,4/3/2023,20:00:00,Spring,4.0,Monday,16.88,1015.26,52.71,14.6,stormy
806,2/3/2023,13:00:00,Winter,2.0,Friday,2.75,1019.06,75.56,-20,Rainy
176,1/8/2023,7:00:00,Winter,1.0,Sunday,5.39,1021.39,44.43,3.55,Windy
3423,5/23/2023,14:00:00,Spring,5.0,Tuesday,14.65,1019.43,84.53,7.87,Cloudy
2045,3/27/2023,4:00 AM,Spring,3.0,Monday,26,1025.23,66.36,10.48,CLOUDY
2990,5/5/2023,13:00:00,Spring,5.0,Friday,24.92,1016.17,42.5,18.4,sunny
2218,4/3/2023,9:00:00,spring,4.0,Mon,18.22,1002.07,70.87,12.49,Sunny 
3326,5/19/2023,13:00:00,Spring,5.0,Friday,18.79,1013.55,46.84,16.96, Foggy
530,1/23/2023,1:00:00,Winter,1.0,Monday,6.86,1005.05,16.56,10.85,Windy
3399,5/22/2023,14:00:00,Spring,5.0,Monday,10.15,1022.86,55.58,9.06,rainy
587,1/25/2023,10:00:00,Winter,1.0,wednesday,-2.77,1021.78,47.82,6.82,rainy
825,2/4/2023,8:00:00,Winter,2.0,SATURDAY,16.38,1005.44,37.7,18.82,STORMY
495,1/21/2023,14:00:00,winter,1.0,Saturday,13.62,1020.58,43.41,14.44,WINDY
155,1/7/2023,10:00:00,Winter,1.0,Saturday,8.55,1018.81,62.22,13.34,STORMY
37,1/2/2023,12:00:00,Winter,1.0,Monday,9.3,1019.25,36.45,4.08,Stormy
401,1/17/2023,16:00:00,Winter,1.0,Tuesday,7.09,1024,45.31,7.2,windy
212,1/9/2023,19:00:00,Winter,1.0,Monday,8.83,1016.94,59.34,26.73,sunny
654,1/28/2023,5:00:00,Winter,1.0,Saturday,6.99,1012.95,63.98,16.01,foggy
2476,4/14/2023,3:00:00,Spring,4.0,Fri,22.67,1015.96,38.24,11.75,WINDY
3266,5/17/2023,1:00:00,Spring,5.0,Wednesday,20.62,1030.36,61.97,18.9,stormy
101,1/5/2023,4:00:00,Winter,1.0,Thursday,0.03,1008.2,55.08,12.28,Sunny
1703,3/12/2023,22:00:00,Spring,3.0,Sunday,16.12,1002.56,61.62,3.4,cloudy
1513,3/5/2023,0:00:00,Spring,3.0,Sunday,11.27,1006.11,75.66,18.12,WINDY
2954,5/4/2023,1:00:00,Spring,5.0,Thursday,16.58,1025.54,64.68,16.22,foggy
1328,2/25/2023,7:00:00,Winter,2.0,Saturday,4.21,1005.17,50.91,19.4,Stormy
1337,2/25/2023,16:00:00,Winter,2.0,Saturday,6.35,1026.4,50.88,1.21,Windy
1506,3/4/2023,17:00:00,Spring,3.0,Saturday,19.25,1016.19,92.38,10.35,FOGGY
2785,4/27/2023,0:00:00,Spring,4.0,Thursday,13.2,1003.54,46.93,10.9,FOGGY
1482,3/3/2023,17:00:00,Spring,3.0,Friday,9.24,1006.11,65.09,13,Windy
907,2/7/2023,18:00:00,Winter,2.0,Tuesday,17.49,1005.42,42.49,16.58,stormy
3193,5/14/2023,0:00:00,Spring,5.0,Sunday,16.78,1013.92,74.47,15.88,Sunny 
3425,5/23/2023,16:00:00,Spring,5.0,Tuesday,21.58,1020.29,40.57,14.61,stormy
780,2/2/2023,11:00:00,Winter,2.0,Thursday,7.03,1006.95,70.73,21.93,Foggy
2417,4/11/2023,16:00:00,Spring,4.0,Tuesday,15.04,1023.19,53.3,9.7,SUNNY
997,2/11/2023,12:00:00,WINTER,2.0,Saturday,9.21,996.34,63.3,8.71,STORMY
3195,5/14/2023,2:00:00,Spring,5.0,Sunday,12.57,1023.15,13.26,11.48, Foggy
1712,3/13/2023,7:00:00,Spring,3.0,Monday,30.21,1016.5,56.38,14.86,Windy
1917,3/21/2023,20:00:00,Spring,3.0,Tuesday,22.47,1018.14,39.55,9.1,Foggy
1885,3/20/2023,12:00:00,Spring,3.0,Monday,15.84,996.04,43.96,10.13,sunny
3360,5/20/2023,23:00:00,Spring,5.0,Saturday,3.9,1019.67,69.01,9.41,Windy
1079,2/14/2023,22:00:00,Winter,2.0,Tuesday,10.47,1016.07,48.86,18.04,Cludy
792,2/2/2023,23:00:00,Winter,2.0,Thursday,2.23,998.99,49.15,12.95,Stormy
2815,4/28/2023,6:00:00,Spring,4.0,Friday,4.35,1013.04,48.11,5.62,Stormy
2173,4/1/2023,12:00:00,Spring,4.0,Sat,28.19,1014.18,62.66,-20,Sunny 
2254,4/4/2023,21:00:00,Spring,4.0,Tuesday,5.4,1014.19,51.79,6.14,sunny
325,1/14/2023,12:00:00,Winter,1.0,Saturday,12.6,1010.68,59.01,13.93,Stormy
720,1/30/2023,23:00:00,Winter,1.0,Monday,3.32,1007.66,59.38,10.88,Stromy
2135,3/30/2023,22:00:00,Spring,3.0,thursday,150,1026.58,59.98,15.88, Foggy
2705,4/23/2023,16:00:00,Spring,4.0,Sunday,18.48,1014.62,54.94,22.23,foggy
58,1/3/2023,9:00:00,Winter,1.0,Tuesday,4.42,1018.44,44.04,13.3,Cludy
378,1/16/2023,17:00:00,Winter,1.0,Monday,999,1024.82,37.87,10.84,stormy
3133,5/11/2023,12:00 PM,Spring,5.0,Thursday,21.76,1013.16,55,8.66,WINDY
2724,4/24/2023,11:00 AM,Spring,4.0,Monday,17.85,1017.2,49.96,13.61,foggy
1073,2/14/2023,16:00:00,Winter,2.0,Tuesday,15.55,1017.84,62.63,9.42,FOGGY
1315,2/24/2023,18:00:00,Winter,2.0,Friday,5.94,1007.09,30.59,24.14,windy
1796,3/16/2023,19:00:00,Spring,3.0,Thursday,19.57,1010.13,65.95,6.41,Rainy
3358,5/20/2023,21:00:00,Spring,5.0,Saturday,15.94,1012.79,45.13,-20,Sunny
821,2/4/2023,4:00:00,Winter,2.0,Saturday,3.69,1013.24,22.71,17.26,Cloudy
2604,4/19/2023,11:00:00,Spring,4.0,Wednesday,12.65,1008.78,55.05,10.83,CLOUDY
1908,3/21/2023,11:00:00,Spring,3.0,Tuesday,9.97,1016.16,71.09,6.88,Sunny 
2207,4/2/2023,22:00:00,Spring,4.0,Sunday,22.42,1002.07,38.78,14.02,Sunny 
1920,3/21/2023,23:00:00,Spring,3.0,Tue,16.93,984.19,44.48,6.75,windy
1921,3/22/2023,0:00:00,Spring,3.0,Wednesday,20.66,1006.56,51.77,21.25,Rainy
1884,3/20/2023,11:00:00,Spring,3.0,Monday,18.44,1009.48,47.07,5.55,Cloudy
2623,4/20/2023,6:00:00,Spring,4.0,Thursday,13.07,1006.81,39.88,12.51,STORMY
1108,2/16/2023,3:00 AM,Winter,2.0,Thu,8.51,1009.14,28.28,1.38,FOGGY
942,2/9/2023,5:00:00,WINTER,2.0,Thursday,9.13,1013.14,40.37,19.82,Stromy
3283,5/17/2023,18:00:00,SPRING,5.0,Wednesday,11.34,1020.53,54.65,19.3,FOGGY
877,2/6/2023,12:00:00,Winter,2.0,Monday,5.49,1002.02,59.84,11.63,Rainy 
3270,5/17/2023,5:00:00,Spring,5.0,Wednesday,20.01,1027.84,70.3,15.21,Stromy
2946,5/3/2023,17:00:00,Spring,5.0,Wednesday,17.6,1008.11,27.46,9.35,SUNNY
2678,4/22/2023,13:00:00,SPRING,4.0,Saturday,17.09,1008.56,72.62,24.7,windy
407,1/17/2023,22:00:00,Winter,1.0,Tuesday,17.37,1021.64,48.29,19.69, Foggy
3230,5/15/2023,13:00:00,Spring,5.0,Monday,18.49,1010.92,42.52,5.49,Stromy
569,1/24/2023,16:00:00,Winter,1.0,Tuesday,4.62,1013.27,38.69,5.49,WINDY
2984,5/5/2023,7:00:00,Spring,5.0,Friday,16,1020.25,49.36,13.57,CLOUDY
1685,3/12/2023,4:00:00,Spring,3.0,Sunday,22.06,1015.66,99.03,5.83,CLOUDY
2575,4/18/2023,6:00:00,Spring,4.0,Tuesday,6.22,1025.6,71.3,14.67,cloudy
3114,5/10/2023,17:00:00,Spring,5.0,Wednesday,20.75,1008.76,48.63,8.98,STORMY
1313,2/24/2023,16:00:00,Winter,2.0,Friday,12.1,1016.39,40.51,8.77,Foggy
3096,5/9/2023,23:00:00,Spring,5.0,Tuesday,17.61,1032,44.76,9.83,FOGGY
679,1/29/2023,6:00:00,WINTER,1.0,Sunday,10.5,1001.81,60.51,0.6,Sunny
2869,4/30/2023,12:00:00,Spring,4.0,Sunday,12.19,1011.71,48.03,20.54,Windy
2921,5/2/2023,16:00:00,Spring,5.0,Tuesday,13.05,1010.71,84.28,12.47,Sunny
1057,14/02/2023,0:00:00,Winter,2.0,Tuesday,1.13,1017.16,83.03,14.52,WINDY
1621,3/9/2023,12:00:00,Spring,3.0,thursday,21.47,996.78,41.71,10,Stormy
1722,3/13/2023,17:00:00,Spring,3.0,Monday,18.9,1006.48,32.86,22.83,Stromy
1219,2/20/2023,18:00:00,Winter,2.0,Monday,1.78,1014.86,45.88,5.91,FOGGY
2592,4/18/2023,23:00:00,Spring,4.0,Tuesday,13.28,1018.17,39.77,15.23,Windy
3137,5/11/2023,16:00:00,Spring,5.0,Thursday,14.75,1006.93,51.57,13.01,WINDY
480,1/20/2023,23:00:00,Winter,1.0,Friday,4.06,1008.03,52.48,9.17,Sunny
1384,2/27/2023,15:00:00,Winter,2.0,Monday,14.58,1014.68,52.59,27.01,Rainy 
1355,2/26/2023,10:00:00,Winter,2.0,Sunday,6.09,997.19,46.45,4.93,Rainy
3099,5/10/2023,2:00:00,Spring,5.0,Wednesday,24.68,1006.8,44.56,11.04,WINDY
795,2/3/2023,2:00:00,Winter,2.0,Friday,0.67,1008.99,69.63,15.09,Cludy
2195,4/2/2023,10:00:00,Spring,4.0,Sunday,16.28,1022.14,72.36,10.97,RAINY
992,2/11/2023,7:00:00,Winter,2.0,Saturday,4.96,1015.9,59.67,0.66,CLOUDY
2831,4/28/2023,22:00:00,Spring,4.0,Friday,19.9,1018.53,57.14,21.62,STORMY
3078,5/9/2023,5:00:00,Spring,5.0,Tuesday,20.76,1028.18,79.53,14.65,CLOUDY
941,2/9/2023,4:00:00,Winter,2.0,Thursday,9.61,1012.91,42.8,16.94,Windy
2647,4/21/2023,6:00:00,Spring,4.0,Friday,13.79,1002.86,67.39,13.93,Sunny
1120,2/16/2023,15:00:00,Winter,2.0,Thursday,5.69,1019.05,34.08,18.32,Cloudy
1042,2/13/2023,9:00:00,Winter,2.0,Monday,5.84,1019.35,50.54,10.52,CLOUDY
3109,5/10/2023,12:00:00,Spring,5.0,Wednesday,9.95,1015.62,43.35,10.51,Foggy
2179,4/1/2023,18:00:00,Spring,4.0,Saturday,12.16,1010.37,71.62,15.4,WINDY
2699,4/23/2023,10:00:00,Spring,4.0,Sunday,18.27,1016.53,67.8,10.33,Cludy
ID_129,1/6/2023,8:00:00,Winter,1.0,Friday,6.81,1005.74,46.35,16.53,Cludy
600,1/25/2023,23:00:00,Winter,1.0,Wednesday,3.39,1004.97,58.11,12.42,STORMY
608,1/26/2023,7:00:00,Winter,1.0,Thursday,13.62,1010.33,63.47,5.88,Stromy
1653,3/10/2023,20:00:00,Spring,3.0,Friday,14.06,1014.63,65.23,17.78,Sunny 
2113,3/30/2023,0:00:00,Spring,3.0,thursday,14.07,1015.66,28.67,14.72,Sunny
1407,2/28/2023,14:00:00,Winter,2.0,Tuesday,16.58,1012.22,59.92,17.71,Rainy 
517,1/22/2023,12:00:00,Winter,1.0,Sunday,?,1008.34,18.42,11.19,Foggy
1991,3/24/2023,22:00:00,Spring,3.0,Fri,14.85,1026.1,43.3,16.41,STORMY
2902,5/1/2023,21:00:00,Spring,5.0,Mon,15.28,1004.38,42.93,13.35,stormy
1515,3/5/2023,2:00:00,Spring,3.0,Sunday,18.37,1021.21,94.63,15.59, Foggy
1597,3/8/2023,12:00 PM,Spring,3.0,Wednesday,20.2,1023.14,54.63,3.47,SUNNY
2483,4/14/2023,10:00:00,Spring,4.0,Friday,21.44,1017.38,44.42,6.92,WINDY
1007,2/11/2023,22:00:00,Winter,2.0,Saturday,4.61,1010.45,43.28,10.44,foggy
3010,5/6/2023,9:00:00,Spring,5.0,Saturday,16.69,994.31,81.02,5.58,windy
944,2/9/2023,7:00:00,WINTER,2.0,Thursday,4.09,1006.92,28.43,14.83,Foggy
214,1/9/2023,21:00:00,Winter,1.0,Monday,4.81,1022.51,76.31,8.58,Rainy
1053,2/13/2023,20:00:00,Winter,2.0,Monday,3.72,1003.99,51.15,8.77,Cloudy
1049,2/13/2023,16:00:00,Winter,2.0,Monday,14.42,993.59,150,9.02,windy
399,17-Jan-23,14:00:00,Winter,1.0,Tuesday,10.18,1020.23,19.56,5.94,Stromy
65,1/3/2023,16:00:00,Winter,1.0,Tuesday,14.33,1007.34,61.66,16.65,windy
1660,3/11/2023,3:00:00,Spring,3.0,Saturday,19.91,1002.5,49.04,11.75,Cludy
2087,3/28/2023,22:00:00,Spring,3.0,Tuesday,8.05,1015.66,49.35,13.9,Sunny
ID_1468,3/3/2023,3:00:00,Spring,3.0,Friday,14.73,1009.91,45.47,13.25,Windy
1785,3/16/2023,8:00:00,Spring,3.0,Thursday,14.74,1008.11,47.08,20.12, Foggy
535,1/23/2023,6:00:00,winter,1.0,Monday,8.51,1025.39,36.41,3.19,foggy
1753,3/15/2023,0:00:00,Spring,3.0,Wednesday,24.73,1024.55,59.37,12.19,sunny
3079,5/9/2023,6:00:00,Spring,5.0,Tuesday,13.81,1002.52,49.19,16.52,WINDY
402,1/17/2023,17:00:00,Winter,1.0,Tuesday,5.59,1005.37,56.84,21.75, Foggy
2473,4/14/2023,0:00:00,Spring,4.0,Friday,19.28,1004.05,73.78,17.49,Sunny
973,2/10/2023,12:00:00,Winter,2.0,Friday,8.72,1019.8,65.39,15.5,Windy
2762,4/26/2023,1:00:00,Spring,4.0,Wednesday,17.98,1019.88,76.83,8.47,Foggy
2233,4/4/2023,0:00:00,Spring,4.0,Tuesday,12.98,1014.01,49.5,13.06,stormy
226,1/10/2023,9:00 AM,Winter,1.0,Tuesday,9.84,1009.85,55.43,19.67,Rainy
204,1/9/2023,11:00:00,WINTER,1.0,Monday,15.23,1014.57,70.48,3.09,foggy
2224,4/3/2023,15:00:00,Spring,4.0,Monday,13.32,1004.39,38.15,24.27,foggy
3248,5/16/2023,7:00:00,Spring,5.0,Tuesday,15.69,1016.64,51.37,8.46,Sunny
936,2/8/2023,23:00:00,Winter,2.0,Wednesday,4.43,1017.17,59.83,13.01,Foggy
3026,5/7/2023,1:00:00,Spring,5.0,Sunday,9.82,1005.65,52.75,18.67,FOGGY
2581,4/18/2023,12:00:00,Spring,4.0,Tuesday,19.26,1017.79,70.56,10.35,Cloudy
124,1/6/2023,3:00:00,Winter,1.0,Friday,8.39,1006.11,77.85,15.23,foggy
988,2/11/2023,3:00:00,Winter,2.0,Saturday,6.6,1002.77,62.73,6.99,stormy
1680,3/11/2023,23:00:00,Spring,3.0,Saturday,23.24,200,81.17,17.16,FOGGY
1882,3/20/2023,9:00:00,Spring,3.0,Monday,17.63,1006.67,70.24,9.58,Foggy
1490,3/4/2023,1:00:00,Spring,3.0,Saturday,17.38,1017.82,48.32,24.32,Windy
2471,4/13/2023,22:00:00,Spring,4.0,Thursday,18.23,1011.06,37.01,14.69,Cludy
2190,2-Apr-23,5:00:00,Spring,4.0,SUNDAY,15.51,1015.35,57.45,20.77,STORMY
2576,4/18/2023,7:00:00,Spring,4.0,Tuesday,27.54,1005.18,83.31,6.21,  foggy  
3375,5/21/2023,14:00:00,Spring,5.0,Sun,10.85,1023.29,56.82,10.78,Stromy
1253,2/22/2023,4:00:00,Winter,2.0,Wednesday,4.33,1011.87,78.97,16.4,Foggy
3169,5/13/2023,0:00:00,Spring,5.0,Saturday,16.45,1011.62,31.22,14.14,WINDY
2321,4/7/2023,16:00:00,Spring,4.0,Friday,23.72,1013.85,42.35,16.21,Sunny
1097,2/15/2023,16:00:00,Winter,2.0,Wednesday,4.96,1009.77,44.71,3.4,windy
1196,2/19/2023,19:00:00,Winter,2.0,Sunday,9.4,1015.33,29.64,6.13,sunny
701,1/30/2023,4:00:00,WINTER,1.0,Monday,8.92,1034.54,60.25,5.98,STORMY
2381,4/10/2023,4:00 AM,SPRING,4.0,MONDAY,23.15,1028.86,69.31,25.03,FOGGY
1307,2/24/2023,10:00:00,Winter,2.0,friday,22.68,1004.41,48.57,14.5,Rainy
1683,3/12/2023,2:00:00,Spring,3.0,Sunday,12.78,1027.27,80.22,6.7,WINDY
1121,2/16/2023,16:00:00,Winter,2.0,Thursday,2.03,1015.29,42.32,15.32,stormy
2108,3/29/2023,19:00:00,SPRING,3.0,Wednesday,9.1,1008.74,43.5,11.53,Rainy 
1748,3/14/2023,19:00:00,Spring,3.0,Tuesday,17.89,1012.54,63.82,17.77,STORMY
3282,5/17/2023,17:00:00,Spring,5.0,Wednesday,19.75,993.23,70.8,9.03,STORMY
1897,3/21/2023,0:00:00,Spring,3.0,Tuesday,21.31,1006.42,39.41,16.91,rainy
2743,4/25/2023,6:00:00,Spring,4.0,TUESDAY,21.05,1016.8,60.66,10.91,FOGGY
2925,5/2/2023,20:00:00,spring,5.0,Tuesday,14.85,1003.14,61.43,3.26,Rainy 
1959,3/23/2023,14:00:00,Spring,3.0,Thursday,21.21,1010.84,58.27,7.05,SUNNY
175,1/8/2023,6:00:00,Winter,1.0,Sunday,9.63,1002.99,68.86,10.89,RAINY
617,1/26/2023,16:00:00,Winter,1.0,Thursday,12.35,1020.1,43.55,12.23,  stormy  
3351,5/20/2023,14:00:00,Spring,5.0,Saturday,12.74,1005.18,54.23,7.37,Stromy
1888,3/20/2023,15:00:00,Spring,3.0,Monday,21.7,1026.44,-15,23.5,SUNNY
1723,3/13/2023,18:00:00,Spring,3.0,Monday,14.83,1012.23,70.16,33.17,Sunny
3338,5/20/2023,1:00:00,Spring,5.0,Saturday,8.18,1008.4,40.41,14.8,FOGGY
386,1/17/2023,1:00:00,Winter,1.0,Tuesday,7.86,1027.18,79.92,9.26,Rainy
534,1/23/2023,5:00:00,Winter,1.0,Monday,11.36,1017.73,49.69,8.56,Stormy
2919,5/2/2023,14:00:00,Spring,5.0,Tuesday,11.37,1029.84,24.08,7.2,STORMY
2151,3/31/2023,14:00:00,Spring,3.0,Friday,16.08,1006.9,93.79,14.51,SUNNY
2016,3/25/2023,23:00:00,Spring,3.0,Saturday,18.53,1014.2,32.45,17.97, Foggy
2032,3/26/2023,15:00:00,Spring,3.0,Sunday,16.33,1020.08,68.19,6.32,CLOUDY
3007,5/6/2023,6:00:00,Spring,5.0,Saturday,22.83,1016.93,38.09,26.69,stormy
1074,2/14/2023,17:00:00,WINTER,2.0,Tuesday,0.58,1011.33,73.1,2.84,Stormy
1767,3/15/2023,14:00:00,Spring,3.0,WEDNESDAY,19.18,1005.49,49.23,10.77,windy
90,1/4/2023,17:00:00,winter,1.0,Wednesday,7.91,1010.69,59.84,7.04,Windy
2808,4/27/2023,23:00:00,Spring,4.0,Thursday,16.69,1013.08,59.54,8.47,WINDY
1136,2/17/2023,7:00:00,Winter,2.0,Friday,2.8,1028.56,27.68,8.41,Cloudy
1026,2/12/2023,17:00:00,Winter,2.0,Sunday,0.5,1006.77,75.27,17.32,cloudy
2080,3/28/2023,15:00:00,Spring,3.0,Tuesday,17.06,1019.72,42.62,9.04,cloudy
2528,4/16/2023,7:00:00,Spring,4.0,Sunday,17.62,1023.51,44.55,23.19,Foggy
885,2/6/2023,8:00 PM,Winter,2.0,Monday,11.39,1006.5,54.26,11.04,RAINY
2939,5/3/2023,10:00:00,Spring,5.0,Wednesday,13.37,1010.91,46.01,19.41,Sunny 
1614,3/9/2023,5:00:00,Spring,3.0,Thursday,12.51,1008.05,32.4,5.97,sunny
3400,5/22/2023,15:00:00,Spring,5.0,Monday,18.84,1018.87,250,13.88,STORMY
1278,2/23/2023,5:00:00,Winter,2.0,thursday,999,1013.65,47.79,27.24,Foggy
2649,4/21/2023,8:00:00,Spring,4.0,Friday,17.59,1019.68,60.04,15,CLOUDY
1880,3/20/2023,7:00:00,Spring,3.0,Monday,26.91,1011.02,19.32,16.02,Cloudy
452,1/19/2023,19:00:00,Winter,1.0,Thursday,-1.02,1000.33,59.01,15.05,STORMY
561,1/24/2023,8:00:00,Winter,1.0,Tuesday,8.53,1017.68,84.65,2.61,Cludy
1741,3/14/2023,12:00:00,Spring,3.0,Tuesday,23.58,1014.86,62.48,9.95,STORMY
48,1/2/2023,23:00:00,Winter,1.0,Monday,3.77,1000.88,48.3,17.14,WINDY
105,1/5/2023,8:00:00,Winter,1.0,Thursday,15.76,1013.93,72.69,12.41,sunny
2930,5/3/2023,1:00:00,Spring,5.0,wednesday,19.86,1007.12,42.3,22.46,windy
2251,4/4/2023,18:00:00,Spring,4.0,Tuesday,21.83,1021.59,62.48,0.35,STORMY
1472,3/3/2023,7:00:00,Spring,3.0,Friday,10.61,1026.38,43.94,6.99,foggy
503,1/21/2023,22:00:00,Winter,1.0,saturday,11.3,1020.5,30.89,7.42,Stromy
2329,4/8/2023,0:00:00,Spring,4.0,Saturday,23.39,1012.31,53.05,2.78,Sunny 
413,1/18/2023,4:00:00,Winter,1.0,Wednesday,13.94,1033.72,63.69,13.95,WINDY
458,1/20/2023,1:00:00,Winter,1.0,Friday,7.51,1013.15,65.62,13.4,Stromy
2515,4/15/2023,18:00:00,Spring,4.0,Saturday,16.89,999.54,62.17,3.36,Rainy
497,1/21/2023,16:00:00,Winter,1.0,Saturday,12.77,1017.1,65.88,15.1,SUNNY
1203,2/20/2023,2:00:00,Winter,2.0,Monday,15.14,1009.64,66.35,0.52,foggy
2458,4/13/2023,9:00:00,Spring,4.0,Thursday,20.61,1007.77,39.72,7.11,foggy
1445,3/2/2023,4:00:00,Spring,3.0,Thursday,20.26,1010.15,55.44,16.19,SUNNY
529,1/23/2023,0:00:00,Winter,1.0,Monday,8.2,1004.98,66.11,8.92,Windy
1452,3/2/2023,11:00:00,Spring,3.0,Thursday,23.89,0,20.44,9.83,Rainy 
1529,3/5/2023,16:00:00,Spring,3.0,Sunday,20.4,1006.02,51.9,5.81,Windy
2750,4/25/2023,13:00:00,Spring,4.0,Tuesday,19.63,1022.43,66.87,10.29,sunny
1927,3/22/2023,6:00:00,Spring,3.0,Wednesday,14.19,1010.6,78.64,11.71,Sunny 
1116,2/16/2023,11:00 AM,Winter,2.0,Thursday,-80,1027.79,67.65,18.98,windy
719,1/30/2023,22:00:00,Winter,1.0,Monday,150,1008.32,54.53,6.54,Rainy 
1004,2/11/2023,19:00:00,Winter,2.0,Saturday,3.08,1014.59,53.81,8.53,Sunny 
3005,5/6/2023,4:00:00,Spring,5.0,Saturday,21.09,1007.18,64.57,13.28,SUNNY
1189,2/19/2023,12:00:00,Winter,2.0,Sunday,6.82,1009.74,46.98,13.77,Sunny 
2481,4/14/2023,8:00:00,Spring,4.0,friday,12.85,1014.82,29.22,-20,Cludy
789,2/2/2023,20:00:00,Winter,2.0,THURSDAY,-6.53,1010,39.42,2.21,Windy
2040,3/26/2023,23:00:00,Spring,3.0,Sunday,18.91,1004.71,61.54,7.43,Windy
2418,4/11/2023,17:00:00,Spring,4.0,tuesday,13.38,1015.15,57.81,14.33,STORMY
51,1/3/2023,2:00:00,Winter,1.0,Tuesday,9.79,200,71.25,18.32, Foggy
1732,3/14/2023,3:00:00,Spring,3.0,Tuesday,7.84,1002.43,55.32,5.21,  Cloudy  
3042,5/7/2023,17:00:00,Spring,5.0,Sunday,25.79,1018.3,44.64,11.48,Sunny
1815,3/17/2023,14:00:00,spring,3.0,Friday,17.58,1018.19,46.23,26.71,stormy
2020,3/26/2023,3:00:00,Spring,3.0,Sunday,17.59,1022.09,60.39,20.01,rainy
3237,5/15/2023,20:00:00,Spring,5.0,Monday,12.07,1019.66,67.31,6.15,Rainy 
2288,4/6/2023,7:00:00,SPRING,4.0,Thursday,15.42,1016.33,64.88,-20,cloudy
2426,4/12/2023,1:00:00,Spring,4.0,Wednesday,16.77,1016.57,63.81,12.04,RAINY
2037,3/26/2023,20:00:00,Spring,3.0,Sunday,23.42,1012.8,64.42,21.99,Foggy
1596,3/8/2023,11:00:00,Spring,3.0,Wednesday,28.29,1001.49,47.27,11.24,Foggy
1480,3/3/2023,15:00:00,Spring,3.0,Friday,21.99,998.01,64.69,5.41,Stormy
1051,2/13/2023,18:00:00,WINTER,2.0,Monday,9.22,1004.28,40.22,6.18,WINDY
1562,3/7/2023,1:00:00,Spring,3.0,Tuesday,14.98,1016.98,63.06,15.85, Foggy
3388,5/22/2023,3:00:00,Spring,5.0,Monday,28.53,1019.11,66.86,13.02,sunny
934,2/8/2023,21:00:00,winter,2.0,Wednesday,150,1014.16,66.9,11.27,sunny
3401,5/22/2023,16:00:00,Spring,5.0,Monday,13.55,1013.45,82.25,20.09,Foggy
316,1/14/2023,3:00:00,Winter,1.0,Saturday,10.79,1013.61,63.08,6.48,Rainy 
1106,2/16/2023,1:00:00,Winter,2.0,Thursday,14.85,1004.31,73.83,17.68,WINDY
3203,5/14/2023,10:00:00,Spring,5.0,Sunday,16.06,1014.78,76.44,10.18,  Rainy   
245,1/11/2023,4:00:00,Winter,1.0,Wednesday,5.74,993.61,31.24,16.56,RAINY
1242,2/21/2023,17:00:00,Winter,2.0,Tuesday,4.72,1011.11,40.91,18.72,Stromy
2646,4/21/2023,5:00:00,Spring,4.0,FRIDAY,12.56,1035.41,47.69,1.31, Foggy
1281,2/23/2023,8:00:00,Winter,2.0,Thursday,1.1,1009.51,51.14,11.58,RAINY
1798,3/16/2023,21:00:00,Spring,3.0,Thursday,16.58,996.8,57.37,12.2,rainy
1684,3/12/2023,3:00:00,Spring,3.0,Sunday,18.74,1007.56,64.22,15.06,Stromy
2981,5/5/2023,4:00:00,SPRING,5.0,FRIDAY,21.57,1015.47,57.01,8.33,Rainy
191,1/8/2023,22:00:00,Winter,1.0,Sunday,5.12,1013.98,93.4,11.42,rainy
2327,4/7/2023,22:00:00,Spring,4.0,Friday,22.98,1020.5,67.45,14.24,Stromy
366,1/16/2023,5:00:00,Winter,1.0,Monday,7.31,1003.21,51.86,6.9,RAINY
1163,2/18/2023,10:00:00,Winter,2.0,Saturday,-0.08,1011.16,51.27,15.76,stormy
2552,4/17/2023,7:00:00,Spring,4.0,Monday,18,1022.57,77.74,2.95,windy
1905,3/21/2023,8:00:00,Spring,3.0,Tuesday,18.81,1024.96,35.31,14.36,WINDY
468,1/20/2023,11:00:00,Winter,1.0,Friday,2.55,1009.71,38.41,10.71,RAINY
2215,4/3/2023,6:00:00,Spring,4.0,Monday,19.04,1014.06,30.95,1.11,Windy
1268,2/22/2023,19:00:00,Winter,2.0,Wednesday,7.9,1015.31,37.32,10.68,sunny
2311,4/7/2023,6:00:00,Spring,4.0,Friday,21.91,1012.48,54.8,5.36,cloudy
2587,4/18/2023,18:00:00,Spring,4.0,Tuesday,21.09,1007.61,68.32,20.39,windy
626,1/27/2023,1:00:00,Winter,1.0,Friday,10.85,1020.75,50.03,8.33,WINDY
537,1/23/2023,8:00:00,Winter,1.0,Monday,6.88,1024.92,30.99,7.03,Sunny
345,1/15/2023,8:00:00,Winter,1.0,Sunday,4.65,1021.32,45.92,22.96,Rainy 
1716,3/13/2023,11:00:00,Spring,3.0,Monday,13.87,1027.77,84,13.54,Sunny
1145,2/17/2023,16:00:00,Winter,2.0,Friday,2.12,1027.56,46.5,16.99,SUNNY
390,1/17/2023,5:00:00,Winter,1.0,Tuesday,12.57,1006.57,77.39,10.37,RAINY
2422,4/11/2023,21:00:00,Spring,4.0,Tuesday,14.1,1020.94,26.76,2.86,Rainy
2741,4/25/2023,4:00:00,Spring,4.0,Tuesday,3.13,1002.87,43.78,13.75,WINDY
2851,4/29/2023,18:00:00,Spring,4.0,Saturday,17.2,1007.27,45.42,5.52,Stormy
1559,3/6/2023,22:00:00,Spring,3.0,Monday,17.08,993.1,51.67,17.82,Sunny
3369,5/21/2023,8:00:00,Spring,5.0,Sunday,10.23,1021.04,32.42,14.41,Sunny
12,1/1/2023,11:00:00,Winter,1.0,Sunday,0.61,1007.24,48.09,18.34,Cludy
2461,4/13/2023,12:00:00,Spring,4.0,Thursday,12.47,1023.68,46.79,4.49,Windy
1305,2/24/2023,8:00:00,Winter,2.0,Friday,9.45,1008.94,47.29,4.81,sunny
2707,4/23/2023,18:00:00,Spring,4.0,Sunday,12.42,1010.77,49.42,13.69,STORMY
76,1/4/2023,3:00:00,winter,1.0,WEDNESDAY,3.86,1008.52,66.21,15.66,Windy
1014,2/12/2023,5:00:00,Winter,2.0,Sunday,10.3,1014.56,39.7,13.24,rainy
3212,5/14/2023,19:00:00,Spring,5.0,Sunday,28.79,1013.29,82.21,4.98,SUNNY
1428,1/3/2023,11:00:00,Spring,3.0,Wednesday,14.13,1028.19,56.31,5.78,CLOUDY
2198,4/2/2023,13:00:00,Spring,4.0,Sunday,21.4,1007.32,23.28,9.46,sunny
2964,5/4/2023,11:00:00,Spring,5.0,Thu,24.16,1016.5,46.54,1.95,stormy
3233,5/15/2023,16:00:00,Spring,5.0,Monday,10.61,995.16,44.21,8.25,foggy
844,2/5/2023,3:00:00,Winter,2.0,Sunday,15.25,1027.46,29.76,5.86,Stromy
1866,3/19/2023,17:00:00,Spring,3.0,Sunday,14.97,1012.74,37.29,5.09,Stormy
2278,4/5/2023,21:00:00,Spring,4.0,Wednesday,25.66,1016.36,82.72,15.24,  sunny  
1463,3/2/2023,22:00:00,Spring,3.0,Thursday,13.39,1008.48,58.65,9.18,Stormy
1987,3/24/2023,18:00:00,Spring,3.0,Fri,20.06,1005.47,71.81,16.83,stormy
2687,4/22/2023,22:00:00,Spring,4.0,Saturday,26.39,1012.42,52.27,6.35,RAINY
1269,2/22/2023,20:00:00,Winter,2.0,WEDNESDAY,11.05,1000.56,58.01,12.6,Cloudy
923,2/8/2023,10:00:00,Winter,2.0,Wednesday,14.38,1011.79,63,17.04,STORMY
154,1/7/2023,9:00:00,Winter,1.0,Saturday,9.4,1004,91.69,12.78,rainy
1781,3/16/2023,4:00:00,SPRING,3.0,Thursday,15.82,1006.27,47.83,11.73,Cludy
867,2/6/2023,2:00:00,Winter,2.0,MONDAY,8.88,1002.31,48.82,12.79,Cludy
2791,4/27/2023,6:00:00,Spring,4.0,Thursday,24.63,1005.22,25.86,26.16,Windy
75,1/4/2023,2:00:00,Winter,1.0,Wednesday,12.5,1015.46,67.19,15.78,Windy
2225,4/3/2023,16:00:00,Spring,4.0,Monday,20.65,1015.44,39.14,15.74,Cludy
339,1/15/2023,2:00:00,Winter,1.0,sunday,10.71,1019.07,46.35,3.55,Rainy 
1285,2/23/2023,12:00:00,Winter,2.0,Thursday,10.4,1018.83,44.61,8.05,SUNNY
